id,lr,hgb,rf,et,gnb,dt,knn,label
001f910b-a19c-4c82-adb4-04d07aea5a89,0.02562932832279418,0.0007785993161910998,0.104,0.024,0.0,0.34732824427480924,0.02,0
00490a9b-9e03-409f-afba-dc1128d007dd,0.02559214934302793,0.0004056107556570685,0.052,0.036,0.0,0.0,0.06,0
005e43a2-6a3d-4237-851f-92d2ccfb060a,0.0006352881135509681,0.012088475481581094,0.352,0.176,1.0,0.4678663239074546,0.2,1
0098474f-1139-4c30-aa47-22ad3fda4b8f,0.013163150277512428,0.02119395635225994,0.152,0.096,0.0,0.0,0.24,0
00d55fbd-c109-4eb6-989b-605aeaffd981,0.0016547667159593333,0.01719955436589663,0.164,0.06,0.0,0.0,0.1,0
00f75d0a-34f9-4eb5-9419-d422a136022c,1.8133847992380023e-09,0.0014252118060796948,0.18,0.064,0.0,0.7492083597213433,0.18,0
01019aa8-5e23-422e-8ff9-aafb017c66f7,0.004943438519230029,0.004747319323261176,0.124,0.092,1.0,0.5432835820895522,0.04,0
012482cb-26c0-4617-825e-c59d59323890,0.8772168749062773,0.00028700775464022573,0.096,0.116,1.0,0.0,0.12,1
01378b0f-c978-4a50-9787-c6f947abb413,4.328462941070277e-06,0.001255339068619018,0.184,0.052,1.0,0.31487889273356406,0.1,0
0150186a-1572-405f-94f5-65b93d40573c,1.425513142554853e-06,0.0007095977003704397,0.048,0.02,0.0,0.0,0.02,0
015ce771-36d8-455d-b989-3443872ff3d1,5.855818198270723e-08,0.008109985249882674,0.28,0.14,0.0,0.7520661157024793,0.24,0
01ada5f7-b61a-4992-a231-c0b4edc9902e,0.0017464781698474585,0.003466036134657115,0.196,0.088,1.0,0.8348623853210996,0.12,0
01b588d1-c179-4047-8797-1df4114dbd53,3.3642888463843024e-09,0.0003110976627349418,0.108,0.036,0.0,0.0,0.04,0
01df7c2b-d86f-42f1-ad72-7190250a24d0,0.0008939024517807041,0.0003497580272096872,0.088,0.044,0.0,0.0,0.06,0
0208be44-bc06-4ac1-867f-803dabdcab43,0.5694024624015349,0.0007605971516445149,0.112,0.048,0.0,0.0,0.12,0
022d8177-b699-41c7-b878-028426ef7305,0.6610709008292579,0.15265794549070363,0.472,0.228,1.0,0.24010554089709743,0.18,0
025df738-8408-476c-9d45-f1f77ecef806,0.00012030601448683542,0.0017931917436766237,0.064,0.068,0.0,0.0,0.04,0
025ff581-c1b6-4d8e-9638-0460fae7492f,0.09640805261510928,0.01532639041481968,0.2,0.128,0.0,0.0,0.22,0
0274c465-a4a1-44d7-9a1b-0d3b64cff02c,1.4529527040942147e-06,0.0011827339593005108,0.144,0.068,0.0,0.8762035763411277,0.18,0
02a3c24e-fb4b-40d8-9a69-386c3ec01ec7,0.9979256697496546,0.1812769273165944,0.5,0.324,0.0,0.8348623853210996,0.24,0
02ad0014-ad3c-412a-852b-cd7336578bba,3.5239896849468277e-07,0.0013193534826877668,0.108,0.072,0.0,0.7547393364928913,0.04,0
02babbe2-196e-4963-8f1b-e1b2a194b2bd,0.025015067628688003,0.0011437580698800064,0.144,0.072,1.0,0.0,0.24,0
02ed0cd0-7d0a-45b3-afac-02ceb5d3c01a,0.00012154687827593241,0.0007300428252837967,0.148,0.084,1.0,0.0,0.16,0
03585e63-022d-4df6-a5b9-a193d1ab7c98,5.140545976875895e-06,0.0007309986841975781,0.104,0.092,1.0,0.0,0.12,0
038b7ed9-8712-42a8-a11b-8516ef35185f,0.11542709264526692,0.022962095101864262,0.248,0.124,0.0,0.8114132857779743,0.2,0
03d86cab-7c09-4140-b4e2-462ad9517316,2.760665155428949e-06,0.014284367171013048,0.168,0.056,1.0,0.379958246346555,0.08,0
03fbaa8a-3c4f-45df-9dfe-2b79b3c3886c,0.2685594315161153,0.15830824331800533,0.436,0.16,1.0,0.8114132857779743,0.22,1
04100948-595d-4f37-9254-5defcb8d30bb,0.0016610834137750475,0.007486583297891276,0.148,0.116,1.0,0.0,0.28,0
043e2a2f-bef0-4a8d-9247-bdff1675996d,0.05214910484240096,0.0018873831231581118,0.124,0.076,0.0,0.379958246346555,0.08,0
04419d70-db67-40c2-9e51-5e0d6c015113,3.1099535523374394e-09,0.0007839938433260214,0.152,0.048,0.0,0.0,0.04,0
04457f82-e808-4788-a8b9-7aa4e9ab8e22,1.8653326344572078e-07,0.006371237800672704,0.188,0.092,0.0,0.7547393364928913,0.12,0
045ee4ea-c6f5-4a60-84ab-b4d5cb6228f2,0.9334131422757025,0.00035477385012969246,0.144,0.04,0.0,0.0,0.1,0
04a6d3cc-99cc-49cf-8ce8-302fac4654bf,0.00865709576976889,0.0007957200525064734,0.136,0.056,0.0,0.0,0.1,0
04d43e64-e9f4-4684-b82f-66b204050298,2.478468208129633e-06,0.0005243473845608216,0.1,0.096,0.0,0.0,0.2,0
0501a97a-5a42-42be-9d25-bf60e0e37e13,1.1279702335542909e-05,0.0035913150435599108,0.208,0.132,1.0,0.0,0.22,0
053cf9cd-262d-4fce-b65d-60ee59d7fc13,2.1697675393569146e-07,0.007131087939241689,0.264,0.132,0.0,0.490566037735849,0.12,0
0554a148-415c-4203-ae26-a2ef6e25e5c2,9.035979010289872e-05,0.014187577644855846,0.24,0.092,0.0,0.490566037735849,0.14,1
056e18b0-8424-4fac-bece-fe84fc443e89,3.4627356460308113e-09,0.0011663769028181284,0.164,0.048,0.0,0.7165354330708658,0.12,0
056e9e0a-246c-40ce-9817-48da7677cc02,0.9951844966751218,0.0004868485641210976,0.124,0.052,1.0,0.0,0.16,0
057b4a02-7d6e-4aa1-bf64-86cc96aa0836,0.07678078928785748,0.0021741184610917226,0.28,0.136,0.0,0.490566037735849,0.22,0
057b67e8-7ce6-4740-acf1-1d96d6ef2284,9.680836490724232e-07,0.00027422877393787294,0.1,0.064,0.0,0.0,0.12,0
059d8b6a-6cf9-48e7-be22-0439c46d2760,1.356301242720692e-10,0.002682407490481742,0.076,0.072,0.0,0.8348623853210996,0.12,0
05bde9d9-ff6f-4dc6-b64d-5e39d2dbd863,0.010701303710443723,0.01314756424908394,0.136,0.092,0.0,0.8584905660377361,0.1,0
05cc50b1-07df-4459-bbf1-ec00018062f0,6.465920607185308e-05,0.003732640686795117,0.192,0.092,0.0,0.0,0.12,0
05e5f937-e3ed-4b62-9e3e-a3ddb4d11819,8.33384188603562e-06,0.0020895709573658526,0.216,0.12,0.0,0.17704280155642,0.18,0
063dc3c2-af05-4cfc-a106-70acb8d28ee1,0.004614226614796464,0.0007530276137708401,0.172,0.072,1.0,0.0,0.14,0
0658a35c-63e8-4689-801c-6420b9ba4883,0.0004908900403615917,0.0014729509419558213,0.132,0.048,0.0,0.0,0.06,1
06a64613-9cfc-4a95-8615-fcaed9b59d0d,0.015895210937362653,0.003380869939964208,0.196,0.128,1.0,0.0,0.12,0
06eaae58-f56c-4fc0-9d35-d9ff18dbff7e,2.8332950353343137e-11,0.0005971129276639499,0.092,0.064,0.0,0.0,0.16,0
071094ea-a1c5-40e7-a500-32d9a7a982e3,0.11394024382353346,0.0030778573596959486,0.204,0.092,1.0,0.7520661157024793,0.16,0
0716946c-0272-42a8-a035-d6150e182586,0.6978025918801315,0.0002732592293939821,0.152,0.068,1.0,0.0,0.1,0
071a34c3-fb15-4067-9244-f6868da8c100,3.752520461648069e-05,0.002943424360418083,0.152,0.068,1.0,0.0,0.14,0
074553a8-d5e5-455f-915f-da996f40fc42,4.908810652253364e-08,0.0004573113538011249,0.076,0.02,0.0,0.0,0.06,0
0753c029-856f-4c35-a32a-840457fb8250,5.7696684653471665e-09,0.0013588323594831426,0.14,0.072,0.0,0.749742533470649,0.08,0
076de50a-21d2-48f2-8818-16c21f4ee31d,0.7286296479180047,0.003335389085518379,0.224,0.12,1.0,0.0,0.12,0
07e4bcf5-a046-4a7f-a829-1b218ff073e8,0.03884114367428263,0.05632743358903951,0.356,0.224,0.0,0.749742533470649,0.3,0
087fe4d4-d15d-4b0a-b47e-212f9f621783,5.905248660824036e-05,0.001971266136252509,0.072,0.028,1.0,0.0,0.02,1
0882d424-fd43-493d-972c-80f9c5cb7290,1.1717713615055977e-06,0.0004511194253645773,0.12,0.076,0.0,0.0,0.1,0
088fa1f7-7765-425b-87b7-7d6aa28ebc44,0.0002079977796330304,0.001423826953649207,0.152,0.064,1.0,0.24010554089709743,0.14,0
08c1fc40-96c1-43a9-a485-4f3c7f9a3dbe,0.006919988568609444,0.0005012917474233556,0.124,0.044,1.0,0.0,0.16,0
08f1cbc7-9a4d-4683-89dc-97a4339ef96e,0.9847416593629921,0.02072757231991171,0.392,0.228,1.0,0.0,0.22,0
09254b15-0125-45ea-8f39-69577d331eae,0.005867747886613499,0.0060461588317867795,0.284,0.164,0.0,0.0,0.16,0
095491a2-e869-4c48-a64f-3d0c903bf500,5.429720483364713e-06,0.0003340923210016293,0.088,0.064,0.0,0.8762035763411277,0.08,0
098c420b-2cbb-4f25-94f5-683cfb836a9d,0.00043266379331389457,0.0007980453984159124,0.08,0.044,0.0,0.0,0.08,0
098ccf64-4d4f-4555-8991-a794f6a6dd75,0.8505069958906349,0.10156713927651753,0.328,0.16,1.0,0.7492083597213433,0.26,0
099daacd-b1c1-41e2-92d3-c3336374edcb,0.0003271838838347164,0.0013060215436920247,0.12,0.048,0.0,0.0,0.08,0
09a79382-b124-4e8d-bdbf-3f53acc33c98,0.12300911599625716,0.00019442059810205082,0.068,0.044,1.0,0.0,0.06,0
09bf5f2f-58d3-4811-9c25-cce7a3b867f1,5.266952619849479e-12,0.0007696004594433216,0.088,0.056,0.0,0.0,0.04,0
09ef8d7b-f335-4926-8227-7546fa1883c4,0.00021144921869098337,0.0010627587409878477,0.164,0.08,0.0,0.0,0.18,0
09f647f2-e63a-4dde-8482-4639cab3f862,0.04512913038068268,0.003916520031296202,0.172,0.072,1.0,0.0,0.2,0
0a0df52e-ec5e-4bb9-94d6-490eb4c99171,1.7624085665147508e-05,0.003090235752035706,0.148,0.116,1.0,0.7520661157024793,0.16,1
0a87d96e-c85f-491e-b233-2b28b4333ea8,0.3615803068069056,0.01775232709079981,0.224,0.136,1.0,0.0,0.26,0
0a947d25-9f1a-4061-972b-3e9f68368128,1.3081002277636736e-07,0.00029677890468984174,0.084,0.048,0.0,0.0,0.12,0
0a9503a7-6dd7-4330-93ad-6623e099b6aa,0.0006614137053471964,0.0016812118211066054,0.256,0.108,0.0,0.0,0.18,0
0ab11391-8376-4833-8f3f-efac44ad3924,0.028456575639259702,0.0720771704078339,0.396,0.244,0.0,0.7492083597213433,0.22,0
0ab1310d-8679-4b56-a17a-2a55f17b0c67,0.05137194312027375,0.007608173946766826,0.244,0.18,1.0,0.0,0.14,0
0addd932-677e-4992-b7a2-f7bfdf3fc32f,0.011791972413515359,0.010108699780558405,0.212,0.172,1.0,0.0,0.16,0
0af157fc-8bbe-4543-95a1-ffdd517ad63a,3.993832043978322e-07,0.002700601145463527,0.104,0.072,0.0,0.0,0.06,0
0b34e60a-c7d2-4dc2-8333-43c34646151d,0.12456965272776387,0.00025402509369079477,0.084,0.036,1.0,0.0,0.04,0
0b514ac9-a16b-4621-832f-ba4d0de038a5,3.7462667612109473e-06,0.0002875966736102657,0.096,0.032,0.0,0.7492083597213433,0.04,0
0bd01837-4a32-4a3a-a9ba-95a7f8ba0b8f,0.0007025119445786577,0.020135451662441586,0.208,0.116,0.0,0.8114132857779743,0.14,0
0bdf60ab-9233-46dd-874b-b7a79e148ee4,4.28578927683058e-06,0.0014507358189407727,0.128,0.052,0.0,0.0,0.04,0
0bdf851c-1fe3-4a76-918a-cfd2937d7b9f,0.07142127309968861,0.0012931536437698757,0.06,0.044,0.0,0.0,0.1,0
0bf571e9-e381-4b1a-bca7-24578e7e3724,0.12939165777252462,0.8223580149888371,0.496,0.344,0.0,0.17704280155642,0.24,1
0c3b8607-5069-422e-b72f-a26553638219,7.223173832791881e-08,0.002003512760937698,0.132,0.052,0.0,0.5432835820895522,0.04,0
0c73bd44-e307-425c-b7ba-4abf7f8a7a05,0.0002443314913780306,0.0017483701501824057,0.152,0.056,0.0,0.0,0.12,0
0cd5d60d-4a6f-400f-842b-d14fa5203018,0.00665152866505124,0.05062174064797585,0.292,0.092,0.0,0.5290697674418604,0.16,0
0cf447ff-02ca-4235-bf87-9361a0a1be91,0.00046310594115049104,0.0006315285481968769,0.124,0.056,0.0,0.0,0.14,0
0cfb5265-cb78-4b69-b9d8-01f77da41ee7,0.005485576706688097,0.07133310930745997,0.3,0.208,0.0,0.24010554089709743,0.14,0
0d452f88-5fdb-43b5-b0c0-0aee70c91499,0.30959271595381016,0.0589944027871035,0.328,0.164,1.0,0.8348623853210996,0.16,1
0d77f709-2762-4a01-9742-5d3da2d558e7,0.31876267276389864,0.187088354442664,0.34,0.16,1.0,0.8348623853210996,0.26,0
0dac2867-f1ae-4ff5-8d47-a1c5b9edee6a,0.0003684715445880461,0.00048258307885579404,0.072,0.004,0.0,0.0,0.02,0
0dcc35cf-059e-45a8-a85c-0b9305934c13,3.998817966938889e-10,0.001613755966055106,0.144,0.084,0.0,0.6967840735068914,0.14,0
0de3d423-b486-4771-bfd7-29a434ea6e24,0.0020967790745675145,0.00017763895397870672,0.052,0.0,1.0,0.7492083597213433,0.16,0
0dfbf6b5-d6cd-45c3-bcc6-9da8225d5b37,0.0008915385647102202,0.0014194338575952922,0.124,0.08,0.0,0.0,0.12,0
0e1cad69-aded-4ddf-877e-05278a46720d,3.942260170785293e-07,0.008511796083587715,0.184,0.128,0.0,0.8114132857779743,0.14,0
0e35158a-5ac1-40df-8e77-1726b3b929a7,0.3785291337782216,0.020884550903251236,0.324,0.16,0.0,0.0,0.08,1
0f2fd9e3-70b8-4911-b5d7-4e0daef499c3,6.562340185865982e-06,0.0014097778998504807,0.144,0.068,0.0,0.0,0.12,0
0fbf29fb-ebff-44be-a48f-ac49e1dbe43a,0.9980040021691449,0.04279756311417026,0.488,0.244,1.0,0.8348623853210996,0.22,0
0fe9fcdf-eb06-4e2c-88d8-04468b427298,0.24018237044181096,0.0036961295229246075,0.24,0.152,1.0,0.0,0.16,1
1015facd-4b95-4691-9019-624fe020481c,6.578266904102694e-05,0.0004340051180859359,0.028,0.02,0.0,0.0,0.08,0
10316e49-8362-4388-b855-e2f66e44e12c,5.375251068641052e-05,0.0060467251675416275,0.188,0.1,0.0,0.0,0.08,0
1096a49c-8023-48e4-8629-36aba77b4b25,0.00022881841053426852,0.001952270648314546,0.244,0.148,1.0,0.7492083597213433,0.12,0
10a2881d-31b7-48ed-937f-f60dd1d026b7,0.9980922759058956,0.7563282587238694,0.412,0.208,1.0,0.8348623853210996,0.22,0
10cd4138-ca98-4336-9cbe-31165cba2186,0.7734311615625216,0.07397117609886122,0.384,0.296,1.0,0.17704280155642,0.22,0
10e5e2a4-7167-4e74-9168-d3b989acef15,4.823185227837313e-10,0.018176949244666972,0.268,0.168,0.0,0.8348623853210996,0.22,0
111008f1-5f0d-40b4-badf-f094a4c5ec3c,2.40517461160022e-07,5.338313752431962e-05,0.12,0.028,1.0,0.0,0.08,0
11354f1a-a1d2-4d6e-b1dd-765a5e83e317,9.248423835123682e-05,0.0005776342298376938,0.052,0.032,1.0,0.0,0.06,0
1137ad7d-af06-4f3e-9cfd-b4c47df0c105,7.526348989046384e-07,0.0005514818028676567,0.092,0.028,0.0,0.0,0.12,0
113e5cc5-bfd8-4beb-825c-7ab96f8c554d,4.138962469737321e-10,7.119416479084744e-05,0.06,0.02,0.0,0.0,0.06,0
117f0f6d-f48c-4da5-b107-ec90d7953a8d,0.344197176086556,0.004253592914479684,0.14,0.088,0.0,0.0,0.14,0
11877df6-3056-498b-b884-e45496d7c67d,0.0011159608541838177,0.008993723547833071,0.312,0.116,1.0,0.8348623853210996,0.2,0
11ba191f-a74d-45b2-9a68-b96bec72daff,0.0001971841022526755,0.0022714130808007276,0.164,0.104,0.0,0.0,0.12,0
11dbffe1-5c61-498a-b385-b7a47414c0f5,0.033909559252333875,0.0018755241252242092,0.12,0.092,0.0,0.0,0.26,0
120bb066-5a64-4e00-8990-97b389af59ce,0.014280943750228607,0.000629808243796895,0.132,0.08,0.0,0.17704280155642,0.12,0
125b9772-5b74-426b-9594-eab31d0d1c71,0.0020073435256689875,0.0009583601740461433,0.096,0.032,0.0,0.0,0.08,0
1276dc85-b94c-46e9-9527-f9a4229f55d1,3.778733504220379e-05,0.0015860070944436321,0.132,0.044,0.0,0.0,0.04,0
12f92a96-331a-4dc3-9e71-53519cd117c1,0.0012490022137177734,0.0354139344951141,0.416,0.232,0.0,0.8114132857779743,0.22,1
1342f3fb-7def-4571-906e-285cb4b77044,0.01772426653002586,0.0009592714451689076,0.232,0.132,0.0,0.4678663239074546,0.12,0
13605857-8313-43be-aeac-55685d4e1446,1.0170830811311099e-08,0.0003470029545849179,0.14,0.06,0.0,0.0,0.1,0
1389e473-757e-469f-97c5-c8f26ed3ef15,5.7623451917823243e-08,0.004133769539098161,0.12,0.04,0.0,0.6967840735068914,0.06,0
13e28312-65a1-4e1f-9216-a04b826414f9,0.0014826565869724673,0.00040765787513131167,0.112,0.048,0.0,0.0,0.12,0
14b17e46-14f9-4445-9fef-d7724ea569b9,3.963983283148775e-05,0.0002388301943219057,0.12,0.092,0.0,0.0,0.18,0
14d1fe0a-8af5-4e0f-bbfd-214bbbb249bc,0.03154776915073937,0.000395843883648382,0.108,0.036,0.0,0.0,0.08,0
14e07352-e0de-4962-b662-338b68dfa64f,0.8499320564063917,0.07123775982320506,0.364,0.208,0.0,0.24010554089709743,0.18,1
14f6ed20-3f0f-4ce9-8e6d-c84cc32c7640,0.0008036392442168774,0.0010783031796229394,0.104,0.068,1.0,0.0,0.18,0
150037f4-0dca-47e6-9923-49c361e0e054,0.37316395941755987,0.0002650783415700995,0.144,0.036,0.0,0.0,0.04,0
152f7625-7458-4abd-9c05-160894f68946,0.000721323963978965,0.00020395614828171412,0.052,0.024,0.0,0.0,0.02,0
1551a5cb-c839-43fa-969f-c9ab4b6a08b3,3.3620184408843466e-08,0.0001164868609014949,0.068,0.028,0.0,0.0,0.04,0
156638da-e7d3-40b7-b306-0644510a32cd,0.004799139128613452,0.012960881839445711,0.228,0.148,1.0,0.24010554089709754,0.2,0
15b723fa-299c-4ab8-b91f-df4c3a6104a0,2.5048134276774417e-05,0.0011816383574710235,0.188,0.088,0.0,0.0,0.14,0
15b84c1a-3e12-4fc9-be07-801fc67d7f98,0.04032840730909917,0.03473568305820121,0.2,0.092,0.0,0.7492083597213433,0.1,0
1654955b-05c4-47a0-a9c2-0af309b418f4,7.909355076328531e-07,0.0006333013252417117,0.072,0.032,0.0,0.0,0.14,0
168eaa51-ee2f-47ac-a37c-6ec4f4904959,5.444509880105903e-07,0.00022381505783818518,0.08,0.06,0.0,0.0,0.12,0
16b5a930-ca55-4273-87d5-7f9bd1fc8935,0.1654527208701597,0.000620910416309279,0.148,0.036,1.0,0.0,0.12,1
16dccda7-b408-4414-9a55-f1804d0e35cf,1.2114270302934583e-06,0.00024704881550408325,0.132,0.044,0.0,0.0,0.08,0
16e37e97-d163-4b0a-a7d7-bf476928487a,0.5167218932124202,0.014498993380541423,0.212,0.12,0.0,0.0,0.2,0
17177f35-9337-4fd4-b2f2-e388ae4d2084,0.07642771047398635,0.02467597218742579,0.36,0.116,1.0,0.7520661157024793,0.16,0
17236201-5776-4c0b-a6f0-09c9e28a329b,0.7819187593375638,0.6815956042935812,0.652,0.312,1.0,0.8114132857779743,0.2,0
1743bf40-3769-41bc-99ac-81d2e3184c2a,0.0004022706835714784,0.00023570735861870503,0.052,0.04,0.0,0.0,0.04,0
17954688-dd11-4c51-9f02-a6dd976357f3,2.496075473856674e-05,0.002531533153425984,0.108,0.02,0.0,0.0,0.08,0
180a0429-3f97-4c1b-b111-a62d27b52bc4,0.4867145784045094,0.0013495030064440761,0.176,0.104,1.0,0.0,0.12,0
1817e991-2b29-47e3-93d6-2ef12766db61,0.0006914554046132776,0.0002738419779590871,0.172,0.112,0.0,0.0,0.12,0
18b3f6c2-da77-4b20-bc26-f2b88ebe498f,0.00010885910567376494,0.00022140299985809662,0.096,0.032,0.0,0.0,0.08,0
18f41c84-4a6d-4cf9-bef0-c59ed0670a5c,0.482553330587064,0.010991357215987738,0.324,0.22,1.0,0.0,0.16,0
19174476-ad25-416f-b03f-3b409edd5558,6.0536513768444425e-05,0.012842546022586134,0.24,0.108,1.0,0.0,0.12,0
1959aee7-cf3e-42bb-8372-e2eefb5ecce2,0.0006537301498277942,0.0034503758455852163,0.264,0.18,1.0,0.0,0.18,0
19aed062-d753-47ae-be3a-7ba557597bed,0.18574904440397927,0.005617661990371375,0.356,0.14,1.0,0.9491525423728812,0.22,0
19b43968-7383-46f6-8e86-cf0d4d2bad49,1.605203543150119e-08,0.0005829591104786836,0.084,0.052,0.0,0.0,0.1,0
19deac6e-6286-45eb-999f-318dafb70d43,0.06615169128664986,0.019446179268291345,0.268,0.136,1.0,0.4678663239074546,0.14,0
1a07f9d3-1c45-4bdd-a7c0-8a7725fb2496,3.7343547662615756e-05,0.0009914381239150257,0.192,0.096,0.0,0.0,0.08,0
1a184304-ffbe-4154-9f17-814e1629f0aa,0.0005241738012581465,0.0039173880292991785,0.268,0.128,0.0,0.379958246346555,0.18,0
1a222bd9-f826-4460-9af6-ca1c6c491500,0.1745713615263316,0.1092110961801476,0.28,0.152,1.0,0.3473282442748092,0.2,1
1a24793e-5df4-401d-910e-9314fbbeb28d,0.09415318773682783,0.019998224528582954,0.204,0.152,0.0,0.8348623853210996,0.14,0
1a2bb442-87d3-4ad8-9639-4c5a5d34c2ab,0.00020199339907634562,0.014529646969439067,0.152,0.092,0.0,0.0,0.1,0
1a3a270a-0428-4e57-b49c-afed5d3532bf,2.5034758744730496e-08,0.0020768997556994176,0.136,0.092,0.0,0.34732824427480924,0.16,0
1a43f51a-5c34-4dd3-be89-cd7a25002485,0.0026454127880458185,0.019570417259098284,0.272,0.14,0.0,0.0,0.28,0
1a64fcfc-d6ea-425a-be8d-a375ef6a7a01,1.629557558589026e-05,0.00011338035572416795,0.1,0.052,1.0,0.0,0.1,0
1a6e0127-6bed-4d2a-923e-2db0c6b3b69c,0.0075813917815120225,0.0011049095782465043,0.1,0.044,1.0,0.6967840735068914,0.06,0
1ab67494-ef4e-43dd-bf8d-211d32a3802e,0.8824200687427394,0.00875799597006276,0.168,0.124,1.0,0.0,0.14,0
1af383a7-3a87-40e7-814a-a82a525386b4,0.06709096144657892,0.25966258493462135,0.452,0.24,1.0,0.9293008641005499,0.22,0
1b09d8bc-b1ab-452a-9f8e-0488733dd547,0.9620785028130577,0.14699292627478294,0.368,0.296,0.0,0.8348623853210996,0.2,0
1b1ad878-c0aa-4ed7-bbb0-e376fed2f6f2,6.691275154398031e-05,0.004802245524915958,0.268,0.104,0.0,0.8114132857779743,0.18,0
1b1b6953-2a82-4187-89ec-38fc7c5b7376,9.689482795736402e-05,0.0020168589645906247,0.112,0.052,0.0,0.0,0.1,0
1b302cfd-e1ff-45cf-8539-cd4be4d0bc7d,6.253682730031677e-08,0.0001362166810844318,0.088,0.032,0.0,0.0,0.02,0
1b3fac96-005c-43e7-9811-6460e2a38122,0.11446751931916599,0.002819754792145644,0.116,0.048,0.0,0.0,0.08,0
1b434da7-8f06-4f9a-8e6a-4cf3d0a06464,3.7377945127563016e-07,0.00021920583017360888,0.04,0.028,0.0,0.0,0.1,0
1b679213-7457-4eba-8d0e-72c25447ae7e,2.104147937274795e-07,0.00017139971205962007,0.06,0.012,0.0,0.0,0.06,0
1b8074a2-9e3b-4605-a991-8d87a2f4f727,0.04612664913414567,0.0004448661711014094,0.072,0.036,0.0,0.0,0.1,0
1bbfc7b9-8741-4fe5-8b18-95094984d0ba,7.832326129441625e-07,0.00013284902827942184,0.108,0.036,0.0,0.0,0.1,0
1bc6b19b-3605-44af-a4f4-b1ba252e1e35,3.2035210815921906e-08,0.0024356031109751325,0.128,0.036,0.0,0.0,0.06,0
1bcc3f75-769c-4ba3-869e-76f7115b5aa7,8.855877338496201e-12,0.00011468142728559555,0.048,0.016,0.0,0.0,0.04,0
1c0b7583-7ef9-45c1-a179-e1eb51088ec7,0.006149500485740636,0.0008247229582490137,0.168,0.092,0.0,0.8348623853210996,0.08,0
1c0d2790-bd0c-41fc-8c3b-a98fa7136128,0.21636307327151616,0.00013639144796703307,0.112,0.028,0.0,0.0,0.08,0
1c17d2e6-aaeb-4bb6-bc84-9ff731b25e7d,1.6608363793094113e-05,0.00039105290548952626,0.116,0.032,0.0,0.0,0.08,0
1c6b8616-9c50-4a38-8620-b7acc0090097,7.190751375241952e-09,0.0013768155064749182,0.1,0.06,0.0,0.31487889273356406,0.16,0
1c85cb59-4461-4478-a7be-0f83533de729,1.6169910861556571e-06,0.0004001486873041494,0.088,0.052,0.0,0.0,0.12,0
1cefa210-8362-48ca-8d38-158923cf5d58,1.085232089148979e-06,7.214552262095555e-05,0.128,0.056,0.0,0.0,0.14,0
1d059554-c614-4c6c-a54d-4f31da8a4822,0.035731716191277456,0.01426403803694447,0.316,0.116,0.0,0.5290697674418604,0.18,0
1dad9509-8b6e-4649-b251-26646ca631dd,3.7391861976715747e-06,0.0003775840190026972,0.104,0.044,0.0,0.0,0.08,0
1dcf4c10-b5bc-4573-88cf-59317dcebffc,0.9878459799089595,0.05760956599133479,0.324,0.136,1.0,0.0,0.18,0
1ddb6342-8735-4bfe-b561-ea7d9237f1e8,4.0067661468320855e-06,0.00021354386833868488,0.072,0.02,1.0,0.0,0.02,0
1e088ae9-d69a-4f1f-80ce-c0e1a19d99cb,0.006122217404767761,0.00025266750262977833,0.144,0.08,0.0,0.0,0.1,0
1e172832-9669-45a9-970e-428da4d0e1ab,0.001365421555354962,0.0007143883899035133,0.056,0.032,1.0,0.0,0.14,0
1e3843ad-c1a5-4922-9e89-eb7453f4d826,0.230544141175035,0.0005595822809825135,0.144,0.068,1.0,0.379958246346555,0.12,0
1e8d8d05-814a-4eb2-9c61-f0a7cbc6919c,0.0035264027787358177,0.009926575648602632,0.184,0.088,1.0,0.0,0.12,0
1ecd16f5-ff1d-40f1-bdc3-3fc7b9ecb569,1.3195683898251837e-05,0.0019276016300076653,0.216,0.108,1.0,0.0,0.22,0
1f0ab47b-9b5c-48ba-a881-60a3795c11d7,0.00023898197969271493,0.10000475999311646,0.192,0.14,0.0,0.8348623853210996,0.1,0
1f23d3c8-2caf-4418-9046-46a3bc4adb85,5.249743626933862e-06,0.0063723766252587865,0.236,0.12,0.0,0.0,0.18,0
1f4b4f87-97f6-4140-ac18-5ec838775755,8.721639485857313e-10,0.0036268967432735054,0.124,0.064,0.0,0.0,0.02,0
1f73a162-56ba-4902-ac13-0efbe9102c5c,0.7528186995068143,0.012838057987969543,0.276,0.192,1.0,0.0,0.18,0
1f7c7d60-f08b-4e4f-9dd7-55ce028eb380,0.008919000886826237,0.004106845269722529,0.1,0.04,1.0,0.0,0.12,0
1fa1f177-8e70-4454-a4b3-fe6e0719a373,0.9899433158533056,0.2531564490663051,0.32,0.152,0.0,0.8114132857779743,0.14,0
1fe0a2e7-d088-48f7-b230-b68ebebe2ad5,0.0018341090551050319,0.00020229445971924845,0.096,0.024,0.0,0.0,0.12,0
20583247-930f-44b7-bc0c-e5207f22e928,1.4518397563043334e-10,0.0002393639790930584,0.064,0.036,0.0,0.7520661157024793,0.1,0
2063ae46-7414-4beb-a779-bddb1f7f96a5,0.5567683445822451,0.013352514243368203,0.212,0.088,1.0,0.0,0.2,1
20706cdc-7728-4d97-95ae-92ba27be862c,0.005903816068275594,0.0016088617209192013,0.204,0.092,1.0,0.7520661157024793,0.2,0
21ac7ccf-161f-46bd-9fff-d3d591d965ef,4.1051367740739287e-07,0.0004616788532844816,0.132,0.052,0.0,0.0,0.12,0
227318d4-9436-46cc-9dc6-5ead9c51148f,0.8686765041810581,0.013696000780189553,0.168,0.112,0.0,0.7492083597213433,0.18,0
2284e520-f4d1-4843-afbb-c9beb71e637a,6.355144404488619e-05,0.011139492269632274,0.16,0.08,0.0,0.24010554089709754,0.16,0
22b4a5eb-b961-4975-8189-f0f97f5bf7bb,0.17080085222180608,0.0011070231315245106,0.148,0.08,0.0,0.34732824427480924,0.14,0
22d4ea61-63d1-4d3e-a25d-351fa5ff2a06,0.015820873433374228,0.0034732063423438945,0.24,0.152,0.0,0.17704280155642,0.2,0
22e31f4c-1f30-47cf-858c-c088eae792be,0.000479724600681401,0.0015710710310439067,0.14,0.052,1.0,0.6408450704225349,0.12,0
22fcd113-afe9-42eb-a20b-95c91e7e52fc,2.1418563944539036e-06,0.00256417658646832,0.156,0.036,1.0,0.0,0.08,0
230c3202-a60f-47af-a6d9-b8328850b91c,3.6887010074142354e-05,0.0004158960471385277,0.064,0.032,0.0,0.490566037735849,0.12,1
239b91d7-8326-4dc8-9a10-50fd3367de3c,0.8383565613395624,0.012023186810020058,0.384,0.208,1.0,0.8114132857779743,0.22,1
23e6237a-55c0-40e1-88e4-f1236800e691,0.03655266155660679,0.0016180561557756173,0.248,0.184,0.0,0.0,0.2,0
244e6d03-8db6-4a7f-8d8b-8084abd46a51,0.0022723630750930606,9.183574883816356e-05,0.088,0.044,0.0,0.0,0.04,0
249a5fbf-d33a-4267-8b28-f6966fa839f4,2.293085517861431e-08,0.008436961074790398,0.132,0.072,0.0,0.0,0.12,0
24f61953-ba26-466a-ba39-00d90c3887a5,5.753589323797347e-09,0.0012949470657542292,0.12,0.06,1.0,0.0,0.18,0
2545dade-3173-4087-ae46-f4f074fde84e,0.9993803730264266,0.030703488254436133,0.372,0.224,1.0,0.5290697674418604,0.24,0
254c13bc-a704-420b-a561-063cff98f7df,1.2345317669774037e-05,0.0018946968237785011,0.124,0.068,0.0,0.0,0.06,0
25ef02d5-d402-4348-8a32-5dba3352ca47,0.452424192821723,0.06833687683783443,0.308,0.2,0.0,0.8348623853210996,0.12,0
260b65da-d0ef-4463-acdc-6f88f08ca1f4,0.0001282015193674358,0.00023356324078784038,0.116,0.04,0.0,0.0,0.16,0
26328e93-9b6a-4e0b-97af-9fd6c7877394,4.371451884180281e-09,4.06027165091133e-05,0.084,0.06,0.0,0.0,0.12,0
26335981-5412-40d5-b4eb-624102f60d49,0.00021748178210011457,0.00025374898375428646,0.052,0.036,0.0,0.0,0.04,0
2687c6c0-576c-4dd9-8477-440ca1c5df9e,0.6778509641768017,0.12309563954927782,0.496,0.228,1.0,0.8348623853210996,0.2,0
2690a2a1-f2d6-4730-9c7c-be0fe7da8ba6,5.891591397689107e-16,0.000271211284687513,0.08,0.016,0.0,0.0,0.16,0
26a416af-4736-46ba-ba24-3c6594e03e25,7.059814837151125e-09,0.0009705024793184502,0.056,0.024,1.0,0.0,0.08,0
26e17df4-c9de-47bf-bb3d-4ad62a693991,0.12534726054605685,0.008626325092659745,0.184,0.092,0.0,0.5432835820895522,0.16,0
27096831-ab6a-413b-b9fa-f361a7ca242b,1.408403119949527e-06,0.0005403504078722006,0.196,0.092,0.0,0.0,0.2,0
2725e573-f587-44bd-a62b-695a707f6be6,2.402293773832655e-14,0.00011506662753906376,0.06,0.012,0.0,0.0,0.0,0
27308a44-9f7f-4ed4-afa3-77391f5c3e49,0.0033107718288749744,0.17288788141422265,0.192,0.1,0.0,0.8114132857779743,0.1,1
27358c4e-1376-497b-9bea-a146c9596f8d,0.00038222903465737396,0.0004444753236348862,0.176,0.064,0.0,0.24010554089709743,0.16,0
27571d10-b7d0-42fe-9cb6-3938aec602d0,0.0007804448223309404,0.5245215678055298,0.216,0.088,1.0,0.8114132857779743,0.16,0
27677faf-5d5e-443c-bd3a-088761c12d70,0.03024143523610875,0.006362970941080955,0.12,0.028,0.0,0.379958246346555,0.08,0
2767d4a5-25e3-47e7-b912-fbc67370ed41,3.6897075733875636e-08,0.0004237995852997008,0.08,0.048,0.0,0.0,0.1,0
27766a5f-be09-4541-8d33-938c6af68a4e,0.03001866561694103,0.00234499677299372,0.284,0.156,0.0,0.0,0.16,0
27877948-5330-4e7c-94cf-89aef9ac0a0d,0.00027969648106101975,8.194168971766131e-05,0.088,0.04,1.0,0.0,0.1,0
279785fa-0b29-4688-beaa-151cd964b505,1.5944683124006406e-05,0.0008726065217072146,0.068,0.076,0.0,0.0,0.1,0
27a32f89-c1e4-4b66-8d65-a1c3d882c518,8.295174655105216e-05,0.06026150514028719,0.18,0.076,0.0,0.7520661157024793,0.14,0
27b932b0-4bbc-4c4d-93d7-cb0747f0fe43,1.3598864902266417e-08,0.00033277934766751056,0.072,0.036,0.0,0.34732824427480924,0.12,0
27bb111f-2961-44c0-a639-194b9cb30689,4.442361322435283e-09,0.00041784877592704025,0.128,0.044,0.0,0.8348623853210996,0.18,0
27d232df-7d2d-4688-a2c7-7f5cbcd11505,1.1566246240277344e-10,0.0020798121073381318,0.176,0.096,0.0,0.8348623853210996,0.14,0
27d659cf-174b-4558-8d95-3591d8f03430,0.9983226486386306,0.0865379452445555,0.352,0.192,1.0,0.0,0.2,0
2814e93d-11b4-4293-9e38-f4521c790b77,0.0011722440358350628,0.000716958539405823,0.164,0.088,0.0,0.0,0.12,0
283ddf58-9fdb-4fc4-8d9b-9e288e86b013,0.000270259434748522,0.00016259326127638602,0.068,0.04,1.0,0.0,0.08,0
288636f1-88b3-474c-adb5-21c922589e86,9.192254487336443e-09,0.001722523265980073,0.152,0.06,0.0,0.34732824427480924,0.06,0
289d8ba4-3080-4fa1-b5a3-6255c9c0f5c4,0.04833982730426721,0.0022048095275062603,0.232,0.112,1.0,0.0,0.18,0
28a320e9-1e91-4ed8-9ad8-1ea7f4244d2e,0.7320678525315146,0.00043322489093260694,0.112,0.052,0.0,0.0,0.08,0
28ce2f7f-6292-4111-8065-021afd16c67c,7.362597768437463e-08,0.003858562639843048,0.2,0.068,0.0,0.0,0.12,0
28d33a32-8489-4118-860c-06f0879ec73e,0.00356724903753613,0.10201658939786622,0.244,0.176,1.0,0.7520661157024793,0.2,0
28ed4e53-ce69-440d-af17-6d9f4e6e1799,9.73079651348678e-10,0.0011106656186593226,0.092,0.048,0.0,0.5432835820895522,0.06,0
28f98521-dcbc-4dc6-98af-8cc531aeeeb8,0.7029516416751811,0.7190768433015793,0.42,0.188,0.0,0.9293008641005499,0.16,0
28fcd57c-64f2-4400-bce9-42adcfff8e83,0.9301857788528259,0.01988657833919407,0.296,0.152,1.0,0.0,0.16,0
29101e96-c418-4fe4-9fc6-04f18aff8aac,1.0371096581919086e-05,0.00020254104682956847,0.076,0.068,0.0,0.0,0.12,0
291618cf-bc2d-4d95-9573-404ef1d985c9,1.5456827851893396e-05,0.00019219927951865567,0.088,0.044,0.0,0.0,0.0,0
293ff8e5-22b0-4990-bbe0-bd188d24b70d,0.19952852165521343,0.7208671155506866,0.24,0.12,0.0,0.8114132857779743,0.18,0
298043d1-8b7b-46af-8625-10519660aca4,0.0004278552159571745,0.0023504546211697724,0.14,0.088,0.0,0.34732824427480924,0.06,0
298ad37d-d8d9-4778-9f08-cdebb0e42ff9,0.029315682809304314,0.018143589346653832,0.228,0.12,1.0,0.0,0.1,0
29b2fdb9-de2c-40d5-9c27-9b860a7c1d32,4.722089840600054e-10,0.00019618225995853851,0.092,0.032,0.0,0.0,0.1,0
29ce3571-3f4d-4d5f-b272-3bf2c050932c,1.5144503462172054e-05,0.007131018020446126,0.16,0.036,0.0,0.6967840735068914,0.06,0
2a25e72d-d2aa-466d-84dc-59a50a05ef5f,1.886794377434894e-09,0.0003437306154265722,0.14,0.048,0.0,0.0,0.12,0
2a4051b3-f3b3-4d5a-80b1-5b1a2314e72b,0.23418369531000413,0.018030077097410953,0.44,0.244,0.0,0.9491525423728812,0.3,1
2a511576-95d2-43d9-94fb-135fcb34f1b5,0.07521090708194524,0.021061678456287765,0.256,0.18,1.0,0.8348623853210996,0.14,0
2a5ce7cf-f060-4086-a2ef-170de6dcac1f,9.552220134442333e-07,0.0006275195378754863,0.168,0.08,0.0,0.0,0.12,0
2a8ddca6-8051-4cc1-9dc2-918ae0458df7,0.3046039686653686,0.047545565254873565,0.18,0.128,1.0,0.6967840735068914,0.2,0
2ab6de9f-90e1-4025-9013-30d8665f910c,0.0041724794096305515,0.0005331395543889942,0.072,0.024,1.0,0.0,0.12,0
2afe504f-4381-49e9-bada-1fbc625c4844,0.006044445594981074,0.07421476940122873,0.412,0.284,0.0,0.8762035763411277,0.24,0
2b105808-83f9-44b7-ba7b-681eb6ab77ba,1.0581635690683326e-05,0.004046425482457267,0.208,0.08,1.0,0.8762035763411277,0.12,0
2b74dbd4-c1cf-4ee1-9f18-27d472558ba6,9.189168995149481e-06,0.0003124162159122509,0.152,0.072,0.0,0.0,0.12,1
2b92d575-75e6-4fca-8529-15750ed5dea3,3.660392765137809e-06,0.00020994582486674323,0.084,0.024,1.0,0.0,0.06,0
2b9a476a-cb1c-4682-8921-d0e3f51f3c9f,0.997909664322916,0.08629698172068076,0.256,0.116,0.0,0.8114132857779743,0.14,0
2bae5205-b91d-4aa4-ae1b-fc789ca2c06d,0.0687518166539755,0.033887647626708046,0.292,0.144,1.0,0.0,0.24,0
2bc77728-fa70-47a8-bb32-bccd4e8df479,2.1227461052907473e-05,0.00015295982245091508,0.132,0.008,1.0,0.0,0.14,0
2bcd3393-cdf4-46de-8f37-6c1ef197a04a,0.8753007091529913,0.0034203813574195494,0.116,0.044,0.0,0.0,0.08,0
2be5abf1-f9a5-4e14-b8cd-fc21aadc4310,0.0002201591115544473,0.000501827431477315,0.116,0.076,0.0,0.490566037735849,0.12,1
2c63157f-55ac-453e-a4fc-076a7b19f429,0.005495718993764483,0.0007035704878854522,0.14,0.06,0.0,0.7165354330708658,0.06,1
2c78e121-e7b4-44ec-8fda-d68c674a10f9,0.011505297505392554,0.22013067019299698,0.496,0.232,1.0,0.0,0.2,1
2c81a0fc-36aa-457c-8d1b-8eea6edac02a,0.0063936973277493765,0.005530117301948289,0.148,0.072,1.0,0.24010554089709743,0.06,0
2c86d72c-3742-44a4-91f5-ab7fb21c1956,0.00040328264039463834,0.001993959981401053,0.204,0.08,0.0,0.7547393364928913,0.12,1
2cb6d426-4983-4eb1-ba97-619a6d115c9f,2.0368403315690834e-05,0.0032932846585901434,0.188,0.1,0.0,0.0,0.18,0
2cc81ad8-76da-4efb-ba36-29fc3b2e9c91,0.7011187747281664,0.0004990111980561116,0.12,0.048,0.0,0.0,0.14,0
2d654854-b2b3-4e78-964e-1a6073a8b295,7.202307653686859e-08,0.00014516857107635004,0.072,0.024,0.0,0.34732824427480924,0.0,0
2dbeb593-6648-4568-92a5-4b0e9f631553,4.5292426967718066e-11,0.00013595733182930755,0.072,0.024,0.0,0.0,0.04,0
2dbf9842-d9c7-4809-94cd-a765c117b834,8.323989174851853e-05,0.0020923750432661355,0.244,0.12,1.0,0.9491525423728812,0.18,0
2de162b9-bf13-487c-9312-d39ea2e2f7cb,0.0004542436212132599,0.02345434679295055,0.184,0.092,0.0,0.0,0.12,0
2e0f7fb3-b174-4ffb-a648-9a9ede29183d,5.92399917503901e-07,0.0005207719778465948,0.16,0.064,0.0,0.0,0.12,0
2e7c8917-2170-4f72-a18f-fb499bb14eb5,0.00598763685443522,0.001966246905394716,0.124,0.076,1.0,0.490566037735849,0.16,0
2e8bb0a2-61f0-4cd2-b639-853b667db5bb,6.00435891458364e-10,0.00010233720508853287,0.092,0.032,0.0,0.0,0.18,0
2f057304-3629-485d-9646-c068f09a67e5,1.0809887970216232e-08,0.0009280863054238742,0.08,0.044,0.0,0.7165354330708661,0.08,0
2f3cdd13-529b-4319-bb04-0a999c89361f,1.140220791264079e-06,0.0004933520837047795,0.08,0.068,0.0,0.0,0.08,0
2f91bd21-1b3c-41f3-bb2c-c5d6cd5761da,0.9999880264567148,0.13428156742445316,0.392,0.184,1.0,0.8114132857779743,0.2,0
2f96a1ce-63c9-4433-a8d9-bb2c1b14ccb0,0.00031585693806278104,0.004912161314224372,0.172,0.076,0.0,0.8114132857779743,0.12,0
2f96bcbc-af98-4c34-9909-21401855b81d,0.0032440890622341236,0.00013065077943880102,0.092,0.072,0.0,0.0,0.08,0
2fa66aae-0168-47f8-8898-df44238f89db,4.903925770637876e-07,0.000962861670379644,0.104,0.032,0.0,0.7165354330708658,0.1,0
2fb17ab6-3733-437a-9054-a513d412f241,0.0013068844514494754,0.015371811974862017,0.324,0.188,1.0,0.0,0.18,0
2fbe5868-eb48-447c-a923-a5a4678e8b8a,4.7540209729312106e-07,0.018203900304142605,0.184,0.108,0.0,0.379958246346555,0.1,0
300e7db3-5852-4f44-9a67-07e5a3ddc441,2.6113247121908185e-05,0.0003737158741643012,0.092,0.048,0.0,0.0,0.08,0
300f82d1-913f-4b22-be62-e5c2a3bf13eb,5.119649501184242e-06,0.00025930642089220564,0.1,0.056,0.0,0.0,0.16,0
3048995c-a0bf-4fe4-9f38-a24d07d48cd7,0.10499271701866979,0.013228113097129686,0.22,0.128,0.0,0.0,0.28,0
3097e49e-ae7b-4ed2-87b5-486e639f9632,0.006307004629449927,0.004947587797673532,0.164,0.076,0.0,0.0,0.1,0
30c7be5f-c734-4b48-99c9-8cbf74412bee,0.06235890683233534,0.0031760728362816904,0.152,0.108,0.0,0.0,0.08,0
314f0b36-fa05-4f43-a5b1-5d71e9d9b0dc,1.8440789319251914e-06,0.00013686639903186433,0.104,0.04,1.721069123489311e-95,0.0,0.04,0
3154a94f-de82-4ebe-865f-8ffb80805117,8.214180884358082e-09,0.0001678627801084637,0.08,0.016,0.0,0.0,0.08,0
31627f1f-3e4c-4b3b-8954-ac52f9721740,0.40393417827980976,0.0011519586780557858,0.2,0.088,1.0,0.0,0.14,0
31858555-a4b7-4c11-9bd1-8ef94a1e336f,4.7538470550515095e-12,0.03506520703794965,0.192,0.104,0.0,0.8114132857779743,0.08,0
31a6b45c-d6da-4e15-b62e-22c397f1160a,0.004638278366413874,0.03118681020299455,0.392,0.264,0.0,0.8114132857779743,0.2,0
31d6bdac-a4df-4bd0-b6d1-2e1344684a01,0.772517871574437,0.0009485096999733612,0.212,0.132,1.0,0.0,0.24,0
31e69a07-263b-4c1b-8daa-6d7dd13fc4d0,0.01887201655022958,0.0006393712355902057,0.128,0.072,0.0,0.0,0.14,0
31ef3396-ab9c-4ad0-8825-28cb4912c500,0.9831853267411902,0.26331599440028347,0.32,0.252,1.0,0.0,0.2,0
322bd5a4-ac64-43ab-970e-4398f5e52514,5.729433117183236e-06,0.032492068958992704,0.16,0.084,0.0,0.31487889273356406,0.2,0
3248576a-b886-43e7-86f3-376f7c680468,0.005352742392714777,0.00024089570865537844,0.032,0.0,0.0,0.0,0.04,0
324b4c4e-8a2c-44f6-ab04-54b0ede5573d,2.8434242754487224e-07,0.009430478321865068,0.168,0.048,0.0,0.31487889273356406,0.1,0
3265bd71-dff5-4557-b30f-0d9977488fec,5.988316854103911e-09,0.0016365487297831374,0.016,0.008,0.0,0.0,0.02,0
328a4b36-33ed-45f6-a3a5-3c7ebb67ad3f,0.8567043805891164,0.025175599436331728,0.32,0.22,1.0,0.0,0.18,0
329e45ca-ae0a-4bd4-8d24-1bb09ae403cc,1.774728408220674e-06,0.000886840926884728,0.204,0.084,0.0,0.7547393364928913,0.14,0
32cddd7c-0d67-45f5-9268-85d3f4a72a12,0.00012872505750106234,0.0017484459161900483,0.084,0.04,0.0,0.0,0.08,0
32e0c30b-2492-4549-83ae-c191f6a292e3,2.3937302916099966e-09,0.0003209314430410931,0.072,0.04,0.0,0.0,0.14,0
32f2559f-57f0-4c90-97a6-9e69843a32f7,3.782849835697063e-05,0.0012021639314132699,0.172,0.108,0.0,0.0,0.18,0
3302bdce-3d2a-421b-b05b-b27045f370a2,0.0025306132069369486,0.004609416922257198,0.164,0.084,1.0,0.0,0.12,0
33370584-e620-4d3e-9883-5a1a0348e1eb,0.00036902143168240583,0.0019251034147886748,0.216,0.072,0.0,0.0,0.16,0
3371ec36-e0ef-494c-98ec-cde9f5869642,7.521604442212709e-06,0.00035104099615809823,0.096,0.036,0.0,0.0,0.1,0
338e83ca-576f-4a32-af44-4f5482cf9785,5.361174269596906e-08,0.003976768255458111,0.124,0.068,0.0,0.490566037735849,0.14,0
33da55dc-9daa-4e53-8141-e164e927ba52,0.009333087132447123,0.001058995683250822,0.112,0.028,1.0,0.0,0.08,0
343b9f02-c4bb-49b2-a6f8-015310b5ff8f,1.3716987008436027e-10,0.0003494616111661877,0.096,0.016,0.0,0.0,0.04,0
344811e2-c5a3-4d9e-85ba-5e27bf7cbc9e,0.007726643371065295,0.013578637608633018,0.344,0.16,0.0,0.8348623853210996,0.18,0
34705720-8d82-44d6-9082-127a7321e062,0.11734208432366626,0.1026574407987676,0.412,0.216,1.0,0.9491525423728812,0.16,1
347b0637-ddee-4837-b5bc-12b1511d4ab8,0.9692191949066338,0.010585521549501448,0.184,0.132,1.0,0.17704280155642,0.18,0
34babf3d-8d17-4b6b-8178-7f85c4d682a9,0.01760153824892046,0.00020991914252950302,0.32,0.164,1.0,0.7520661157024793,0.16,0
34c81a0e-8f5c-4989-bdb3-abcde0e36762,0.9531647097145208,0.010667057102600156,0.188,0.088,0.0,0.379958246346555,0.14,0
3506c2a1-1895-4ebd-9ca8-0d515fa74c9b,2.2322574191241045e-07,0.00036472122105599836,0.096,0.076,1.0,0.6408450704225351,0.12,0
354d7ce1-d68a-4251-9418-77d5b28041d2,0.07332642500468117,0.001575291523238434,0.216,0.124,0.0,0.34732824427480924,0.24,0
354eda11-c5fc-4ce1-85da-4bef323256b7,9.174723444699164e-07,0.0008967073950864754,0.12,0.06,0.0,0.0,0.1,0
35ea888f-031e-4781-8d0b-9f356e6db7cd,0.027438527638263127,0.0008549806770218333,0.096,0.024,1.0,0.0,0.12,0
365d49cb-2010-4f61-b2d8-9291150a0152,0.0014832800759846084,0.0065226111555856,0.228,0.112,1.0,0.8348623853210996,0.18,0
366413ee-0901-4df6-98ae-9d3d19c8948c,0.4720460890750291,0.01577307422648994,0.468,0.216,0.0,0.8114132857779743,0.24,1
368138c7-dfbd-42e5-81cc-7ed47f3de066,5.4523368117026416e-09,8.342643787354685e-05,0.092,0.052,0.0,0.0,0.06,0
3695f59f-4793-4d65-a1b5-abf4e247daab,3.7031522734423053e-07,0.0012008003964183642,0.112,0.028,1.0,0.0,0.1,0
36987b84-1ca6-40fe-8c26-64641f70057e,0.00014270378400669284,0.0009179067628953259,0.204,0.064,0.0,0.0,0.16,0
369f2c2a-97d6-4ade-b152-5ff77b93f874,0.003111541709701217,0.0002787861215057349,0.088,0.072,1.0,0.0,0.08,0
370bd516-9e6d-4034-9857-d5c241c43f87,1.7985308842299514e-05,0.01388169761469492,0.26,0.136,0.0,0.0,0.14,0
37296aad-ac60-49d6-92b0-4b540d32d8ca,0.03753155961528305,0.032503293530708084,0.248,0.164,0.0,0.9491525423728812,0.26,0
3739d5d5-eb85-4d84-bf17-b88aa626d738,0.00015732585721528678,0.00011586161313195557,0.096,0.06,0.0,0.0,0.12,0
37969ac6-88b3-4cc5-ac5e-c4b52712833e,2.1719422680304025e-06,0.00021599407974346157,0.072,0.024,1.0,0.0,0.12,0
37a6eb3f-79a0-4da3-83a3-37ae488ee6d9,0.10043826888071251,0.0032398775481447223,0.224,0.136,1.0,0.0,0.14,0
37ab0821-e38b-413f-b24c-d051aa60cdd3,1.0290025529001321e-06,0.05931449886010056,0.256,0.124,0.0,0.6967840735068914,0.16,0
380e0d69-0341-41f3-9a7e-0485b243c5d3,0.13660039524282366,0.008581902342447623,0.248,0.156,1.0,0.7492083597213433,0.14,0
3877e6db-c118-447d-81e4-3ba1b36ebfe2,0.003167251760291829,0.005529167218146041,0.168,0.092,1.0,0.0,0.12,0
38853cee-5d45-4752-9f4c-a1267f39b453,0.0001062481823946642,0.007255850624330322,0.276,0.124,0.0,0.0,0.18,0
38e51581-b2a9-4f53-a0ae-d9e9ee0d79f3,0.8242083812633574,0.019700419803225573,0.356,0.196,0.0,0.8114132857779743,0.12,0
38ed98d2-5515-4980-bc08-d6d9a6a8fb5d,4.075251813432068e-09,0.007009960666082799,0.188,0.056,0.0,0.0,0.12,1
38fcd385-4a1f-4854-b1ad-90f6143cf363,0.024746368562773857,0.24801726204694685,0.316,0.196,0.0,0.8762035763411277,0.26,0
390e7409-d47d-42ee-ae7e-6277a53afe04,1.5527221404251207e-08,0.007924983231300621,0.204,0.096,0.0,0.0,0.14,0
3961a861-88f0-4d7e-8024-dcd3a4fdf5d8,0.6175044637257261,0.0063931357477259795,0.208,0.136,1.0,0.8114132857779743,0.18,0
39685292-6000-4166-b1ba-1b7dbf1456f9,0.0004958703895054739,0.0008083735591282795,0.092,0.048,0.0,0.0,0.06,0
39c6c391-4ad6-41a8-96f3-f121daf41638,5.509999985307417e-05,0.0004405828318127691,0.068,0.036,0.0,0.0,0.04,0
39d381aa-f55a-461f-9465-bb6fd45b596c,0.9845360735345955,0.001723296008703939,0.144,0.06,0.0,0.0,0.1,0
3a148595-6e8f-4143-b1c4-5d469f3dbf69,7.2427053559534366e-06,0.0007203171929493206,0.132,0.06,0.0,0.490566037735849,0.12,0
3a1bd068-0541-4e07-9b83-fd54e7d3042d,0.9942404801997917,0.004041473920318569,0.212,0.084,1.0,0.8114132857779743,0.16,0
3a8e37a9-0d5f-4285-a461-1bb7369ebf55,1.9446557479724576e-07,0.0026206319533082457,0.212,0.084,0.0,0.0,0.12,0
3af172cc-db9f-444e-91de-80e9238c32dc,0.021210135329570053,0.00040862720237916573,0.176,0.056,1.0,0.0,0.18,0
3b5e3020-afa6-48f9-a94b-7fdb799a642c,0.0023627598380060663,0.004653643428421368,0.2,0.132,0.0,0.0,0.14,0
3b707caf-d4f8-4f9e-87dc-49e291e88d49,0.022281660259300007,0.004030675573880458,0.232,0.1,0.0,0.24010554089709743,0.12,0
3bad7237-e507-4ea6-80b2-6fe6b6dbf5f7,9.189653923591515e-11,0.0002824723520339305,0.08,0.04,0.0,0.7165354330708658,0.14,0
3bfebebc-4245-47e3-9439-de367f7e0aae,0.00011006529200673228,0.004899112621746676,0.088,0.044,0.0,0.0,0.12,0
3c05fbad-1366-4e71-831b-8ab9e7487317,0.014386477912434288,0.009412947566102527,0.216,0.124,0.0,0.0,0.14,0
3c3b8925-ebf7-40fc-8efc-876e5c8f2d39,1.78201711779127e-05,0.00041570414673066254,0.068,0.052,1.0,0.0,0.04,0
3cc402c4-b79c-4e8b-9e3a-99d33992d49c,0.9850982155765368,0.11737475457629196,0.356,0.188,1.0,0.5432835820895522,0.2,1
3ce158fe-f135-40b2-aaf5-ee9e7fe99c82,0.6470446186044921,0.0014975896847702536,0.192,0.06,0.0,0.8114132857779743,0.22,1
3cecc00f-2a97-4589-8a76-0ea248c66bc0,0.40150385645977665,0.0015163284798417039,0.156,0.076,0.0,0.0,0.06,0
3d30bf27-0000-4d94-a5bb-79dc15a1ac0b,8.065022261927529e-06,0.004343124950842212,0.24,0.124,0.0,0.8348623853210996,0.24,0
3d96f53a-660b-4db4-815f-8dc097a02fe9,0.9323302643862447,0.01015576592780092,0.348,0.136,1.0,0.34732824427480924,0.18,0
3dc4567b-fb28-47b6-b660-b0a35ab4fe38,4.45603582549618e-05,0.003903695361106604,0.16,0.08,1.0,0.0,0.18,0
3dd365ba-48bb-4494-b8d9-8f40257b3ded,0.9897064493113185,0.003707121636916091,0.26,0.152,0.0,0.0,0.24,0
3e16d4e6-9d1d-4c52-993f-d60724f65745,0.6976885603446509,0.025410505346178443,0.248,0.108,0.0,0.4678663239074546,0.18,0
3e331670-b4c6-4cf7-9247-7f228e8ce392,7.74825503330565e-08,0.0004935064861788492,0.096,0.016,1.0,0.0,0.04,0
3e3b154c-9247-4454-a55e-41c83e831ca5,0.006185182478633534,0.0023687361945058305,0.108,0.036,0.0,0.34732824427480924,0.06,0
3ef4620e-cd8a-41bb-87e0-e6813b5097cb,2.2724130364262976e-08,0.0010314980806961404,0.088,0.044,0.0,0.0,0.08,0
3f2fda05-6f7c-4c2d-8f86-434de1ac20b9,6.64017276411682e-09,0.0001851555055139676,0.144,0.072,0.0,0.0,0.16,0
3f417b36-3271-4dce-a4d3-d891f1328bb5,3.303970649069076e-07,0.0005460849650562016,0.148,0.028,0.0,0.0,0.1,0
3f565401-577f-4808-a1b9-805bcc9542d7,1.743959410555713e-08,0.00020584724268404107,0.084,0.028,0.0,0.0,0.1,0
3fac11b0-924f-4a71-90a4-49f7f499216e,3.9303116032015306e-08,8.014486846321533e-05,0.128,0.052,0.0,0.0,0.16,0
3ff7a96a-4c4e-4e3d-bbec-87c5b34617b0,0.027605589006940417,0.0023366749380377273,0.132,0.06,0.0,0.0,0.04,0
4000a774-4936-4fbd-bc54-68d6702d05fc,3.904218809815607e-06,0.00035705552944267184,0.144,0.04,1.0,0.0,0.04,0
4017bd6f-4a01-40fd-b0de-9645ab2a011f,1.263514622555056e-07,0.00029602953864343997,0.076,0.044,0.0,0.0,0.08,0
40c13867-fd16-48d5-96a0-20e5c12bd31d,0.957379005410438,0.05802895097899381,0.36,0.148,1.0,0.8114132857779743,0.2,0
40d553ae-c6b9-4626-9cf2-5c5dd3036bcd,0.0014155190894242066,0.00100508236112968,0.2,0.072,1.0,0.6408450704225351,0.12,0
40da2930-87b7-44bd-8bd7-af370aa28e31,1.3150287048453806e-05,0.008751077237571158,0.312,0.188,0.0,0.24010554089709754,0.12,0
40e96864-7195-49c2-991f-4c92fb237321,0.9932334892248542,0.07650222589963855,0.256,0.156,1.0,0.8348623853210996,0.2,1
4128cfca-3898-41ad-b949-979bc1bb3fee,0.4663003555251613,0.000542925108495803,0.184,0.072,1.0,0.0,0.16,0
414ac757-1353-492d-8252-17a829cf143e,8.582928733506443e-06,0.0021843905410896466,0.088,0.056,1.0,0.5432835820895522,0.14,0
415de145-98ba-473b-82cb-74b32dd03953,2.3331290757529295e-07,0.00015764278203498264,0.06,0.032,1.0,0.34732824427480924,0.04,0
41bea5c3-3814-4c0e-bbdf-611979186275,0.9945726878502621,0.0017678638603726275,0.156,0.08,0.0,0.8114132857779743,0.2,0
41d9d2b8-162d-42e7-bf0a-899dfed9f701,7.68811262891793e-05,0.003336390606948727,0.104,0.06,0.0,0.7492083597213433,0.08,0
41f7c9fc-2f8b-4bb9-8869-dcbe55325ae6,0.004184457558812622,0.0007320659693457548,0.116,0.084,0.0,0.0,0.14,0
42081502-3ad7-4052-87dc-195561c786aa,0.0003993196924183993,0.0009241097145860277,0.14,0.1,0.0,0.0,0.1,0
420f6542-517c-4017-8d53-6638e712601a,1.5685474270497123e-08,0.000637529539608109,0.14,0.06,0.0,0.0,0.1,0
4221e2b3-b6a0-444f-8f05-479d7dda45a0,0.08000063736769396,0.0019772494492565668,0.168,0.092,1.0,0.3473282442748092,0.14,1
422e2dc0-ce36-4450-bef1-b312af79627e,0.5810662082657826,0.006060517723408091,0.24,0.12,1.0,0.8348623853210996,0.12,0
428af37d-30cc-4219-9b56-c024eeb22d15,0.0024993395435029793,0.0005982633695733292,0.08,0.028,0.0,0.0,0.08,0
42ca4c79-1007-42c2-846a-73f11c66f320,0.0005721069853920852,0.00020945431032754196,0.124,0.076,0.0,0.0,0.12,0
42dfaf33-2f81-4501-91ad-f66684f4caee,4.338952332478029e-07,0.0018579990086019344,0.144,0.06,0.0,0.5432835820895522,0.16,0
42f10dff-f43c-4235-95d0-2119062ae6c3,0.09318142809874089,0.0058463126474886905,0.192,0.104,1.0,0.34732824427480924,0.14,0
43781b12-a014-498c-a689-ab457e7258cf,4.245016213622459e-09,0.00011312565601054965,0.136,0.068,0.0,0.0,0.18,0
43c851cf-34f1-4959-9644-863a5cf9aa36,0.0004363814334904588,0.0020794350485072222,0.184,0.072,1.0,0.0,0.1,0
43f36974-b2c7-4e44-a80d-fe3aa38e4dab,0.01026992788646554,0.008640030421022344,0.28,0.1,1.0,0.0,0.18,0
440ef6ca-a6a6-4529-9b01-ea48765c3683,8.67028686962637e-11,0.0002801039944252474,0.112,0.044,0.0,0.0,0.06,0
449e8de7-40d8-4e33-a365-523da9f6db57,1.2788170032768581e-05,0.000878594137260421,0.12,0.048,1.0,0.0,0.22,0
44a7d7c3-6618-4757-a592-a9d7e26c94bd,0.008034493839915655,0.0030423589577038366,0.148,0.06,0.0,0.8114132857779743,0.14,0
44eb1067-5660-48d5-9234-b0582d496392,0.0007614051093917845,0.17389693397240205,0.324,0.132,0.0,0.8348623853210996,0.18,0
44faed80-55c1-4782-97ac-70a816b36250,0.0017025348023618138,5.569638138766988e-05,0.076,0.04,1.0,0.0,0.1,0
453b78e7-e941-4dad-842c-1fa00ebbeaac,0.20635281540608413,0.018815700536135828,0.288,0.12,1.0,0.8348623853210996,0.2,0
45a03d0e-fcfa-41d9-bd85-0c19367548dd,0.0005734600086014233,0.00032960637764826924,0.12,0.04,1.0,0.8584905660377361,0.1,0
465603ba-2479-4b85-8e5a-718bad0182b2,0.5724838437580398,0.6566134051439153,0.628,0.264,0.0,0.9491525423728812,0.28,0
465d9ad2-5e59-4cd2-9490-e55d98ef7982,9.17641661025798e-07,0.001135023893891143,0.184,0.08,0.0,0.0,0.12,0
46c9e954-9a87-4a0f-8780-18bacb8fc62f,0.00014860730488760112,0.07613607698701208,0.112,0.052,0.0,0.5432835820895522,0.14,0
46d4df05-aa23-43eb-aff2-3a15789be8a0,7.007697896384709e-11,0.00042887566055787836,0.068,0.008,0.0,0.0,0.0,0
46f7536d-0104-4cbe-94a6-8dde747f7989,9.212297382757675e-06,0.0030346410102662616,0.116,0.04,0.0,0.0,0.08,0
4707b00a-7372-4406-8c49-10f19f43f3d7,2.0429117726796345e-10,0.00020083712010877187,0.06,0.02,0.0,0.0,0.06,0
475cd5c1-f270-40d0-b015-e656139258f5,1.4631275595300032e-05,0.0004358548655574745,0.1,0.06,0.0,0.0,0.08,0
475f6c8b-5e7d-4928-9fc3-ba0b491a9b47,5.603480281393736e-08,0.0001846882119459694,0.076,0.024,0.0,0.0,0.12,0
476ab9d0-456b-4824-bd2b-76a6fd30aa4a,0.7294903188361817,0.02723697879172063,0.316,0.14,1.0,0.0,0.2,1
477937a4-4d0e-48d8-9ad1-fd1198cf0b5f,7.180971930735737e-05,0.005339644813117661,0.216,0.084,0.0,0.0,0.12,0
478341ee-364a-4fc0-8ff9-b76a5f8be050,3.8207733656392774e-05,9.019934497464756e-05,0.068,0.052,0.0,0.0,0.14,0
4794dda7-83ce-47e8-a03f-9d673a574a9e,0.9891233825290018,0.4598535187099713,0.436,0.188,1.0,0.0,0.24,0
47ba0342-f2e6-47fe-bd5a-4d5e011aad8f,0.07436762658458193,0.009840048664363032,0.192,0.04,1.0,0.7492083597213433,0.14,0
47d2844e-a012-40f6-9ac0-57416cd66b2e,1.4059054146311037e-05,0.0004067449487243375,0.152,0.036,1.0,0.0,0.14,0
47d6f8c6-e1f0-4f96-85fc-702504cf1cdc,0.3811373342529201,0.0017464522453206183,0.472,0.236,1.0,0.0,0.28,0
489d03ed-32b5-4f03-a71f-41cb730a65d3,3.2363832362410586e-05,0.0010860251214797174,0.264,0.076,1.0,0.8114132857779743,0.1,0
48c2c7d8-6df3-4390-893c-909f8889cafa,1.3649647429433886e-05,0.0029919416255741534,0.156,0.076,1.0,0.8348623853210996,0.18,0
48c573b4-6ab2-42d6-bd77-3da5f5fb9be2,7.550491964663896e-06,0.007013287726404288,0.12,0.056,0.0,0.0,0.08,0
48ddf677-2808-4611-bfc0-e5561c0bd3e8,1.1120242291219738e-05,0.007927203699899556,0.132,0.052,0.0,0.34732824427480924,0.12,0
49237b1e-6c96-4013-b8bb-feb1aaf10420,0.8479516039403111,0.7352711872368386,0.524,0.224,1.0,0.0,0.18,0
4962a449-8038-473d-bacf-529acf41e12c,2.884821979792579e-06,4.7077004388018896e-05,0.076,0.032,0.0,0.0,0.02,0
4975adc6-7ccc-428d-b016-eed464f158be,0.01077381088781722,0.008449770333425808,0.256,0.128,1.0,0.0,0.24,0
49cecac0-2b1d-4b23-9dce-d5f7912714a7,1.0551065446192246e-06,0.03294758829620196,0.272,0.124,1.0,0.9293008641005499,0.14,0
4a2fe4dc-aba8-46ef-be9d-6e77024bee75,5.024582589728927e-07,0.0067710352900646085,0.112,0.06,0.0,0.0,0.1,0
4a40598b-374c-4712-9b25-ae892d2cf2de,2.0515089421674463e-06,0.0006357692623614835,0.116,0.044,1.0,0.24010554089709743,0.06,0
4a682ca7-31da-467a-9f1d-9a0aecae0fc0,4.428992096445531e-06,0.008161002062207254,0.252,0.092,0.0,0.8348623853210996,0.22,1
4a9c3345-5bc7-4eb1-899f-52ccb2d5ff4e,0.8225588922872931,0.011722102833806437,0.376,0.148,1.0,0.0,0.18,0
4ab0e113-e0f9-4e67-a4ff-685902e42e14,0.2352014087316933,0.07649366827454238,0.424,0.168,0.0,0.8114132857779743,0.2,1
4ab96ba1-b6ba-4c36-b5a6-83df7234e635,0.003427305746471713,0.0024840178757439355,0.3,0.192,0.0,0.0,0.24,0
4ac7398b-163d-4cf5-ac97-5c582425c254,7.135952030260808e-11,0.0009893739660434017,0.092,0.072,0.0,0.490566037735849,0.12,0
4b515077-7075-426f-a2da-e332a79a0830,1.421565582095983e-05,0.0009813445308050235,0.1,0.072,0.0,0.0,0.06,0
4b5dfbe9-b45a-4b08-a519-2a668d28f32d,0.2300609046237462,0.07159571074298153,0.164,0.12,1.0,0.8114132857779743,0.16,0
4b913f4a-2e01-453a-8bac-07ddd8a06898,4.142052045141945e-09,0.001554547302015459,0.144,0.06,0.0,0.0,0.1,0
4c0dfa54-e8e9-46ae-87c9-14c32a16b24f,3.6292526383992804e-06,0.0002997353507492623,0.1,0.036,0.0,0.0,0.08,0
4c0fd7e6-5970-417f-8986-025c0042e043,3.4232049072265615e-09,0.0009628793912458352,0.088,0.052,0.0,0.0,0.06,0
4c4d28e7-937e-4fcd-80b9-16af99774d44,7.180969145406385e-05,0.001693655196603086,0.204,0.064,0.0,0.0,0.18,1
4c665b83-438b-4c28-bbf9-959c93b43c2f,0.02120911645705732,0.01317795606202151,0.168,0.084,1.0,0.6408450704225349,0.08,0
4c765c53-0fff-4995-b837-d714429d5856,0.693532731412162,0.007894984257327948,0.14,0.068,0.0,0.6967840735068914,0.08,0
4cb41c1c-aff1-4970-bc46-ca29606a9091,0.006704414380913881,0.007571127473779593,0.24,0.136,0.0,0.749742533470649,0.18,1
4ce6b7cd-4b45-4ba4-a153-6da3f435a883,0.0014935774352452676,0.0007320760792173294,0.208,0.096,1.0,0.7492083597213433,0.26,0
4cee3c76-cba2-4e7e-8711-b67fdad82d26,1.2676186070187325e-09,8.584452889300018e-05,0.04,0.024,0.0,0.0,0.06,0
4d001ecd-acd5-414d-8a71-d338e1366426,3.825233451062609e-12,0.0002823132809633261,0.088,0.044,0.0,0.0,0.08,0
4d1ba732-6cbd-44ea-bc8b-1e1728b4f727,0.00024735918465570224,0.0141470149916061,0.404,0.144,1.0,0.8114132857779743,0.24,0
4d3e61fd-3626-4f64-8e6c-a37a52226a66,0.0259550829474813,0.007960168590067282,0.256,0.124,1.0,0.8114132857779743,0.2,0
4d89379f-b9c2-4fde-a2ff-b6592d58bb3d,4.847225112662723e-08,0.00010706985305828525,0.056,0.064,0.0,0.0,0.1,0
4d9e8884-350a-42ad-9c38-50fb86c38721,6.152444998112103e-07,0.00020215241840918543,0.168,0.1,1.0,0.0,0.16,0
4dc06f1a-a809-43eb-9a22-15ecb5d76c75,0.020881943518544735,0.002158344582624049,0.108,0.036,1.0,0.0,0.08,0
4e11c013-8ffa-44f8-be3c-f6c3801876b1,0.0001449513475126368,0.0020788983365540585,0.112,0.04,1.0,0.0,0.1,0
4e14ecec-57c1-4c8c-bfa0-b2ca0ada6053,0.0018840191467631375,0.0014321578179124453,0.088,0.036,0.0,0.0,0.1,0
4e28764d-c9ad-4629-ba88-8045b2537d5a,0.9932559967348973,0.16310140577887822,0.416,0.24,1.0,0.7520661157024793,0.26,0
4e78d656-b5d3-4a9d-8af2-4903705aaf7f,9.238736478972209e-10,0.0003512968490925208,0.088,0.028,0.0,0.490566037735849,0.04,0
4e84609f-deb7-4a05-8bfc-c9345e433494,0.00011289179667121928,0.026744128361396346,0.164,0.06,0.0,0.0,0.14,1
4eb113ff-ccfa-419e-be26-992c9584b53f,1.4990681543385488e-06,0.004078978555224124,0.152,0.08,1.0,0.490566037735849,0.18,0
4f32e6a6-7b81-450c-bc5c-223d70fd4020,0.001317436924737927,0.001208247649042578,0.076,0.052,0.0,0.0,0.1,0
4f349b34-d54f-410e-a04b-72a9ffff9166,1.0889265416028457e-05,0.0004652539924447383,0.144,0.064,1.0,0.0,0.22,0
4f3e8271-854f-4208-b70e-11d86def1f77,0.5693144720301119,0.0009860977169700873,0.128,0.108,1.0,0.0,0.18,0
4f4a4fab-8df4-44fa-a7e8-d2714d53879c,0.07305458062201489,0.0001433167432103313,0.052,0.04,1.0,0.0,0.1,0
4f5620d4-9db8-4cfc-a1f5-2fd917472865,0.003174219274180181,0.024225691531490123,0.22,0.148,1.0,0.6408450704225351,0.08,1
4f776f87-4ea8-4471-b7f5-476b51f205b7,0.007765018464346148,0.004754777152330807,0.108,0.028,0.0,0.8114132857779743,0.1,0
4f95be87-e566-4d4c-af67-012f61c5952c,0.8089814310367581,0.258399650554818,0.44,0.328,1.0,0.7492083597213433,0.28,0
4f996fe5-1f8d-46a2-b3c9-2b8b16ebd3bb,0.0004398351695956357,0.00044773551749865634,0.228,0.08,1.0,0.0,0.18,0
4f9a1441-e14d-4306-9d54-c13ceb19ebd6,0.027565379272583488,0.0017875306569550783,0.188,0.12,1.0,0.0,0.22,0
4fa73c96-3e04-486b-b32c-9ece8139511b,5.195118653734986e-06,0.00015119252232166115,0.084,0.044,0.0,0.0,0.14,0
4fb9d9f7-33f6-4e35-885e-98b20fbc48d7,0.9716083158735739,0.22067493439281616,0.332,0.172,0.0,0.8114132857779743,0.2,0
4ff6aed8-04f8-4cce-9c2b-4df9f9f79393,1.8475216481348202e-08,0.0009175906000629463,0.14,0.036,0.0,0.0,0.1,0
502a9b01-93a0-4d23-af4e-441b7a1946f3,1.7670329813945173e-06,0.0033985612076286903,0.224,0.088,0.0,0.7165354330708658,0.24,0
503b807d-5d73-4912-b1e0-de9c0a173b4c,0.999924414694767,0.02366964874317946,0.296,0.196,1.0,0.9491525423728812,0.16,0
507142fe-1ff7-4d02-a327-166b5f563e5d,0.0005768377374737852,0.00026977568699405386,0.068,0.008,0.0,0.0,0.06,0
509b5a48-83b6-431b-9a66-d2be5cd43126,0.11390222410708568,0.00135147172950912,0.12,0.08,0.0,0.0,0.06,0
50c41a8f-aae9-4386-af77-2f16c6a1fa3a,0.15551484532230392,0.0037793823423886456,0.308,0.196,0.0,0.8114132857779743,0.2,0
50c85f47-b64e-45af-aee0-f3d3341a0eda,0.7102785292456847,0.01060635443316255,0.252,0.14,0.0,0.0,0.14,0
50cbbf91-accc-4fb2-a6d8-102fb87ca1b2,0.9594910211736405,0.01607780867797594,0.356,0.268,1.0,0.8348623853210996,0.14,0
50d0cbc9-f68a-4ce7-8921-9c68f43c983f,3.911184689811131e-08,0.010007884471722676,0.188,0.108,0.0,0.24010554089709754,0.14,0
50d4d7f8-1095-49ab-bae2-92fb0015e8e4,6.921200703516052e-06,0.001880712862616668,0.088,0.028,1.0,0.8584905660377361,0.16,0
50e3ab5f-3368-40f0-800f-b424865831cd,3.078258865632687e-07,0.02701324083661234,0.144,0.092,0.0,0.5290697674418604,0.12,0
51202b21-1901-4b22-b2de-9ce2927ae1fe,0.6770288448589963,0.0004967338184144896,0.056,0.04,1.0,0.0,0.06,0
51359c2a-f9f9-4c91-bb28-320f6babde36,0.9595981652017459,0.09052957234549572,0.344,0.208,1.0,0.7492083597213433,0.24,0
51828e0c-2ffc-48fb-905b-8757c9dd558e,4.071170375483117e-05,0.00046663395430469694,0.08,0.036,0.0,0.7492083597213433,0.02,0
51842b14-3ee1-4dbb-a694-edb628bba8e7,0.010465965005333108,0.0002955346640173767,0.108,0.056,0.0,0.0,0.16,0
52280ffe-46b7-4936-ba0a-712c446d3c94,0.9588917501485792,0.16217096911894138,0.368,0.196,0.0,0.8348623853210996,0.18,1
522bd08f-61dd-414b-9dcb-243ba238309b,1.02519318625377e-05,0.0032412113860765136,0.168,0.12,0.0,0.8348623853210996,0.16,0
52422c41-3785-4028-8d65-9546c7a94dc0,0.7608509820811401,0.002468292491360178,0.232,0.124,1.0,0.6408450704225351,0.08,0
525147b9-7ec0-43d2-99b2-3633b93f1b9e,7.693991242731341e-07,0.00012712738791945694,0.084,0.024,1.0,0.0,0.04,0
526aa25e-cc8e-47e6-b722-ec4383df5ee2,3.3253523474366344e-07,0.0013255976390151763,0.132,0.06,0.0,0.0,0.1,0
52880f3b-f463-4e57-a634-41c09adcb538,0.6544293952211888,0.1040390696571531,0.264,0.2,1.0,0.0,0.12,0
52e7f05d-568a-4a10-9d40-d0d3125852b7,4.341111368974322e-06,0.0010176675777893614,0.152,0.088,1.0,0.0,0.1,0
53156151-9723-408f-bdc9-4105ca9d0eb4,0.01455265058401425,0.0007775970062289332,0.256,0.168,0.0,0.7492083597213433,0.2,0
5316b08c-25d0-4c6f-b5dd-a3e11be8796f,0.010374570286522911,0.1801955254645298,0.52,0.26,1.0,0.8348623853210996,0.2,1
53239447-1384-4cc7-9daa-26be57e7f2e5,3.430084018714344e-07,0.0007383668558647579,0.112,0.04,0.0,0.0,0.04,0
5359c3a8-3b2a-4cdb-8c1b-d31eaf517a7c,7.747361486501085e-08,0.000759209850463282,0.072,0.032,0.0,0.0,0.06,0
535a6825-92be-40bb-a351-6c36f0cd4bec,0.0001437880080364812,0.00023545676905331118,0.132,0.052,1.0,0.0,0.1,0
53880c30-1e85-4310-a2cd-503ddebc401d,0.004401097005980329,8.742604328941079e-05,0.1,0.032,0.0,0.0,0.16,0
53a08a01-1307-40c6-ad55-3b1e77ed3373,1.697092064008235e-07,0.0003104389460243288,0.052,0.004,0.0,0.0,0.06,0
53a1827b-bcba-4c64-858e-14ba318db381,0.014871097612992573,0.0012013337254799029,0.156,0.064,1.0,0.0,0.08,0
540a90d6-e009-45cc-8c25-94ed92f527bc,0.0014526628890740526,0.0001543247212401935,0.12,0.052,0.0,0.0,0.16,0
5414e64b-2cc9-4226-93a3-97b66dbce591,0.0007623902575358357,0.00010721698869211646,0.12,0.092,1.0,0.0,0.16,0
54530dc0-5742-44ae-8a4d-323b35248d3b,0.9799252984339845,0.9859235649149426,0.512,0.3,1.0,0.8114132857779743,0.22,0
54556ef4-afce-440a-b5c9-b2e58ca8ddea,0.9888179054734676,0.0031569478164856584,0.108,0.1,1.0,0.6408450704225349,0.18,0
545cb57e-6202-491f-9064-b649e84dd74c,0.12064860694870742,0.01955139446157198,0.312,0.16,0.0,0.0,0.16,1
54b38e2e-c732-40d6-a3e3-4f24685d755c,0.4662283867584887,0.021814258057951712,0.356,0.14,1.0,0.0,0.22,0
54ebc958-7d00-4153-8c45-72a798092576,0.00162347455475478,0.04080139505424135,0.488,0.276,1.0,0.7520661157024793,0.22,0
5541c008-25a6-4553-a044-d63bbb5c6e27,0.00010252732553781084,0.0006859284164205831,0.164,0.052,1.0,0.0,0.1,0
557ea132-5751-45b6-8b44-71950cc3de33,2.1938040180126937e-07,3.8622325078645925e-05,0.052,0.048,0.0,0.0,0.04,0
55b13c2c-28db-4ce6-acea-1fae6e95d7aa,0.787992298299995,0.023254593016820257,0.224,0.088,1.0,0.8348623853210996,0.18,1
55be41e5-8a54-4716-95d5-ec94a056c65e,0.8003065141242292,0.00021329078338491506,0.16,0.052,0.0,0.7165354330708658,0.1,0
55c0b454-dfed-444e-87a2-2965c72032e6,1.1245271517868956e-09,0.0020098900920931134,0.144,0.068,0.0,0.8348623853210996,0.12,0
55d4ec71-f984-4210-a7dc-13a8f72fe278,0.07304754161648297,0.024744660330266077,0.384,0.18,1.0,0.7520661157024793,0.2,0
55fe842e-63eb-44ab-a619-dbc1a8a43063,3.4238139800257844e-09,0.0009283803245951499,0.056,0.036,1.0,0.0,0.02,0
56269eb7-da09-4a8b-aca0-1ec3c8e4126a,1.0893405053320487e-06,0.020505560030824353,0.184,0.116,0.0,0.8114132857779743,0.18,0
562a30d3-348f-450d-bcae-cb377dfa3d1d,0.9707365736824511,0.0013694605466412788,0.144,0.076,1.0,0.0,0.1,0
56588347-b8f5-499d-b589-27b2059c4c8c,0.9893354907307379,0.017205767622580567,0.24,0.108,1.0,0.8348623853210996,0.14,1
5664e33b-83b7-447d-a0aa-7498fd4fed5d,0.009952852264828855,0.028036197987906814,0.216,0.076,0.0,0.8114132857779743,0.16,0
566c49d2-7e73-47ca-b3a9-6ee7d8ff58e7,1.0384849652622237e-05,0.0015769579809231703,0.16,0.08,0.0,0.0,0.08,0
5670d9cf-bbe0-463e-898d-aad660f75cac,4.927644849225605e-07,0.0017895002259732823,0.132,0.084,0.0,0.6967840735068914,0.12,1
5671e99a-e9b2-42e8-890a-6c4135dce23c,7.065710828625498e-07,0.00015545921593452212,0.08,0.036,0.0,0.0,0.1,0
5687e4b7-95e3-4bbb-96c4-7cf087e03559,0.0012623172865637126,0.0021319879921445246,0.244,0.116,0.0,0.0,0.24,0
56d4ece9-dd28-41e0-b8d7-6c3ba5016bf8,0.00047864152845253084,0.0011696103254335809,0.144,0.068,1.0,0.0,0.06,0
56ee7650-cf17-4dc2-8fd7-0746ce9fcf2a,0.26166648164177936,0.0012403802767645905,0.152,0.096,1.0,0.0,0.18,0
56f3101a-c3c5-46b0-89d7-23e78da12dc3,0.000716515223309044,0.0007810181132056117,0.196,0.124,0.0,0.0,0.14,0
5775d596-fe36-45b5-b811-3169d96110bf,0.0001284477965531407,0.0005972677719651682,0.112,0.036,0.0,0.0,0.14,0
5792e1b2-570d-439c-b8bd-370c97c0eebb,0.9999659364131234,0.09105701950913869,0.504,0.332,1.0,0.8348623853210996,0.24,0
57e0c311-e4ff-4dea-9909-27fb1705fd79,2.7510794711265117e-05,0.0005285710857319909,0.18,0.136,0.0,0.0,0.18,0
57fd809c-eb72-4d3f-a48d-e8a533e93483,0.0011253272416500198,0.0006319925705610405,0.076,0.036,0.0,0.0,0.06,0
58754aa9-4985-4e45-9393-b45cd817edb0,5.584045136290868e-05,0.00022233922181101796,0.036,0.028,0.0,0.0,0.06,0
587a1be4-dc15-462e-9ac0-b16d29fbb484,0.0012205855859191122,0.021702109506651683,0.176,0.136,0.0,0.8348623853210996,0.14,0
58be6072-ce93-4b4a-a89d-5f7dc2aae346,5.212061035459385e-09,0.0005487739359009808,0.124,0.052,0.0,0.6408450704225351,0.14,0
58c6d7e2-fbaf-4245-80ed-adf31ae79ea0,3.5787878981351306e-10,0.0018225684644874495,0.116,0.076,0.0,0.7492083597213433,0.16,0
58e198d1-872c-4981-a9cc-a74ed6317f55,0.026861157008484203,0.0004255105781901886,0.112,0.064,0.0,0.0,0.06,1
59030bdc-ce68-48e0-b61c-b45246cef715,2.6257818562443326e-07,0.0017760775883186117,0.14,0.076,0.0,0.0,0.12,0
59065805-d4dc-4524-bd50-23ae95f4d3ef,0.0025993715960189842,0.00039804560792086765,0.128,0.044,0.0,0.7492083597213433,0.12,1
59178fb9-cd69-4cd8-85f7-3f77aa6530d5,0.008988858861627766,0.002503019947950255,0.252,0.104,1.0,0.8114132857779743,0.24,0
59305ec2-537a-4c68-845b-25333d9173ca,0.0005593402708232205,0.00013067754984396823,0.08,0.032,0.0,0.0,0.08,0
59572cd0-fc7e-4171-b9ab-95cc610beb98,0.25124872253309727,0.016522353469910888,0.376,0.244,1.0,0.9491525423728812,0.22,0
596e2570-c457-427d-a0f3-c46199d2bb73,0.09700320633778714,0.00014958649313643682,0.072,0.072,1.0,0.3473282442748092,0.08,0
597769fc-eeb9-4f5a-9259-2cc5410a7162,0.9182276902169638,0.5659086490689459,0.384,0.2,0.0,0.8348623853210996,0.2,0
59853398-3513-452e-ab56-b171577d0059,0.0022411387944115324,0.0032277873046069536,0.116,0.06,1.0,0.0,0.08,0
59bc5a78-ea38-43da-bf77-063029849b01,0.0007344687484218812,0.00666647306593333,0.156,0.064,0.0,0.0,0.1,0
59e0a26c-c7f0-49e1-92df-404035713822,0.0021807615871065503,0.00963902395213186,0.232,0.096,0.0,0.0,0.12,0
59e0d41e-58e6-4fed-9b22-c6bcb9d887fd,0.48894187429610897,0.0011778218595276297,0.116,0.036,1.0,0.0,0.08,0
59f7fa7f-7c45-4349-a5b6-6bd9225ef0b7,7.753741189292746e-07,0.000846004842060006,0.084,0.036,1.0,0.0,0.04,0
5a0a2d7e-7e2d-45fd-97a0-142898b44560,1.5422082352445597e-06,0.00046622866080091524,0.124,0.068,0.0,0.0,0.08,0
5a374572-5357-4f64-a083-86ed24ed4ed9,1.1565399288781039e-07,0.000549572926616131,0.144,0.092,0.0,0.3473282442748092,0.22,0
5a39433d-473c-4f4a-8534-2113cd433e75,0.42590278505688695,0.08902412821107408,0.224,0.14,0.0,0.9491525423728812,0.16,0
5a58a88f-0781-438b-b447-23bc9132a9cc,3.4040919709399844e-07,0.0011601944612579366,0.18,0.06,1.0,0.0,0.14,0
5a6c2b82-cd8a-474d-9a69-9cf2bbc3d717,0.011085768529800755,0.01849027945838482,0.168,0.076,1.0,0.379958246346555,0.1,0
5a7e1431-7670-4c2c-a899-72b4accd2ff1,0.00011277124985838867,0.0002171018811245587,0.084,0.056,0.0,0.0,0.02,0
5a8a242c-816b-4c4f-8752-e7ecc961cb2d,0.9980899952194988,0.8636693877874111,0.384,0.188,0.0,0.8348623853210996,0.18,1
5a9ae3e0-198f-48a0-9156-6282139fca02,0.009648432217942206,0.0016898716099906482,0.104,0.06,1.0,0.0,0.08,0
5ac8948b-93c4-4116-a21e-11cf6c52093a,2.8380207871251525e-09,0.00017715714377068543,0.052,0.04,0.0,0.0,0.04,0
5ae51522-8831-490e-aa55-1c254542c393,0.00020950938950173358,0.00016597088156049427,0.072,0.032,1.0,0.0,0.06,0
5b11a762-c72b-4b51-a04d-3b418466fc01,2.9279350194959486e-05,0.00038111509287727603,0.116,0.028,0.0,0.0,0.1,0
5b1e5a51-6365-47da-b477-7a9ce74c270f,0.0003676134017867333,0.0025043140893151834,0.256,0.16,1.0,0.34732824427480924,0.2,0
5b33fa09-22bb-4396-8dba-9026310534cd,0.022303630859722475,0.001558794593260561,0.188,0.1,0.0,0.34732824427480924,0.18,0
5b3a7ff0-fb15-4e0a-b630-2339f0da7433,0.002792258171759206,0.002044807853256027,0.104,0.052,1.0,0.5432835820895522,0.06,0
5b3b893c-66ff-41b6-aea7-2ea3ca84fb9b,1.4849572059055158e-06,0.00024173911281722337,0.108,0.06,1.0,0.0,0.12,0
5b590444-cc7d-4de7-bda2-cf165613dcf1,1.6880948306741976e-06,0.0007002418617184876,0.136,0.04,0.0,0.0,0.12,0
5b5be867-fa14-4f9d-a392-7a3693b924e5,6.861812096416433e-08,0.0002625294445621353,0.06,0.032,0.0,0.0,0.08,0
5b73c606-eb7b-4099-b8a9-ecbdb165f89f,2.858613003076089e-09,5.5576419290368516e-05,0.096,0.076,0.0,0.0,0.12,0
5b85921b-f113-4f3c-9b07-1fbfb77b0982,0.0007828433578113072,0.0009135879768278448,0.196,0.084,0.0,0.0,0.16,0
5bdae040-47cc-408e-bc76-3eb1f680669f,1.0825299701781737e-06,0.00013859545353378728,0.064,0.052,0.0,0.490566037735849,0.12,0
5beeb5f4-a962-4eb3-a321-390f872a24de,0.015442070698222846,0.015260875828506638,0.332,0.14,1.0,0.379958246346555,0.14,0
5c265740-b624-49de-87ee-bf21cef68250,0.004313774629035347,0.00041487976827112624,0.088,0.024,0.0,0.0,0.04,0
5c8dbdd0-5955-4647-be63-d90786fc37b4,2.621506748894153e-07,0.0009674768534962677,0.244,0.096,0.0,0.0,0.14,0
5cce260f-2d45-49cf-b16c-e328865104ad,0.0866947042356583,0.0036688723371210946,0.156,0.088,1.0,0.7492083597213433,0.16,0
5cf8f29c-2ff1-496b-875c-911a956bcc13,0.16239372311977218,0.7895880938651337,0.556,0.388,0.0,0.8114132857779743,0.22,1
5cfe8483-feb4-4467-9773-650a43e85e87,0.00020912239691161784,0.005194078580524607,0.212,0.108,0.0,0.490566037735849,0.14,0
5d2b6274-0c0d-4f1e-950d-def795ebcc94,6.640719552284588e-06,0.0007687503653688764,0.168,0.1,0.0,0.0,0.12,0
5d90e8ac-69cc-464f-81ea-a0aea4f24030,5.48754379892197e-09,0.004085276258926882,0.164,0.076,0.0,0.8348623853210996,0.08,0
5d95e4bc-52e1-41ae-993b-83189eaaa1ed,0.4319271472349818,0.0024501474712691935,0.216,0.108,0.0,0.7492083597213433,0.12,0
5dadd66f-d922-4299-ac74-968d56ebf401,2.0758919255940388e-07,0.014471791866743553,0.164,0.06,0.0,0.8114132857779743,0.2,0
5e3f813c-9a4b-4223-b558-6958933c6b1b,0.5204977481222427,0.00023681321506561294,0.22,0.088,1.0,0.0,0.14,0
5e45095a-5edb-4fa2-b302-f5a963970498,0.3692187183441746,0.11771577708740828,0.372,0.22,1.0,0.3473282442748092,0.26,0
5ea31ea7-7fe3-4aca-8eb8-265b53cccdfd,0.8278748753871744,0.03937081712903157,0.324,0.128,0.0,0.8762035763411277,0.14,0
5f00b762-6035-4b84-b853-006225aae179,0.3650984213680678,0.0006339964293464789,0.464,0.24,1.0,0.34732824427480924,0.22,0
5f0e18b2-6071-4a47-ad8d-acba03d563c6,3.8293763099216865e-07,0.00010126505266716669,0.076,0.04,1.0,0.0,0.04,0
5f56dd13-34f0-41a1-8165-879b77af47ce,0.9425556903355776,0.0009060287108744464,0.192,0.136,1.0,0.0,0.16,0
5fc4862a-b102-4347-81fa-28060d9a9e20,1.3642034864481204e-08,0.0015112520489531517,0.108,0.016,1.0,0.5432835820895522,0.06,0
5ffd5ea5-e625-41d1-a65d-4d3d1b02fb1c,0.3573642847494395,0.017133800634750652,0.204,0.136,1.0,0.0,0.06,0
60705fce-fa68-4db4-9e7f-4ab1f6e60081,2.066412530170587e-05,0.00028018190695712323,0.152,0.06,1.0,0.0,0.08,0
60a79a0f-54b7-4e0a-a97c-084bb8058816,0.7548719496438673,0.015660640983643895,0.236,0.14,0.0,0.24010554089709743,0.2,0
60dda59d-18e4-44a6-a5f5-c128be76feea,0.8533267963857305,0.005089558639450779,0.184,0.084,0.0,0.0,0.12,0
614c48bb-6b1a-49da-907c-e1327346a066,1.8700899524408327e-06,0.0002857917324646635,0.056,0.032,0.0,0.0,0.08,0
6163cfda-3399-4e5e-b296-723d7639879a,3.578074991799698e-14,0.00017322143911852918,0.048,0.008,0.0,0.0,0.06,0
619cad5a-719c-4b00-8d9b-77ddcb1700d9,3.062070518878364e-05,0.000725533144671181,0.1,0.052,0.0,0.0,0.12,0
61befd1d-03bd-4e69-8869-f640a77ee099,8.766175217826668e-05,0.0016405520150844376,0.128,0.036,1.0,0.0,0.14,0
61c9794f-9cdf-4689-b6ed-ff1ba2228da5,0.0015990420714124044,0.0046803766899967975,0.304,0.16,0.0,0.34732824427480924,0.18,0
6203293b-46b1-4e42-a40f-6394ae2df708,1.4931244397166575e-05,0.013862210456034764,0.096,0.052,1.0,0.0,0.04,1
623c244d-1cab-4d30-a4aa-5e59572da0cf,1.824773760092853e-06,0.002400856402050153,0.184,0.084,1.0,0.0,0.16,0
623c3cfc-417c-4ad7-aa6c-e6c8def9c239,1.4708761181534426e-05,0.0015692976384142636,0.204,0.064,1.0,0.0,0.14,0
62460ade-1446-410e-bd8d-c12f7491dbb9,0.0008576845918347779,0.001531327026117983,0.088,0.08,0.0,0.0,0.16,0
625864db-2ba1-471a-92a7-642e360b9b4e,1.0881924728353503e-05,0.00022374133655597147,0.14,0.08,0.0,0.34732824427480924,0.14,0
62b28e1b-5cec-483d-a884-43988647aa97,0.09025211978065135,0.010254228670125,0.248,0.136,0.0,0.379958246346555,0.14,0
6335a97c-7d24-446a-993a-4eafccf870c7,1.0951483936576292e-06,0.0005701652573324688,0.084,0.068,0.0,0.17704280155642,0.14,0
639c9cde-ba79-446f-aa44-00ded129acf2,3.598200931785712e-05,0.00018477160690211718,0.116,0.084,0.0,0.0,0.1,0
63f9e66a-adf0-42c2-bbf7-c474c214c705,3.2116004013618294e-08,0.00026474311764677064,0.06,0.04,0.0,0.0,0.04,0
640b2286-24d5-4a1f-9eca-304dbe2fba0c,5.48282693314548e-05,0.0002452467745670641,0.172,0.096,0.0,0.0,0.1,0
6489d5a1-36e4-4ba9-80b0-02d9604e145f,0.9221233398045454,0.04366361581440441,0.328,0.168,1.0,0.8762035763411277,0.14,0
64b6d53b-cc9b-4d75-9471-6804031d5b34,0.00022158737084393927,0.00010188522608502015,0.096,0.06,1.0,0.0,0.14,0
64b9923a-64f7-48c2-aaa6-a3686f89410d,9.882778902976e-06,0.00039022526851383596,0.068,0.032,0.0,0.0,0.02,0
654e5a0e-e6de-4e98-827a-213c8138cfa8,3.676894469068471e-05,0.0033598870080601916,0.128,0.056,1.0,0.0,0.12,0
6577e64f-29c1-4246-b70b-56a61935dae6,0.00018543849810694884,0.00018277978833093568,0.108,0.084,0.0,0.0,0.14,0
6592dd5f-4ea1-4c34-ba88-1736fae348d0,0.0017272683159716437,0.00015024943242453656,0.204,0.084,0.0,0.0,0.16,0
65b0fce9-597c-46ce-9ba9-db52db4e3284,0.0010044761968900056,0.001314621675166605,0.28,0.148,1.0,0.9491525423728812,0.24,0
65dc212d-bc0f-4e77-ba6c-630ebab1ddee,0.9872528260900851,0.03151822602645706,0.316,0.204,1.0,0.8114132857779743,0.22,0
65e4afab-a17d-4fb1-9a20-2a08ffb04719,0.2198123009799031,0.02015314092948574,0.212,0.104,0.0,0.4678663239074546,0.12,0
65e5f89a-fab0-4bfd-b02b-808edceb47f2,0.00016633147907099975,0.015403883863327746,0.184,0.064,1.0,0.8348623853210996,0.18,0
6600af05-b0e2-4e11-a3d4-e9b233746e84,0.5891795938257731,0.004848206443618203,0.176,0.112,1.0,0.0,0.2,1
661cf529-9625-4e3b-8318-eadae4549ff1,1.5873831510763437e-05,0.000650455599221746,0.204,0.112,1.0,0.0,0.12,0
6662fe73-3ef2-4f1e-8650-cb04bb350ded,3.3837366985036494e-06,0.009237597114586533,0.204,0.08,0.0,0.17704280155642,0.26,0
667dbbb6-a8a9-4b9d-99f5-ac59c537d132,0.004978608564168847,0.005413729242348159,0.184,0.072,1.0,0.8762035763411277,0.12,1
66988e12-4150-4d90-83e0-b8998c714262,0.017257303515999554,0.0006357412853125878,0.176,0.096,1.0,0.0,0.2,1
67079be7-1a6e-4629-a157-a068441c74c6,8.756691565437768e-06,0.00011012141159630406,0.076,0.02,0.0,0.0,0.12,0
67097928-cf21-4b68-aac7-3bc2458e0fc4,0.0006076573777320903,0.001402140423558799,0.216,0.12,0.0,0.8348623853210996,0.12,0
671fd7e3-f03a-45f0-a252-2ed6d7ddac00,0.2504985391794614,0.001958881730639178,0.3,0.168,1.0,0.34732824427480924,0.14,1
676915c8-5126-487e-b700-2170cee579f0,2.6186881224648454e-08,0.05099129218816817,0.288,0.128,0.0,0.0,0.18,1
679acb06-d5d6-471f-bd8f-b77ef3d31053,3.8986184042388184e-10,0.0006351174766878945,0.088,0.052,0.0,0.0,0.14,0
67c2aecf-8443-4c82-b5ba-9b67b20dc168,0.000946209874822824,0.002548251166081663,0.104,0.064,1.0,0.0,0.08,0
67ecea6c-927c-4bab-8293-b1d33f21e87c,0.00019330780962618392,0.15415282866195804,0.452,0.248,0.0,0.7492083597213433,0.26,0
686c3d98-0fa3-401f-a30a-a34191e8de16,2.2415673389433796e-07,0.024351919325202327,0.132,0.04,0.0,0.0,0.06,0
688239bf-6b29-4c56-bb6d-f85913a1d28b,1.308290516352034e-07,0.0002444093111522601,0.084,0.036,0.0,0.0,0.1,0
68961b60-a448-40e9-ba2c-92dfbbc6dfd4,0.007827971651125953,0.0058134442257862275,0.296,0.148,1.0,0.490566037735849,0.14,0
68bac871-baa0-466d-9184-afa2428f5ea4,5.375481864513713e-07,0.000628024597539023,0.088,0.04,0.0,0.8348623853210996,0.18,0
6921a362-1704-4794-876d-bc0f0dd615aa,7.840701330337169e-05,0.00026248111423048153,0.1,0.052,1.0,0.0,0.1,0
69ab1dfc-b99e-42bd-9e21-3d6c9d48b7d4,0.0016922973784557766,0.001437751396623149,0.176,0.04,0.0,0.0,0.08,0
69cd6907-29bd-4c18-8b18-cd792deede27,3.5460281127200556e-07,0.0007862975014570232,0.228,0.072,0.0,0.7165354330708658,0.14,0
69f5df6d-d878-42c3-a43b-4a30636a2415,0.0005102752375578683,0.00016945406260742254,0.04,0.024,0.0,0.31487889273356406,0.1,0
6a2076b3-660f-498f-8982-e64ae4ebb214,0.030302458101723197,0.014521024592313251,0.344,0.228,1.0,0.0,0.28,0
6b2bb5dd-2e15-4a7f-8664-5c0fd2520005,0.051641678364139215,0.0012878853995738299,0.224,0.052,1.0,0.0,0.16,0
6c60884e-5aa0-432b-b201-bbf60894537c,1.3629581663160262e-07,0.0004209864609430583,0.168,0.088,1.0,0.0,0.08,0
6c925728-e768-4245-a65e-31d59cb73e43,2.614312726288071e-06,0.0010323587184437252,0.164,0.088,1.0,0.34732824427480924,0.2,0
6c96ba8c-9390-428e-a87d-80927aa664f6,6.149805764302586e-05,0.0004213412899664922,0.096,0.04,0.0,0.0,0.16,0
6cc661ea-f2cd-4ade-ad66-a6478ad4d6c8,7.205631394865007e-06,0.009078756171715382,0.156,0.08,0.0,0.0,0.08,0
6cde8650-118a-4ae6-934c-d6d1e55663d0,4.402473980131075e-06,0.006057810898912885,0.2,0.132,0.0,0.749742533470649,0.18,0
6cf2c8cf-a2a5-412a-a4fe-5723ce987d90,0.07478811082037216,0.0023272269331761903,0.168,0.124,0.0,0.0,0.22,1
6d157621-0176-4b79-9036-092de8988bb4,0.7156574564605933,0.004511305907036831,0.268,0.248,0.0,0.8114132857779743,0.24,1
6d240e0b-cab8-4e5d-a44b-fe91f019dd07,0.0016839207015224142,0.004791555998474662,0.18,0.096,0.0,0.0,0.18,0
6d286e23-0599-427a-a182-60c353351229,0.0013429602646551247,0.0008374238910607216,0.128,0.036,1.0,0.0,0.12,0
6d65f0ab-d444-499e-a487-0df5049ec253,0.5071953364017672,0.007072521221894033,0.292,0.14,1.0,0.8348623853210996,0.16,0
6d959894-cc0d-4fb9-863d-153653f7d6ad,8.5173955705282e-08,0.0031841443416957904,0.08,0.04,0.0,0.8584905660377361,0.08,0
6dfee0d8-e664-47b7-90cb-acba21a4df69,7.034969063205976e-07,0.010574336999939156,0.248,0.088,0.0,0.8348623853210996,0.18,0
6e0378cd-25e1-4383-9507-1f77e066a52b,0.0015115757948581496,0.0006394844826376737,0.144,0.096,0.0,0.0,0.14,0
6e218b85-8a80-4b85-8d2d-3b09c8d1cc3f,0.02807292582797983,0.0010789044892824998,0.116,0.06,1.0,0.0,0.08,0
6e332942-a651-492d-a0f1-11af6a6bed1e,0.11503784957875635,0.0029275976361247203,0.212,0.144,0.0,0.0,0.08,0
6e4a8830-37c3-4ce0-902e-bfa1d03a27f9,0.12002458597370762,0.009813712775422579,0.408,0.22,0.0,0.8348623853210996,0.22,0
6ef85c61-81c9-42ad-b3b8-cecaaf1df39e,0.7687757105882862,0.00486699084627127,0.22,0.14,0.0,0.0,0.24,0
6ef96dd6-3d57-43c7-a615-934ec24b7ab5,3.553314228992827e-11,0.000323749278722428,0.052,0.032,0.0,0.0,0.02,0
6f0f4e65-b279-44bd-8c41-a338957d139f,2.2046624423493754e-06,0.0009485077451242264,0.064,0.056,0.0,0.0,0.04,0
6f32a0cd-9fb5-4e2f-88e1-d0f47ac91ed6,0.5123112894020936,0.08736887356992566,0.364,0.14,1.0,0.7492083597213433,0.16,0
6f4541bb-782f-462b-b804-d91d55855d35,0.9706358715246718,0.005995657330329447,0.172,0.152,1.0,0.490566037735849,0.16,0
6f9c5bd4-dbe6-49fb-844b-a8847f2b32dd,0.011253385846593165,0.0008340439585807614,0.092,0.056,1.7686636111263832e-64,0.0,0.08,0
6faa590e-0914-4816-a0d6-be8a0c0c6f0c,7.851811500882186e-06,0.0005851097031694612,0.184,0.072,0.0,0.0,0.08,0
6fb82227-d308-469e-bad7-efaad623faf9,0.9986897300581242,0.014230753290915023,0.348,0.228,1.0,0.0,0.2,0
6fe2ef28-1bcd-486d-9dee-dfddaab1303f,0.002137865985489862,0.004497575689991649,0.196,0.096,0.0,0.34732824427480924,0.1,0
6fe34f24-b34b-4cf5-b89f-59c3c639bd82,4.4707474820682526e-10,0.00013741251659162015,0.14,0.092,0.0,0.0,0.22,0
703d8fe9-469e-4b39-b776-f2347e994716,0.5720498645571733,0.011417644369817381,0.184,0.088,1.0,0.0,0.14,0
706541db-f9ac-4823-9cc9-c4abdde3678c,0.015562437117350824,0.0005088025760123378,0.16,0.108,0.0,0.0,0.06,0
707d21eb-9140-4865-a32f-6f8e17a5b604,0.00012448838784998267,0.0010146366939496557,0.148,0.072,1.0,0.7165354330708661,0.1,0
708c78a0-600b-43fc-9e79-eccada20ecd9,2.2656152486218007e-07,0.00015371767445187466,0.16,0.048,0.0,0.0,0.06,0
709d3a6e-2218-46ca-8568-e56da50b6d20,0.99733373998428,0.00026760032612230695,0.156,0.104,0.0,0.7520661157024793,0.14,0
70c97032-d7f1-4d60-96f4-fac22e23ac01,0.040268289639332044,0.10765079683251469,0.368,0.212,1.0,0.7492083597213433,0.26,0
71042d51-51ca-4070-82af-c595edeb648f,0.000883232876981463,0.0012430416153834795,0.132,0.1,1.0,0.0,0.24,0
721ff18e-8528-48d1-87e0-5c8ba65183ff,0.002161348020293498,0.0016492542176121793,0.108,0.072,0.0,0.0,0.06,0
722e0b3d-1da2-45f1-812d-3bd4e104eab4,2.235123923084449e-08,0.00015268648811612003,0.08,0.04,0.0,0.0,0.1,0
724db6f7-4f11-4a2a-b637-a3a90392b96e,0.004622513858402361,0.0007984399736989112,0.116,0.06,1.0,0.0,0.1,0
7288a809-3c95-4443-92dd-1623526be041,0.11066034788061437,0.0033333919306462482,0.068,0.068,0.0,0.0,0.16,0
7295cfe3-26d3-4f78-83be-356958ffed5a,1.318428068951972e-07,0.0015483605035614184,0.168,0.044,0.0,0.379958246346555,0.1,1
735d23f3-cdf8-4bda-a345-e827afe18865,0.02058136923957576,0.017864534610386663,0.248,0.132,1.0,0.7492083597213433,0.24,1
737dd4e7-736b-4f9b-a644-f8ca27d3a73a,0.029190349141350564,0.00025207500777426164,0.144,0.076,1.0,0.0,0.14,0
73a48c26-ebc7-4e7b-a50d-4838ab3566d4,1.438537308853186e-10,0.00028418248711869164,0.136,0.068,0.0,0.0,0.16,0
73a559eb-7907-427a-8872-deca2f6301cc,1.491239650426489e-09,0.005477608891957374,0.188,0.088,0.0,0.8114132857779743,0.12,0
73b4a9ee-0cff-4d2e-8ea6-bbe1d9168410,1.5399437712067678e-09,0.0004905782071537609,0.084,0.036,0.0,0.0,0.04,0
73bd51d4-38da-45b7-acf6-b1e11f86eae4,8.566055970363586e-08,0.053864634232639215,0.192,0.116,0.0,0.0,0.2,0
73eea6ae-5980-4f05-bd90-fc2fe05fb15a,0.0026712513414364177,0.012958021097753545,0.168,0.104,1.0,0.8348623853210996,0.12,0
740d9ae2-66a8-4a45-8991-74b18fd22e56,6.262505357890369e-05,0.004534518987294358,0.108,0.052,0.0,0.0,0.06,0
74382bdd-3d69-4a63-aa83-480407190d29,2.8124585739154574e-05,0.0021533245461599405,0.128,0.076,0.0,0.0,0.06,0
746a8ef5-7759-4923-8ece-8161369211ad,0.9990666469485896,0.003357078405288295,0.104,0.072,0.0,0.7492083597213433,0.18,0
749e7d2c-6dc2-4bd2-888d-34e5cd6a64ce,0.0019345272589058032,0.0824156833543028,0.456,0.292,1.0,0.749742533470649,0.24,0
74b6264b-69c2-4fe6-be82-fb320e501bd6,0.0010459759143940672,0.0001569208170910336,0.064,0.028,0.0,0.7492083597213433,0.08,0
74d37275-223c-4855-8bbb-d29fe9dd4ad9,0.18975369200131645,0.007103895048848895,0.224,0.184,1.0,0.0,0.12,0
74eeb19a-30fb-4f06-b3f8-8031080d859a,0.00013249574915812594,0.5810239462868774,0.348,0.108,0.0,0.8114132857779743,0.24,0
750d719d-9d5c-41a9-8413-b2be066e9bd7,0.00016083199078864615,0.0004738917458827783,0.092,0.06,0.0,0.0,0.04,0
753a2b2e-5c74-4393-9cff-6b7e0ebf6350,0.004604552284853461,0.0025510591703632453,0.148,0.084,1.0,0.0,0.08,0
75498d57-c691-4cbf-8af3-aa9f9b2d0022,2.3860730397527495e-07,0.00015597267940701238,0.124,0.068,0.0,0.0,0.14,0
75878226-8cb8-4be2-a31f-ec1b8191d1c5,0.0001834721193949673,0.00027307913429219636,0.12,0.064,1.0,0.490566037735849,0.14,1
7587c950-dd99-4bfa-96a1-0eeb37e0c9fa,2.795214933925466e-05,0.00022351647251520464,0.08,0.036,0.0,0.0,0.12,1
7598d4b0-a7dc-4cff-8000-86d61ae03baf,0.4739292537592129,0.001238051902631528,0.132,0.128,1.0,0.5432835820895522,0.18,0
75c223a2-f3a5-4296-a210-bbff6fa06c61,0.19112800034209704,0.20213739432355507,0.384,0.204,0.0,0.8348623853210996,0.22,0
75da5a0c-910f-44c6-afcd-f8f21cbb6ba7,8.908558010225577e-05,0.0004188878052590215,0.096,0.024,0.0,0.0,0.08,0
76171a54-7b82-4c43-b650-3f99ce803987,0.0063721700084692825,0.002494884189049939,0.128,0.056,0.0,0.0,0.12,1
76186c5a-0d12-4482-acb4-1e72b14e718d,7.273567021192408e-13,0.00010491872831291784,0.044,0.012,0.0,0.0,0.02,0
761b07a2-729f-4468-899d-cee517e9473b,1.0873041179347891e-05,0.002610820486768235,0.12,0.096,0.0,0.0,0.16,0
7648fe5a-155d-41d9-ab36-b6b0b17cd1e6,0.002034877142739896,0.00020250475868519182,0.052,0.036,0.0,0.0,0.1,0
764a5623-cb6b-481d-bc53-241075e13fa6,0.9969120805228974,0.17848594217880737,0.236,0.132,0.0,0.8114132857779743,0.2,0
76bece63-47a5-4e64-aa4d-b698bc4edbc9,6.485773363558386e-06,0.0004521401450565702,0.068,0.036,0.0,0.0,0.04,0
76e21855-2b6e-4d4b-bad9-89125166568d,0.0026326876748947506,0.1722471899942627,0.28,0.136,1.0,0.34732824427480924,0.14,0
76fcf3ee-ea9e-4a14-9764-6a99a8f41a45,0.9853604561297086,0.00767178177309273,0.296,0.184,1.0,0.0,0.12,0
7720ad51-7399-4a5c-a59b-e035b6e20f3f,0.0003644092541032051,0.003972487612994842,0.176,0.096,1.0,0.0,0.22,0
775de072-ec9a-41cd-90d7-484828b55e96,1.4933984801785776e-05,0.00040577967823636946,0.092,0.032,0.0,0.0,0.04,0
77bc2b42-76a5-4d56-a78d-cffcc74dfa73,0.002612281171734935,0.0033584983864908273,0.248,0.136,0.0,0.0,0.2,0
77c44589-0193-41ed-b7c0-bff294fc148c,0.00022532062666676348,0.025273164922736183,0.192,0.088,0.0,0.0,0.12,0
77da4981-1e64-46d8-a323-714c19f42b30,0.00019596854314943185,0.09786646147472132,0.204,0.096,0.0,0.0,0.18,1
782b9052-44ae-41e3-94b8-82a21c877d40,0.004705495894480742,0.0003293206696031577,0.16,0.076,1.0,0.3473282442748092,0.16,0
783dc227-b7bc-4718-813d-1e91bb6faadd,4.838309351298381e-09,0.0003030532269642994,0.104,0.016,0.0,0.0,0.04,0
786c36d5-6374-4f65-9390-b56ff9d02f4d,0.7468325013608516,0.0008848897098635623,0.112,0.108,1.0,0.0,0.14,0
78b2487a-1f5b-47d0-9423-556915d1e5d9,0.9996600991624534,0.000772759590063871,0.284,0.132,1.0,0.0,0.22,0
78cfb4cb-5ae5-46a8-b7b0-71196d37d288,0.9409425119997858,0.0016675097731542099,0.108,0.036,0.0,0.0,0.14,0
78f57260-8077-4b58-ba3c-9bb1bfedca43,0.0043254575198771366,0.002779388928072443,0.256,0.136,0.0,0.0,0.16,0
79c04302-ab52-4bc7-91f9-f5ed76c278a0,0.009952507853975117,0.8775078405321463,0.528,0.24,1.0,0.8114132857779743,0.2,0
79c817b5-6fe3-437f-8e33-557f3c66753f,0.008879407526717313,0.05518536491201535,0.332,0.212,1.0,0.0,0.24,0
79dee5a4-e0f3-4fd2-8290-fdfd0ec6400a,7.111027971485758e-06,0.04744241934000975,0.2,0.088,0.0,0.0,0.12,0
79e7d0cc-80f6-407b-9be8-2b1e5c9d07b3,3.708649661750357e-05,0.00012182362090229798,0.088,0.06,1.0,0.490566037735849,0.08,0
7a0921b8-cc82-4b1c-a1dd-fdd805cee68a,1.5177566398178773e-05,0.0007486085560485429,0.092,0.076,0.0,0.0,0.12,0
7a5f026c-bd3a-4bb2-93d8-b67a160594d0,1.1374899522711676e-05,0.0008811371013352798,0.076,0.024,0.0,0.0,0.06,0
7a7b222e-6877-4144-9f39-7f354acd269c,0.3672312574458729,0.006049191684951078,0.372,0.188,0.0,0.0,0.2,0
7a7cabc2-f6f3-48a3-ae7a-2bac6466d159,5.355839250798937e-05,0.0033507386628555077,0.164,0.056,0.0,0.0,0.04,0
7acb5787-1a9b-4ffe-829e-bfc5da5bd012,0.12310575825420696,0.028537668818843637,0.224,0.136,0.0,0.379958246346555,0.2,0
7ad8e1e9-946c-4828-a217-eb4680c4cff8,7.527011195354607e-05,0.007341943012536241,0.156,0.092,0.0,0.0,0.16,0
7b68365d-2fed-47eb-a624-7c4fccb9b8bc,0.7750688712964572,0.010604627780670041,0.152,0.068,1.0,0.0,0.2,0
7babb925-f1ac-49fc-8e54-43ede3f46aa6,2.1817476709094373e-10,9.043455983454124e-05,0.144,0.028,0.0,0.0,0.1,0
7bfc3164-fedb-4e1d-9546-a25095d8b5fe,7.531963125050412e-06,0.00032507597658740066,0.136,0.04,0.0,0.0,0.1,0
7c141315-929f-449c-83bb-5b18687c7aaf,0.12628374652607866,0.029602639636871143,0.284,0.18,0.0,0.17704280155642,0.22,0
7c252fa4-eb38-442a-93fa-61141519bf11,2.3566833254781794e-05,0.06574214943648884,0.248,0.136,1.0,0.0,0.16,0
7c9102ec-b3f5-430c-9625-5f368299c72d,0.041655168327624274,0.059146099177128354,0.316,0.2,0.0,0.8114132857779743,0.28,0
7c9642d3-b73f-4cbc-99de-a09b18710280,0.059127722679843536,0.00442737780627168,0.224,0.116,1.0,0.0,0.2,1
7ca48bae-ff6a-4fba-af00-2e79b6243cba,4.882539226330344e-05,0.005509008938116111,0.196,0.076,0.0,0.8348623853210996,0.2,0
7ca5b551-1885-450e-a85b-8a661ceaa3c4,0.009646729449452648,0.0012180726111813633,0.168,0.096,0.0,0.0,0.16,0
7cfb5feb-7739-49a0-b1ed-ed048ed6eca9,0.6596609058939256,0.001683179675285878,0.188,0.1,1.0,0.34732824427480924,0.14,0
7cfcda4a-ddd7-4a29-9945-5322f53d6a98,0.0004364579202724286,0.00021375720673980563,0.096,0.04,0.0,0.0,0.08,0
7d35a8a7-d206-4b62-82a5-e7e4c16a39a6,0.18678479587145538,0.049462039459567855,0.38,0.232,1.0,0.7492083597213433,0.3,0
7d4c9f0f-148c-4d6d-921d-79bfec8aff88,0.9866999494158788,0.037040713333720277,0.264,0.192,1.0,0.8762035763411277,0.14,0
7d5c8886-955c-4540-ab4e-b291577c96fa,5.477378368663754e-05,0.002842045216934765,0.24,0.128,1.0,0.0,0.16,1
7d97e232-8e00-4063-9bdb-07adf6439b31,0.00028089292470671266,0.048845260637127005,0.192,0.1,1.0,0.0,0.16,1
7dc83ae0-744a-455e-90c1-c9af5e55f741,0.9195235142545424,0.016764366456989716,0.312,0.244,0.0,0.9491525423728812,0.2,0
7de95108-d8cb-48c4-85ec-bbb3d58c13fe,0.07859275579208153,0.008069501710305085,0.184,0.072,1.0,0.8114132857779743,0.16,0
7deb0e5d-982e-4dc1-a397-8ee3c72d32e8,0.3113171757743773,0.7510971797255592,0.384,0.148,1.0,0.8348623853210996,0.22,0
7e415345-9354-4305-a0dd-3729561629d8,0.0014618790136765928,0.011237054108995314,0.224,0.1,0.0,0.31487889273356406,0.14,0
7e70e5cd-7086-4d6d-9e38-da821b91d8c1,0.0038269695580093635,0.006860553837168636,0.192,0.08,1.0,0.0,0.1,0
7ec120a2-ad51-4a73-959a-5f818ede36a8,0.003822106275502924,0.0004076708007901229,0.184,0.088,1.0,0.0,0.12,0
7f624601-757a-48f5-a7e1-1af656c62e21,0.00046632486844716103,0.021255029971776123,0.24,0.136,0.0,0.0,0.16,0
7fc10af7-1fef-4c7b-b23c-b74783c1e751,0.000314875953258789,0.0011116229359358822,0.084,0.052,0.0,0.0,0.1,0
7fca03b6-6ed1-43c2-8feb-fbb8bae9e712,9.886129910640491e-08,0.0004775383034034565,0.1,0.032,0.0,0.0,0.04,0
7fd002ff-7c03-4ec2-abd5-72d4a968aedf,0.00012836577312591132,0.004430897987927006,0.26,0.12,1.0,0.8348623853210996,0.14,0
7ffa6915-4992-43dd-843b-ef3c5e256799,0.002494430574008762,0.0002249400891038789,0.14,0.092,1.0,0.0,0.16,1
80133c9a-38de-4f9f-91b3-6f1e74ab5210,2.182817539644189e-07,0.0019504926146238016,0.096,0.06,0.0,0.0,0.1,0
8033c95c-9a51-4c29-8e16-db1187e5bbe2,5.167254820418767e-09,0.00015119322747438323,0.084,0.028,0.0,0.0,0.08,0
805dbb1e-529d-4f40-a9f0-091debbb025f,0.005535426454825976,0.00034276267122843425,0.08,0.076,1.0,0.0,0.16,0
80872a7d-47bb-4287-969d-ca8973e9ffb3,1.2640626017883002e-08,0.0005179672357590853,0.088,0.032,1.0,0.0,0.06,0
80a23f16-9ae1-41fc-9b7e-b853c41cb1f0,0.5486824110005801,0.0002786051709579566,0.08,0.044,1.0,0.0,0.12,0
80dca577-edd4-4bb6-b8d1-4c446d6fa904,0.00211754527573769,0.009217653610926429,0.276,0.136,1.0,0.0,0.22,0
80e3f4ce-cfe5-4f78-aed2-9ef8d9ea794b,1.4782446772909118e-05,0.0003125947298092594,0.108,0.036,0.0,0.0,0.04,0
80ffce05-954e-4094-a342-41f774409727,0.9982762015194518,0.036893118419831436,0.276,0.132,0.0,0.31487889273356406,0.2,0
8114beb9-cc96-4339-a475-d6261e935af9,4.3135273427923235e-10,3.607979489646022e-05,0.056,0.024,0.0,0.0,0.04,0
811f0a21-c68f-4028-a8d0-bb40b53b1a9e,0.023466304763665055,0.002428491978144174,0.224,0.132,0.0,0.8348623853210996,0.22,1
8122a1d7-fe9a-43ea-a20a-590e6721887e,0.0003125030202076216,0.051472170735808266,0.248,0.088,0.0,0.0,0.08,0
81879b09-d663-4bad-bf8a-ae97fae3cb07,0.6339731579301818,0.001183579412815419,0.176,0.072,0.0,0.8114132857779743,0.14,0
81bfe52e-b522-4dc5-a664-809942ce9571,1.1444500435511272e-06,0.0007818670227217753,0.108,0.032,0.0,0.0,0.04,0
81ca30d8-532e-4205-849c-e10bd0b21e42,0.020942987420257887,0.0006118658671350995,0.064,0.056,1.0,0.7165354330708658,0.06,0
81e1ca63-dc42-4724-b505-e0f2e56c6d5a,0.006658644254860333,0.024981535390810165,0.124,0.068,0.0,0.0,0.14,0
81fd2d9d-ce58-4288-b9bf-041f6e48b457,5.2082736293631526e-11,8.04106793256435e-05,0.076,0.028,0.0,0.0,0.02,0
820d8f7c-4280-4489-8047-e77b9b7fb01c,1.948587138608677e-14,0.0007518654633618074,0.14,0.052,0.0,0.0,0.08,0
824c4ba0-5f38-4985-8109-088ae1749f97,0.008133988246199434,0.011021670130684712,0.292,0.116,1.0,0.0,0.2,0
82771df0-6ce4-46af-80af-d30bcdb8c948,2.0465105663700447e-05,0.00040742547571186703,0.072,0.028,0.0,0.0,0.06,0
829d50b8-03cb-46ba-bbfa-f55e2bd27863,0.00010317350434545935,0.000874140285345061,0.136,0.08,0.0,0.0,0.12,0
82c08af6-1611-4c5a-9ee3-7b92369902c3,2.615596438891643e-06,0.003931206092528472,0.168,0.1,1.0,0.8114132857779743,0.1,0
833ab3e8-63fd-4e13-a6b8-318e9a9438fc,1.0402197606057164e-07,0.0015430947650396508,0.116,0.056,0.0,0.0,0.12,0
834ab8db-9c20-4336-9b40-914174f831c7,3.3862651293590193e-06,0.03492060647956254,0.304,0.164,0.0,0.0,0.2,0
84987abf-63e0-4236-9968-b7b039f740f0,0.8016631816958603,0.00048123672423030145,0.124,0.08,0.0,0.379958246346555,0.12,0
850e657a-679b-454f-ad43-c7940677f268,0.0007830726861577031,0.0004937199027706607,0.132,0.084,1.0,0.0,0.14,0
85256c06-6fc0-4356-8830-3ab1e82a4939,0.021979393964685828,0.058639144273601396,0.284,0.248,0.0,0.0,0.22,0
8532cf93-2bb4-442c-8f4d-20e16e0dcbe4,0.015626302083186668,0.07180243587995494,0.172,0.076,1.0,0.0,0.08,0
857dcd1d-0e64-4664-b501-d95095b3238f,0.004798151530639585,0.023222014962017798,0.208,0.12,1.0,0.8348623853210996,0.16,0
8588d241-9256-4f0b-bb0c-a0e7310010cf,0.24055742152351273,0.0020085564410133707,0.252,0.068,1.0,0.0,0.1,0
85916ef8-6b1d-42e8-bf8b-8354c35920b4,4.713237944954493e-13,0.0009125846455603724,0.104,0.06,0.0,0.0,0.08,0
859776f1-1aff-4489-8d5e-856022d21e1a,0.00024055490626963497,0.00026393280145155766,0.116,0.044,0.0,0.0,0.06,0
85eb5690-268f-4376-9ffc-56a4c79d6e6f,0.012186282455328112,0.0005462730047968668,0.208,0.092,0.0,0.0,0.1,1
861e5eec-0431-4233-b52a-ed8cc97155aa,0.0009963051902687544,0.008617020589555708,0.252,0.148,0.0,0.490566037735849,0.18,0
86369b08-f32f-408b-9925-807b9860de64,0.0010250898742849648,0.0006701076546781955,0.084,0.024,1.0,0.0,0.06,0
8653162d-5bc9-4a9e-bb76-a1a400119c70,1.5744492382579464e-08,0.0004330359263386711,0.136,0.032,0.0,0.0,0.08,0
8689c58f-5948-414b-bcff-59e7f13f7dbc,0.962764817846096,0.0016219328465275817,0.32,0.116,1.0,0.0,0.2,0
86f6b4d2-4c35-465a-87d0-c34327806154,0.7704512145448367,0.005173476775139731,0.152,0.096,1.0,0.5432835820895522,0.1,0
86ff1c5a-d92a-4ee2-808a-9fadd22e9622,0.000893360769734469,0.0008559891012521288,0.164,0.064,1.0,0.0,0.12,0
875a70bb-224a-4feb-84af-dd985538f2a4,5.033896963919779e-07,0.00046929098419611136,0.1,0.028,0.0,0.0,0.16,0
8776b3e8-a776-4c7a-98f7-2a9bf907156a,0.7420973813499017,0.07319139525409425,0.32,0.196,1.0,0.0,0.2,0
879dd0e2-98ce-4bb2-933b-1fa176d99f81,0.002023402770214111,0.04366835048229772,0.336,0.128,0.0,0.9293008641005499,0.16,0
87a4f953-e351-47ec-8d20-b98fef3a95d6,9.564473495836488e-06,0.00288548230731563,0.176,0.088,0.0,0.5290697674418604,0.12,0
87b21292-8d28-443e-aa80-b6dbf580092b,0.8994347283090041,0.020689105891536132,0.252,0.14,1.0,0.7165354330708658,0.22,1
87d919e0-413e-4469-8528-cc74f6d71983,1.5065674990146372e-07,0.002610089861579815,0.076,0.048,0.0,0.0,0.02,0
87dc7a96-dd3a-4748-938f-96ed9d9950ea,0.0039883328481181025,0.0005641295298994399,0.052,0.028,0.0,0.0,0.08,0
87fa9de7-b8cf-47ff-aca4-a12cb5193eb3,0.9672237643871084,0.0047486868092907015,0.28,0.12,1.0,0.8762035763411277,0.1,0
8857c61a-8981-47af-93c0-9cd6604321d0,0.1918081441023182,0.0002601636533729102,0.14,0.064,1.0,0.7492083597213433,0.1,1
888805d0-e204-4c55-9da9-cec04f179029,0.16165232465716503,0.004513232840214784,0.192,0.116,0.0,0.9293008641005499,0.18,0
88b1e3be-f2d8-4819-b136-c099070bce95,0.001795362829078403,0.0016617944040852827,0.116,0.044,0.0,0.7547393364928913,0.06,0
88b5dd74-cdc3-49a3-be49-6d2e5d1491fe,0.9973684204167595,0.005226351408909045,0.576,0.46,1.0,0.8114132857779743,0.26,0
88bd320a-44c8-48b7-ab4f-be7e7abd4c57,0.00012925863453486694,0.002145388330045592,0.144,0.08,0.0,0.6967840735068914,0.18,0
88fa20b6-5f1a-4d12-98eb-4828ecfe228b,2.858140482117457e-07,0.00040415505635575563,0.124,0.056,0.0,0.0,0.1,0
8920ac5c-6b62-4556-921c-c0d947602a15,0.10576658089270602,0.1977879634838914,0.388,0.232,1.0,0.4678663239074546,0.2,1
8970bad5-6d00-4357-9a21-ae604e2b013a,7.068665074448696e-06,0.0002929280328452216,0.124,0.048,0.0,0.379958246346555,0.06,0
8970d407-a9ac-4b40-b9c9-a166da331356,0.9328559621262359,0.00157902242834274,0.12,0.112,1.0,0.0,0.14,0
89933ec0-f30f-4380-a01d-781e5b0260b5,4.0076279125759995e-08,0.00014583052981372886,0.124,0.064,0.0,0.0,0.08,0
89e8cf38-c0d8-4b14-a09e-521b29d927c1,1.3761624483342949e-06,0.010037175126243835,0.172,0.092,1.0,0.8114132857779743,0.12,0
8a195592-6bfc-4591-aa79-8f9feb250be5,7.199250068599232e-06,0.0013008664282813409,0.136,0.056,1.0,0.0,0.2,0
8a53b467-ac0d-49d6-a2ba-df50ed809364,5.716028491332179e-07,0.0010818974988662377,0.076,0.028,0.0,0.0,0.08,0
8a68c35d-ce7a-4208-a0c4-5c02bed62613,0.13759395542696395,0.05371905559733441,0.396,0.132,0.0,0.8348623853210996,0.16,0
8ac438b8-c4be-413f-a4f5-61b170e6e078,0.23648819977476654,0.2744722655676984,0.54,0.324,1.0,0.7492083597213433,0.24,0
8ae84303-afdb-4278-951e-6a3df16f9f24,8.494160003015938e-07,0.002516303263179009,0.256,0.132,0.0,0.7492083597213433,0.26,0
8b19183e-2bf2-405c-93ac-371b0270eb91,0.0006024167834531107,0.0009245360214254828,0.168,0.104,1.0,0.0,0.16,0
8b297008-ebac-455a-a3a7-c76555b2b74e,0.9917979643018419,0.030847114984732964,0.26,0.132,1.0,0.0,0.22,0
8b59b8f7-2ff8-4a82-a3b2-92efeae4ab3e,0.2852083781243429,0.2564612551365841,0.444,0.324,1.0,0.8114132857779743,0.2,0
8b63c68b-c805-4003-9c9f-6ddab0b7ade8,0.02354526743348242,0.006086583138648921,0.272,0.112,0.0,0.7492083597213433,0.24,0
8b75faa2-e33a-462e-92d6-ea981ced3dea,0.1907948456821249,0.00042006469675687767,0.136,0.132,1.0,0.0,0.12,0
8ba60699-f85e-4e31-9b9e-a054b3806368,0.004731371444216198,0.0003699643481267368,0.072,0.048,0.0,0.0,0.08,0
8bbf134a-a0c4-4fbc-9b65-988984613add,3.509750525193236e-05,0.0008325365918447478,0.068,0.012,0.0,0.34732824427480924,0.06,0
8bc7735c-8503-49c8-9df6-8666682d9be3,0.022705235826160856,0.0038047261073835582,0.32,0.156,1.0,0.0,0.1,0
8bcb0982-40b6-4b92-8168-c4a9fba45062,5.019878104467728e-08,0.00023995043435713626,0.076,0.02,0.0,0.5432835820895522,0.06,0
8c8ca3a0-b7d9-440a-be68-55d59d4e0075,0.0005239949825132668,0.013106440172979263,0.2,0.084,0.0,0.0,0.16,0
8c8e5e7c-93ce-4344-a923-b2fa66f1eaf4,0.0001505492532688771,0.0039061236231730115,0.124,0.108,0.0,0.0,0.16,0
8c90ab6c-ca31-485d-9f41-cb79ed2c5187,0.13663733295202077,0.00649683499606173,0.252,0.16,1.0,0.24010554089709743,0.16,0
8ca6f15b-53ab-4ed8-b27c-de64f679e82b,1.2803569360499024e-06,0.0028451144764385585,0.124,0.052,0.0,0.8762035763411277,0.06,0
8cd52812-f1b1-4e43-ba6a-82e8ba4c82b3,0.0005153702945880034,0.0010104365000840447,0.156,0.056,1.0,0.0,0.16,0
8cd9edcb-1ae3-4376-87e4-bf49a4e10f21,0.9758855849501142,0.17442922965972096,0.456,0.368,0.0,0.8114132857779743,0.22,0
8cef3218-ce11-4c72-a977-68d8ff75cbdd,0.6817787466261973,0.04786247974674929,0.296,0.188,0.0,0.7165354330708661,0.2,0
8d4eacec-bc2b-46e2-b042-abf477e77b8e,1.632661469521897e-08,0.002476849516643906,0.1,0.068,0.0,0.0,0.16,0
8d60e197-ac0c-402b-930b-c0662f630fe7,8.423391239139754e-08,0.023791907517357495,0.248,0.068,0.0,0.0,0.16,0
8d858c96-c749-4de2-b9b2-ca9f5eb4bd07,5.020856611396829e-05,0.0029524729328523733,0.092,0.04,0.0,0.0,0.06,0
8def23c0-ded7-4397-9cf5-fe8ce3d84027,0.0018315830058500302,0.0014219668769901224,0.144,0.084,0.0,0.0,0.16,0
8e010a0b-9df1-47c4-9219-c4c48461dd7d,1.10236556192518e-05,0.00020474215354794668,0.116,0.04,0.0,0.0,0.1,0
8e28c211-dcc8-4302-a687-9684f06ac6d4,0.3224372502159282,0.2635937091777228,0.308,0.172,1.0,0.8348623853210996,0.2,1
8e585e11-2b03-4c40-b2f0-31f48b2dac3c,0.0008799134911650457,0.0018387731058156665,0.08,0.036,0.0,0.0,0.04,0
8e780964-609a-4bcc-9122-a9d7495a89b6,7.084296355935408e-06,0.002062556028692076,0.08,0.068,0.0,0.0,0.08,0
8ee5f923-4cee-4d62-b1b3-46d2b1bc2f5b,3.3001715580992673e-09,0.003088352912429789,0.148,0.068,0.0,0.8348623853210996,0.12,0
8f1254f9-6c75-453b-920d-8953a682a6f4,0.03302984437602543,0.00020188959154610875,0.076,0.148,0.0,0.0,0.1,0
8f25372d-6e7c-4ed1-b8b7-343e89c4c0af,0.02308860843847207,0.006752930030564973,0.136,0.092,0.0,0.0,0.08,0
8f3962ec-a737-43f8-b8fe-8d53cb92ad04,9.466627691397157e-07,0.052832064812683405,0.252,0.228,1.0,0.8348623853210996,0.16,0
8f443431-64f2-4fa5-a816-3f8e64dc9605,0.015823174567447446,0.0015430366568297653,0.152,0.076,1.0,0.0,0.18,0
8fddd56b-5b0d-4c5b-950b-21cbbce7ab41,0.6884055241168741,0.0022452840957759663,0.152,0.068,1.0,0.0,0.08,0
9011a118-4932-4446-962a-af3c9e480946,0.0595354160471895,0.0018314693866527051,0.176,0.056,1.0,0.0,0.2,0
90203e98-6acd-4a2c-8b94-8f393748b109,9.459228281911034e-10,0.005294607565414435,0.084,0.04,0.0,0.0,0.08,0
902815ad-9bd6-4d2e-bfca-58ebf2dddb80,7.365679731460928e-10,0.00011030778768134757,0.1,0.06,0.0,0.0,0.14,0
90359be8-f169-47c1-abec-68caf737e68a,0.028883175896374538,0.0005775682917354841,0.144,0.064,1.0,0.0,0.12,0
908abe42-7b4a-4377-9f22-9a4fffd0add3,6.176940968517573e-10,8.268171312167555e-05,0.06,0.008,0.0,0.0,0.0,0
913d94e7-a26c-4e85-bdef-af098f72ac15,0.8372412890852486,0.1650909388433842,0.352,0.168,0.0,0.8114132857779743,0.24,1
91f730a7-1cb3-4c7a-8c7c-1a26ad8b8f86,3.515420497952183e-06,0.00015110732090077954,0.088,0.068,0.0,0.0,0.04,0
921e05b1-6226-4bda-bd0a-598707af7e23,3.6676715956528344e-11,0.0003276480584085997,0.06,0.02,0.0,0.0,0.06,0
925ca7f4-82ab-41d9-9025-cf51dc2f7aca,1.8895791778336033e-09,0.6401894985162568,0.364,0.196,0.0,0.8114132857779743,0.12,0
92660d31-b489-436c-be6b-42780040dcd1,1.0209707685312505e-06,0.09199676016055659,0.304,0.176,0.0,0.8114132857779743,0.18,0
927bbb7b-1bd2-4a3a-88c8-7c8707f51c8e,8.638273036188683e-11,0.0002000334075506349,0.06,0.036,0.0,0.7165354330708658,0.06,0
928500f6-2b2e-4ede-b8fc-e1977fc20c3e,0.0003853939113180615,0.00043883547069384474,0.096,0.04,0.0,0.0,0.08,0
92a64b38-4af6-40d7-b2cf-ab817e1b95f7,6.620966334792023e-08,0.00020358009308062166,0.056,0.032,1.0,0.0,0.08,0
92d9f5a5-7dcb-4c03-b36f-88e737b9889a,0.5703166366683451,0.0053848372750582366,0.216,0.088,0.0,0.34732824427480924,0.18,0
93311fb8-c058-4393-85b8-5690f735e809,0.000352124391278916,0.013491967829839885,0.256,0.136,0.0,0.8348623853210996,0.16,0
93794911-5db6-4617-9929-30f8b311e769,7.2517031931218436e-06,0.00025760678204585387,0.16,0.088,1.0,0.8584905660377361,0.16,0
9399fd0d-c623-4b67-b013-07403efd3eeb,0.07407723644433574,0.0005967472122424073,0.16,0.096,1.0,0.7165354330708658,0.18,0
93a1df18-d5d8-4581-bf38-0bf0a133e668,1.0212090061610957e-09,9.912462410219201e-05,0.096,0.02,1.0,0.0,0.06,0
93a8bf3d-8f38-42b9-8027-6212eaa70d0a,0.00013976597109655132,7.024688969456907e-05,0.1,0.072,1.0,0.0,0.08,1
93cbb817-26ce-4b58-88b9-7ac4271c429f,0.09293719162150732,0.000636187192908937,0.144,0.06,1.0,0.0,0.1,0
93da2490-15f0-471c-8b0c-0fad196737bf,0.0003517665382008897,0.00028999127084345354,0.072,0.08,1.0,0.0,0.1,0
941c5ff0-07ed-4573-8988-2745192b1738,3.237606535338797e-05,0.0004947825115837548,0.092,0.036,0.0,0.0,0.02,0
941fd262-c600-4b4e-8fe7-b238d3a32746,0.00010827518905966232,0.0001406912289503853,0.092,0.024,0.0,0.0,0.08,0
942c0371-5187-4fd8-a3a7-f723b03a7b1c,2.1556027387419564e-05,0.026091422981032616,0.124,0.068,0.0,0.8114132857779743,0.08,0
947b07e1-33d4-444a-ab94-48db8e8f9824,0.08102008150679751,0.0032792854008492594,0.18,0.088,0.0,0.0,0.12,0
94e35777-1f74-4d22-b39e-44e44229c81d,5.896283009351244e-05,0.0005268365490220171,0.132,0.096,0.0,0.0,0.18,0
94fd55df-00ea-4c77-9733-e22af371e9a6,0.00962862265081967,0.01244844565525402,0.292,0.144,1.0,0.9491525423728812,0.24,1
955e61e3-ee21-407b-b9a8-12c40a206f17,0.0002795963139907523,0.0008605579615341986,0.14,0.068,0.0,0.8114132857779743,0.12,0
95a0ea41-a508-478e-9340-2852aba583a4,2.633783897831372e-05,0.000430114446835543,0.14,0.048,0.0,0.0,0.14,0
95ca129b-a4ce-4c84-9d9c-36cc205e9460,2.070785901873716e-05,0.0003605918471622901,0.032,0.0,1.0,0.0,0.1,0
95d519f3-00f0-43f0-a1ad-4eee1f37e998,0.5163591805893328,0.009379281450979954,0.252,0.156,0.0,0.379958246346555,0.24,1
95d95c6d-f7e5-47f0-a655-f33db26ea6c8,0.004169161385549425,0.0017619482538605213,0.184,0.104,1.0,0.0,0.18,0
95e2b26d-e0af-4f1d-ae5e-49aec26a1e45,0.02392817219898635,0.0011278774508276235,0.1,0.12,0.0,0.0,0.08,0
95ee0b42-6def-4858-aa85-49654d0a4d7f,1.1956590213293834e-05,0.0005946664490199669,0.088,0.044,0.0,0.7547393364928913,0.04,0
95fb44a1-0f74-480a-b207-0fce648ca9c0,0.008960823135907235,0.0018132073531311145,0.12,0.092,0.0,0.8348623853210996,0.16,0
964bf9ff-2075-4bb6-9de9-b1be3537ebfa,0.9778839152349236,0.011711637595264099,0.136,0.084,0.0,0.9293008641005499,0.18,0
96c8c08d-4484-4dab-ac0c-5ad6ce9c6c11,0.9024638009150822,0.18206596925551102,0.344,0.292,1.0,0.7520661157024793,0.24,0
96d5bef5-9faa-4d46-b2eb-2d535dac5177,9.999554186747572e-05,0.010358895133810312,0.16,0.088,0.0,0.749742533470649,0.22,0
9703a288-5a90-4822-ab7b-df592901bda6,9.449145892106167e-07,0.0002307295240973731,0.056,0.04,1.0,0.0,0.04,0
970aed62-def7-438b-9dca-a04941fc6f74,0.903725102388804,0.02923399427068044,0.2,0.08,1.0,0.8114132857779743,0.12,0
9717146f-927a-4741-830b-fad357433fd6,5.700306292408198e-05,0.345700465146382,0.5,0.26,0.0,0.7492083597213433,0.16,0
97228aca-cad3-4b4d-ad9e-c06e89e5fc7e,4.922453766877518e-06,0.0009504296585925766,0.16,0.092,0.0,0.0,0.06,0
974ed406-a3d7-48d0-af1a-61bb6a3014fc,0.056958941295647623,0.0005289547641662461,0.112,0.08,0.0,0.0,0.18,0
9787c4be-710e-4840-95a5-5ad04f2cfec3,2.7254649266092463e-06,0.005065488598855075,0.2,0.132,0.0,0.9491525423728812,0.16,0
979c1768-9447-4635-86fd-3919cd9ed1d8,0.014470297820424026,0.0017266143601423905,0.24,0.124,1.0,0.0,0.2,0
97b3299e-7a97-45e3-a927-9191822d3e41,4.287130582477337e-06,0.012452735991368048,0.22,0.112,0.0,0.5432835820895522,0.16,0
97e4024e-7799-4c6b-bd04-d3e4ea24d582,0.00037751085639284445,0.00026318182447030656,0.08,0.028,0.0,0.0,0.16,0
98209c66-f661-4495-a764-471ee7899879,1.110599058478855e-06,0.0001562116050012194,0.108,0.04,0.0,0.7492083597213433,0.12,0
9834f525-7f6a-415b-8906-4d61a7bcad32,0.25881784378167927,0.002178385507924103,0.204,0.072,0.0,0.0,0.16,0
9838fd43-d768-4e44-9d7b-d2d9fc696ef8,0.000271186346168281,0.0007868194549912113,0.176,0.112,1.0,0.0,0.16,0
983bc008-43f7-4b47-8f81-1ba958d6d393,1.1318498460986083e-06,0.016278390260982403,0.176,0.092,1.0,0.0,0.2,0
986e2ccb-b78c-4d3f-9d2e-e7a4ac39b7a3,0.044488453012461224,0.0010233379853978914,0.176,0.096,0.0,0.0,0.08,1
9883e597-71d2-4e56-bdba-8afce4cba764,2.723607273921985e-07,0.0024580694470544054,0.284,0.156,1.0,0.7520661157024793,0.2,0
98b730ac-8142-4e83-b3f3-8ff89dae91d5,4.807530562714865e-06,0.012473760124017543,0.176,0.112,1.0,0.0,0.14,0
98da4090-09f5-469a-83b3-ee8ab1738224,0.014650628984417482,0.0004747072157143678,0.108,0.06,0.0,0.0,0.12,0
991b2fce-7890-44f0-bb91-f1eec9b3d504,0.027254839551823208,0.1831103667078886,0.32,0.256,0.0,0.7520661157024793,0.24,0
99278fab-6359-4236-8495-e736cea56bb9,1.1873224413071472e-08,0.0008471635347363826,0.136,0.056,0.0,0.5290697674418604,0.18,0
9945567a-a34d-48ac-a55a-5e88bd4338d1,8.835349928051601e-10,0.0018920330661090542,0.188,0.112,0.0,0.379958246346555,0.22,0
99afc622-0562-4bfb-bafe-9e9c33021ba1,0.06611590554691094,0.05218193622208189,0.244,0.164,1.0,0.0,0.22,0
99b3b44a-3f62-4a37-8d2c-d1121fc0f8cf,0.01334740361108242,0.0034395080657124606,0.212,0.104,1.0,0.0,0.1,0
99b46ff6-0bdb-49f5-8427-94240d026848,0.00034596767925995224,0.00923482219026068,0.284,0.168,1.0,0.24010554089709743,0.2,0
9a2d7683-b535-4bd5-ace5-589e1a1bfed5,0.11129328507876947,0.000653841391162186,0.1,0.06,0.0,0.0,0.1,0
9a5c8b38-7ac7-4fba-a35c-0a0a99fb0221,7.721368603604425e-07,0.0008466880115980162,0.1,0.048,0.0,0.0,0.12,0
9a65347b-7f1e-4094-857f-83896c1d2382,8.873420218992505e-05,0.0010066279638659226,0.108,0.044,0.0,0.0,0.04,0
9a825148-7f17-49e2-9588-e92bac476fd7,0.3492177454252659,0.1573677932577561,0.332,0.18,0.0,0.8114132857779743,0.14,0
9a841d8a-1d05-42f5-b81c-ae8f6d983305,0.00017903240800553032,0.0007930154835337718,0.08,0.044,0.0,0.7547393364928913,0.1,0
9aad96b6-8ada-40c7-9a4b-fd575554c560,6.71870105019503e-08,0.0028978090176212798,0.2,0.088,0.0,0.8348623853210996,0.14,0
9b4e3a08-3849-4d25-a4a5-f7e98d00bd3f,1.7406500241578118e-09,0.00010507789804338702,0.076,0.04,0.0,0.0,0.06,0
9b5bc784-3bb6-4e59-8558-1726a16137a6,3.036966565547486e-08,0.00040816335677816486,0.068,0.02,0.0,0.7165354330708661,0.02,0
9badbc91-c25e-487c-872b-c5e0903397d5,3.173574948301221e-06,0.0010832989720433465,0.172,0.092,0.0,0.6967840735068914,0.14,0
9bb88697-b3dc-4630-a413-ed0671bc2c20,0.03559874939747593,0.004558688904497456,0.168,0.096,0.0,0.0,0.14,0
9bf956aa-6752-4cdf-97d7-787691662161,0.24520250900471383,0.0006283034844377484,0.132,0.068,1.0,0.0,0.08,0
9c0c5a33-f2f8-493f-a11f-ac2367844ba2,4.0431431484523256e-12,0.0001297765106274116,0.072,0.016,0.0,0.0,0.04,0
9c1107eb-c1f9-4f6c-b292-1fc98016a84c,0.7436165706040935,0.001952233325385742,0.136,0.04,1.0,0.31487889273356406,0.14,0
9c2da82a-2d70-4583-a7b4-cb772663ae12,0.46883855224927834,0.011486986136051602,0.192,0.164,1.0,0.0,0.18,0
9cb01410-e246-4f41-9a7c-ce81964084d9,0.975258677860143,0.014504268891362247,0.172,0.068,0.0,0.34732824427480924,0.12,0
9cb05818-63e8-4b24-8920-740e51f9a5ad,2.890726837952037e-10,0.0008891444689956749,0.096,0.056,0.0,0.6967840735068914,0.06,0
9ce43709-2f0e-4777-ac56-9c07ddaea2a9,2.063985817906987e-09,0.0001343352326493911,0.18,0.076,0.0,0.6408450704225351,0.18,0
9ce91ae0-caee-4370-ac93-5ed6e352a0a6,2.351223827825303e-05,0.0008878807677167336,0.044,0.012,0.0,0.0,0.06,0
9d350351-1169-4453-a888-f9e2567738ef,6.558204697187747e-08,0.002418034237231594,0.108,0.064,0.0,0.8348623853210996,0.08,0
9e31260e-f2fb-483b-ac01-25984fe20dc8,0.00013721544983633774,0.0028358954698918183,0.1,0.04,1.0,0.0,0.08,0
9eb7bf1b-10bd-4bd8-a0d0-177ee3306509,0.5853789496701387,0.013497493376603997,0.296,0.092,1.0,0.0,0.14,0
9ebbebe3-a3a8-4372-b099-7969b65b8200,0.9036406539782708,0.013321771382070538,0.184,0.112,1.0,0.0,0.12,0
9ecb3c36-c1a4-4008-b3a9-67a0e38a2cf8,1.8906445219374929e-06,0.00034945308719174894,0.124,0.052,0.0,0.0,0.06,0
9edbb920-da01-4347-be0f-34df0d3bfb03,0.00017234276031849325,0.005688478889870906,0.176,0.06,1.0,0.0,0.12,0
9ee65136-dce5-40de-9a7c-f1bdedf4ea07,5.568951998192171e-06,0.012429260671340082,0.092,0.016,0.0,0.0,0.12,0
9f266bb1-4a7a-4e3c-abba-328d75de3fb8,0.0033892207288571227,0.00040974934368673526,0.076,0.0,1.0,0.0,0.06,0
9f2d59b1-8505-43d6-b183-176babcc3f41,8.018909064086858e-06,0.0014995376525221186,0.144,0.08,0.0,0.0,0.12,0
9f34cf9e-ea4f-49ce-ae94-1c3d2b1d6af6,0.002379722380155578,0.0026436009768020983,0.184,0.056,1.0,0.379958246346555,0.12,0
9f441ecd-bf22-47de-827d-50c97c2fabd2,3.7870504213605812e-06,8.003570441600307e-05,0.064,0.028,0.0,0.0,0.1,0
9f637340-afdc-47b3-a317-0beba1427e26,0.13894551645225098,0.007277363765161815,0.296,0.116,1.0,0.0,0.14,0
9f679a3f-47db-4240-aa29-a6bbe7721010,5.9195151793313105e-08,0.00034174513982757857,0.096,0.028,0.0,0.0,0.12,0
9f72d0d7-678d-4834-a73f-c08b379dbd1d,0.00012120208275915816,0.0007042471154049967,0.132,0.064,0.0,0.3473282442748092,0.12,0
9f800242-f743-421a-9395-15177edf008d,1.0371237873806923e-11,0.00035745495225077996,0.072,0.012,0.0,0.5432835820895522,0.02,1
9fab445a-9d71-4b3c-aafe-b6a41eb1dccf,6.72158173755635e-09,0.0005544405177674423,0.092,0.032,1.0,0.6408450704225349,0.12,0
9fafd026-a6bd-4e32-bfd5-936b61b4ae06,0.760982561148795,0.0002476762110726602,0.172,0.096,0.0,0.0,0.14,0
9fc20b9c-0ac4-4dd4-8358-5833fa9ec901,0.7550837859728716,0.9304697329835302,0.492,0.168,0.0,0.8348623853210996,0.22,1
9fdd8417-ab08-4258-9096-c8099470057d,0.18786993310317573,0.07481576544297147,0.356,0.2,0.0,0.5290697674418604,0.16,0
a09eee59-4869-46c5-9720-74abfbba59a2,0.2041490481806207,0.0667099142863742,0.408,0.264,1.0,0.9491525423728812,0.24,0
a0a5edb5-f8dd-43eb-b51e-c6a69f4840c5,0.002313389340512849,0.001936699897060646,0.228,0.084,1.0,0.0,0.16,0
a0b6ac63-9639-41a0-b3f8-b01dc1bbf372,4.922622130170405e-08,8.785548447005162e-05,0.096,0.044,0.0,0.0,0.1,0
a0b8d8ec-c84a-419d-a716-b975cd6df3d3,5.053709644100781e-08,0.005586481440593801,0.224,0.056,0.0,0.0,0.1,0
a1003c1e-6ba4-4040-a9b2-4bf28dabc4bc,1.739773692059881e-08,0.0003737447768216434,0.144,0.052,0.0,0.0,0.06,0
a127b2c5-d0a0-444d-a57f-6724c3b81e2e,0.00012595052273067932,0.00029285428435855656,0.084,0.028,1.0,0.0,0.08,0
a191f120-8852-44a4-abf8-3457f1916ba9,5.627347858924191e-09,0.00022128246661506898,0.112,0.056,0.0,0.0,0.1,0
a197e614-a5fd-493b-81ad-400df249e94a,0.47759864785516487,0.03850924832182773,0.272,0.108,1.0,0.34732824427480924,0.16,0
a19d2dde-b016-45ee-b21e-b9212a204bc9,9.618643981510193e-07,0.0014773236649501672,0.1,0.096,0.0,0.0,0.06,0
a1bc2a62-7f41-41f9-8030-a6c62bdad7a7,7.426400767226633e-07,0.00026105166906625795,0.064,0.02,0.0,0.0,0.02,0
a1d7fc80-770f-4fdc-a23c-a991ff6467bf,0.16125382046291198,0.007283199283411755,0.412,0.152,1.0,0.5290697674418604,0.14,0
a1ec196b-c3d6-4956-9b64-8a87532c5e3e,6.01769196548452e-07,0.0038271107320285162,0.152,0.084,6.388133708797605e-153,0.7492083597213433,0.12,0
a1f1a1c8-1cd6-47b1-9051-0da02b254fdc,0.932882953356339,0.004841991833256501,0.292,0.14,1.0,0.0,0.16,0
a211ca60-5795-4322-a9bc-ca7bcf82ce8e,0.024056353406116445,0.003910081488278133,0.12,0.076,0.0,0.0,0.12,0
a2359234-033e-4277-914b-892b0832efe6,3.8741478397810583e-07,0.0018910043983113222,0.096,0.056,0.0,0.0,0.06,0
a23e959b-fe73-4ccd-97e5-25fe057745df,0.7223024895534411,0.037818830494961216,0.416,0.168,0.0,0.0,0.2,0
a24255d1-9241-440a-b236-e85ac87e7101,0.0006312257529627546,0.011733144067319798,0.144,0.088,1.0,0.0,0.08,1
a2492240-a446-4ff1-a037-499a2ef7c958,1.6108832687050543e-05,0.001408200630974365,0.124,0.024,0.0,0.0,0.12,0
a24a4513-959c-4e27-a4fe-a9115eaff7fb,0.6990021341815243,0.30793447819276604,0.304,0.128,1.0,0.8114132857779743,0.12,1
a2754b5d-62c9-472f-b2e0-d1b3d6682e4d,0.0001047436111638099,0.0081109113384702,0.224,0.128,0.0,0.0,0.16,0
a276cecf-945f-48a4-bb76-e318fb534c66,0.000680059076695374,0.001841559515770162,0.104,0.024,0.0,0.0,0.08,0
a29f0203-e672-42e2-a314-e33d82589f59,0.001746883320565153,0.003076530573732214,0.144,0.072,0.0,0.0,0.12,0
a2e218a0-8648-45ee-bdcf-9f8ce5d960e3,4.375635344903212e-06,0.00023143490375597954,0.076,0.036,0.0,0.0,0.04,0
a2e9b321-34c1-4539-ab3f-1827bc432c83,1.0306206560813148e-11,0.0001644454449577707,0.112,0.044,0.0,0.34732824427480924,0.08,0
a347a39d-e903-45c6-a8f5-dee8dac0e0e7,4.410985790165933e-08,0.0003925372365893131,0.08,0.02,0.0,0.0,0.06,0
a37f6a2c-2db7-47d5-bf18-4af512b62c09,0.0028473287537531936,0.01932617626552356,0.136,0.064,1.0,0.0,0.14,0
a38f1ed3-e63d-4137-9872-952ba0ea1310,0.011805221102483101,0.022047065395216947,0.212,0.164,1.0,0.0,0.12,0
a3ee5d63-ff60-4ef1-bcfd-91e557f2d9e2,0.007756640744686337,0.0005422350166346285,0.148,0.06,0.0,0.0,0.06,0
a44b28bb-4abb-4792-902b-c46860ca5220,6.038152217465504e-07,0.0003782316115369658,0.068,0.024,1.0,0.6408450704225349,0.12,0
a4544036-c99c-4558-aade-db1b709ca417,0.5386814786792337,0.017027798319613745,0.336,0.136,1.0,0.9491525423728812,0.24,0
a483184b-988a-418c-beea-f3f4c864d655,0.9596304901955174,0.016853275072584096,0.22,0.116,1.0,0.0,0.14,0
a499ac4d-c4c3-4229-8087-944b2c7fdb76,1.0643750789833432e-05,0.0001394887386700328,0.06,0.072,0.0,0.0,0.14,0
a4b1e75b-3619-482e-b592-2635a41e61bf,1.3097634299857362e-07,0.0003503278572957507,0.076,0.028,3.3828326058714814e-68,0.0,0.0,0
a4dfb605-9216-4553-9d9f-b6cb165a64b1,0.5836553605351205,0.0006953825382120785,0.128,0.056,0.0,0.0,0.06,0
a4e8a73b-d5f0-4e5b-923d-f74154d536d7,4.855686997175244e-09,0.00013608302870646215,0.164,0.06,0.0,0.8762035763411277,0.2,0
a52f3606-67f0-4adc-a070-93185e1f2da1,0.11861043527189881,0.0006355962199931434,0.12,0.06,0.0,0.0,0.12,0
a53fdad3-2eef-4818-8bc3-6f5a1453f452,3.794613555171831e-10,0.0026378670710353676,0.112,0.092,0.0,0.0,0.12,0
a547580f-0b18-40b5-a2d8-0fb27662cf26,0.10355058951234473,0.48499769324410347,0.42,0.252,1.0,0.8348623853210996,0.2,0
a5563d23-f745-4145-8f14-3893c9301eda,0.0003397192981739885,0.00213896283973732,0.152,0.032,1.0,0.0,0.16,0
a557a6cc-7c74-4935-9f23-fbac298bb8df,4.0801255297356966e-09,0.0004518676194407322,0.116,0.044,1.0,0.0,0.06,0
a5b3bd79-10dc-457f-a5de-cf335dbe281e,8.428018337318082e-06,0.0012732067951738387,0.264,0.144,1.0,0.0,0.22,0
a601f973-ff28-4da2-9c2f-c10b0fa9147d,0.000633106649953009,0.002466320175892331,0.06,0.016,0.0,0.0,0.06,0
a605dea7-1948-43ca-ae9e-f09bdb2df6fc,0.1701196838149563,0.0035731969977771277,0.248,0.088,1.0,0.0,0.1,0
a6204700-ddb7-4150-91da-50f6dd8cb931,6.574587607705994e-05,0.0002650484480204731,0.068,0.04,0.0,0.0,0.06,0
a6219fcb-3351-425b-81f9-a329d3a59a0d,1.5960216742534725e-09,0.0010466676107959347,0.056,0.024,1.0,0.0,0.08,0
a66811e6-1feb-4c0f-a00f-38c3085de2c1,1.2211400234500407e-08,0.0008973126677920196,0.128,0.096,0.0,0.0,0.12,0
a691fbbf-c6e1-42cc-82f6-49320e04ab2a,0.055208907131203425,0.00044410838003278695,0.092,0.06,1.0,0.0,0.1,0
a69f894c-4512-44e6-8d23-f245564b2a89,1.535252128142159e-05,0.005391814068762408,0.204,0.08,0.0,0.0,0.14,0
a6a90825-2b01-424d-93eb-d380d9974bc0,5.342959931786039e-08,0.004734600600036672,0.14,0.092,0.0,0.0,0.12,0
a6c10e12-1a89-4665-98db-05859436281a,0.0014649241555441585,0.00017791943266376095,0.072,0.064,0.0,0.0,0.1,0
a6d19e0d-cb15-4096-a066-6223669266c5,0.0035977537743343887,0.00045392288074939604,0.148,0.084,1.0,0.0,0.06,0
a6e399de-389b-4bd2-bd4b-b8b4ffd6c6f2,0.9998874780694802,0.010796896833641025,0.136,0.092,1.0,0.0,0.1,0
a709e179-1cb2-4e00-a983-99a2ad4da35f,1.6217317937279034e-08,0.00045023782057184033,0.112,0.012,3.6608353183611752e-298,0.0,0.06,0
a711979e-000a-477d-a964-c846500f3388,0.024701841808335467,0.0014880652404165719,0.184,0.104,1.0,0.0,0.22,0
a72af7e4-e640-4891-9fe3-67fe2175afa4,0.7327005516868038,0.0006592938075623345,0.204,0.116,1.0,0.6408450704225351,0.12,0
a77ee19d-3901-4bf3-9c8a-9885e8f70583,0.5839584104085181,0.053971319011822845,0.268,0.144,1.0,0.8348623853210996,0.16,0
a7e5d073-54b5-4250-967e-41ef5dfb5aef,0.012056360217004694,0.000995791873367765,0.128,0.072,1.0,0.0,0.22,0
a80cf472-4bc2-4e93-83b7-a7e264526b47,0.0007544271835142057,0.0019047750873479633,0.064,0.048,0.0,0.7547393364928913,0.1,0
a825fad5-8e17-4f4a-aaea-8321b6f6e565,3.975355301129647e-05,0.0007572213239234286,0.092,0.044,0.0,0.7165354330708661,0.12,0
a841eb01-5e8c-4578-86e6-d87e64e036ff,0.0062264911192015295,0.0008625760402519977,0.188,0.072,1.0,0.8348623853210996,0.12,0
a8632ee4-4b0b-4a97-b8f0-356393783ea4,5.439298254486471e-07,0.002328629804083804,0.136,0.1,0.0,0.0,0.16,0
a9adc29c-3946-4928-b740-276583c8cc71,3.8942517139900305e-06,0.0013729018171941727,0.08,0.036,0.0,0.6967840735068914,0.1,0
a9d6b58b-5982-438e-9c76-dbe2253059e7,0.14953246080887686,0.002681846152339882,0.164,0.104,1.0,0.0,0.16,0
aa0829cc-949b-41f0-a9b5-96536b9300f2,0.8921213679279367,0.0025362300150392793,0.236,0.18,1.0,0.0,0.12,0
aa4ead6c-73cb-4f43-afd9-4dcc4913dd54,0.5716719487770865,0.5884159327969954,0.416,0.408,1.0,0.8348623853210996,0.2,1
aa9b315b-48ed-4eff-8845-9073cfd26b6f,0.00021881635718433892,0.00027494519026172864,0.08,0.068,0.0,0.0,0.16,0
aaba3c08-68b8-41fd-95bf-e57b361cfc11,1.3297344689585648e-08,0.0008041598813270775,0.084,0.056,0.0,0.6967840735068914,0.02,0
aad1b699-85c6-433d-bea2-31e557d14d19,0.2311311133056813,0.00018061212884058295,0.068,0.02,1.0,0.0,0.16,0
aad3e72f-4aa4-4f3d-9f8f-0b22153127f2,3.4331345243803874e-07,0.0040233056205903565,0.324,0.12,0.0,0.24010554089709754,0.2,1
ab302a13-d302-4458-927c-6b2f134d2feb,1.106078765904993e-10,0.0006282499008457298,0.084,0.04,0.0,0.0,0.02,0
ab942384-986e-46e6-8c5e-c1f57ea0148e,0.7470936369216452,0.0074846280712724785,0.2,0.048,1.0,0.0,0.12,1
abadc642-f03c-4f06-8185-98b17bf94beb,0.10392808612278505,0.027973200184494004,0.232,0.068,0.0,0.8348623853210996,0.16,0
abbb81a5-234e-4c6e-88e9-f8cf7a53fb54,0.8397440765269094,0.00032143391716143283,0.132,0.044,1.0,0.0,0.12,0
abd02714-cfdb-4da4-a2b5-73db42b54243,0.0006318916106617439,0.00022495800111466715,0.104,0.044,1.0,0.0,0.14,0
abdc9956-6c87-42f3-9250-6140ac459396,0.013239447185980932,0.0012429643129963613,0.252,0.12,1.0,0.0,0.14,0
abe70c40-bc82-4353-b43e-f68769da4409,0.9749777246336229,0.00017704085272662095,0.184,0.12,0.0,0.0,0.2,0
ac077c8e-93c2-45c5-9a06-7a266a52ee3f,5.735228356391083e-06,0.0058900376283709385,0.24,0.14,1.0,0.0,0.12,1
ac150717-b53d-4939-8bfc-8e824b0b6c59,6.805233721216174e-05,0.0030665429260577346,0.212,0.112,1.0,0.0,0.12,0
ac2a265d-9cc4-4f7a-95ee-e286a57275c1,0.04064789820879382,0.008130623337370236,0.188,0.116,0.0,0.490566037735849,0.14,1
ac45e661-30d3-4034-b28c-c784a6d6a740,2.0298249031291154e-05,0.00045511321031608024,0.072,0.012,0.0,0.0,0.02,0
ac510603-6dd2-4e49-9cba-1903b1bc9087,0.008029579734483755,0.0013469424245303057,0.212,0.144,0.0,0.0,0.2,0
ac5ea48d-c53e-4c96-b3a5-527504e60f4f,0.2808981774338581,0.03769579239250286,0.208,0.124,1.0,0.0,0.06,0
ad00313a-08b7-4e18-bd4a-f1702de451bc,7.247881567393263e-06,0.003000665870256937,0.196,0.084,0.0,0.9491525423728812,0.14,0
ad355d2a-1dbd-4a77-9e12-82c83925fe27,3.118004497665291e-06,0.0007051945529976833,0.116,0.044,0.0,0.7492083597213433,0.06,0
ad528901-fb74-4a0e-aed1-f86c9624fc8a,0.02383144694804492,0.0004937257316606986,0.24,0.092,1.0,0.17704280155642,0.2,0
ad92bfd4-d3f0-4f39-95fc-8a45498745e3,0.0006554021516489408,0.019388291928857604,0.308,0.132,0.0,0.8114132857779743,0.2,0
adada657-d271-4ccd-a1d5-5ce5a39cac6b,0.00012488028075414553,0.0010225504543512655,0.144,0.084,0.0,0.0,0.08,0
adb7a8ec-c5cf-495b-a678-84328c80f58e,2.456454070168719e-08,0.00023420310572584046,0.056,0.028,0.0,0.0,0.08,0
adb82ef4-b4fe-4649-8098-b027eadba102,0.9749418496813395,0.0033148618388303083,0.172,0.168,1.0,0.0,0.06,0
ade852a1-80ba-4bd7-9118-fca34fb4a059,0.008675806880747924,0.00029718605151662675,0.104,0.044,0.0,0.6967840735068914,0.12,0
adf0f16f-3d2f-41a6-80e8-4e992c5b86a5,5.459592461512422e-08,0.0011734543878885975,0.112,0.02,0.0,0.0,0.06,0
ae738c92-10f9-4ba9-90c7-294fc5912abd,0.008796328053637378,0.0006130542503003669,0.24,0.116,1.0,0.0,0.2,0
aea56a58-687d-4f07-9e7c-5090c1c5a548,1.187882709123433e-06,0.0010483399343565218,0.108,0.036,1.0,0.0,0.06,0
af50a15a-248d-4817-84d0-18c00e76ca60,0.03778564062354775,0.008149547873991548,0.22,0.132,1.0,0.0,0.18,0
af6b6f2f-aa9c-4ed9-a315-d9d9068cfe23,1.9948808535546686e-07,0.00024833213994733067,0.072,0.036,0.0,0.0,0.02,0
af8256ef-f082-4582-8724-794990ddc3e7,1.8454638913842283e-05,0.0024138778223196373,0.104,0.04,0.0,0.0,0.08,0
af8a574e-3a0a-4749-9d69-c969f8f5e750,2.655631681662238e-08,0.00021270293209246517,0.068,0.024,0.0,0.0,0.06,0
afaf78c1-e298-43f0-adc9-9c9ffd9450af,7.473041700454447e-06,0.0004618727465458184,0.184,0.136,0.0,0.0,0.12,0
afb53bc5-13bb-4963-aef6-25631caa33e5,9.694238454409898e-05,0.005902108349266105,0.192,0.1,0.0,0.8762035763411277,0.12,0
afd89897-629f-4893-8156-9f1d6d49f736,0.9999449700445321,0.0016674090036784147,0.208,0.12,0.0,0.0,0.18,1
b0cb14ac-10a9-4c54-abc8-7740a3f9df13,0.0048675105818167695,0.0018092686390001492,0.132,0.088,0.0,0.0,0.14,0
b0f3f843-7fc4-4a24-ae75-9740e43298e4,0.1093229014969862,0.004221187510748513,0.276,0.116,0.0,0.8114132857779743,0.18,1
b0fbd74a-6a23-42d7-b93b-349cd25d3093,1.5078952298789024e-09,0.00041979428171679944,0.124,0.052,0.0,0.0,0.06,0
b13076af-f039-496f-b543-57307ba545cb,3.3596914437305576e-05,0.0013218397273681826,0.096,0.052,1.0,0.0,0.1,0
b1368430-2664-4ce5-a908-175a1e64e96f,0.3356802150070486,0.21237687712586337,0.404,0.248,0.0,0.34732824427480924,0.24,0
b13a0f29-aa68-4c04-b249-d547e297f122,1.5406471879827866e-06,0.015187797715175014,0.332,0.1,1.0,0.8348623853210996,0.14,0
b14be3b0-efcd-4a9f-862f-b462d42d6823,0.04605694014562323,0.004855069159528054,0.18,0.088,0.0,0.8348623853210996,0.12,0
b1612c18-1b2c-4d7a-8ba7-06f235868bb1,2.800026697997519e-05,0.017271717857868806,0.24,0.116,1.0,0.24010554089709743,0.18,0
b1a26e97-d38d-46aa-b428-27f864d1d2d5,0.001241256119827669,0.004690512171595741,0.248,0.144,1.0,0.9491525423728812,0.14,0
b1b5e168-55a6-4c73-851b-013d20b23d86,0.00014354102778555894,0.008857230854650096,0.144,0.072,0.0,0.0,0.1,0
b1e72171-444d-4b35-9c9d-8ebb42ee2a07,0.9985910248307154,0.005288894942825558,0.284,0.14,1.0,0.0,0.2,1
b1f56815-f988-4a39-a00e-e33cb06441f6,0.004376459552062616,0.00014789028858327237,0.072,0.036,0.0,0.0,0.12,1
b204422f-117d-4b17-b4cc-41f5c25f04a1,0.00011075800164757446,0.004537475550144712,0.172,0.076,0.0,0.7165354330708661,0.06,0
b25e67ff-0a31-4707-906a-e29db63a0179,0.9515644062642618,0.005468499289169062,0.192,0.108,1.0,0.0,0.12,0
b2aec5ec-172e-45c0-83bc-c11a1ba98323,0.06641991913119484,0.00047030177632062135,0.088,0.024,0.0,0.0,0.08,0
b2e0a6fb-73f8-4f68-a27c-ec0913e0d008,0.999732914998482,0.09943180565072336,0.34,0.152,1.0,0.7520661157024793,0.26,0
b2f40d8f-1099-4dbf-9e1c-181ac3069554,8.193483630085358e-05,0.00027034768538434964,0.12,0.024,0.0,0.0,0.06,0
b2f628f9-c210-4fc2-8dac-fd918df4b814,0.055408502570602744,0.0016691878343343622,0.172,0.076,0.0,0.0,0.2,0
b34500bf-67de-4046-b29c-2a19fc851f78,0.010823639208678576,0.21672121366649102,0.44,0.156,0.0,0.8348623853210996,0.2,1
b3857a17-4004-4dfe-8285-fb6258f0721a,0.9985054322931042,0.00047838119571852347,0.164,0.064,1.0,0.0,0.12,0
b3a95fd2-1cb9-4323-ae39-9f1565afc5e5,4.058738397693094e-06,0.0010342089952113552,0.136,0.064,0.0,0.490566037735849,0.22,0
b3eaa8c4-e1b7-4d8f-8142-e974cb3f6fbd,1.2014678029501753e-08,0.0017125477094063755,0.132,0.064,0.0,0.490566037735849,0.12,0
b4925efc-f8a9-4377-8c7e-634f2790511f,0.001315993508836762,0.006599856237513186,0.192,0.116,0.0,0.7492083597213433,0.22,0
b4c687f6-8527-4eed-9b59-75305d64553f,2.3145680451657103e-08,0.013612244226177786,0.308,0.12,0.0,0.8114132857779743,0.2,0
b4e96db0-fc84-493a-b0d4-60586ac9b898,1.2669595041763704e-08,0.00015453001178183682,0.06,0.044,0.0,0.0,0.04,0
b4ec0c7b-cf5e-4bef-a880-89379f655ead,0.5408136067720479,0.0016821002634231177,0.208,0.084,0.0,0.24010554089709754,0.16,0
b5018d33-b047-4738-8d6d-b99040cf8318,0.000131812460551572,0.0005509308464765505,0.136,0.056,0.0,0.0,0.08,0
b557d0e4-0ecd-4620-ba1d-54ba24c840e1,7.962980772373939e-06,0.002874519301231035,0.136,0.084,0.0,0.0,0.2,0
b580a5c2-e0b3-461c-84c6-9d84270d4c86,1.329951939343417e-05,0.000239491854078678,0.092,0.056,0.0,0.0,0.1,0
b581b1e9-81c1-4c3c-82b5-b5bc7effd90c,0.001850922538643746,0.0005341103701680461,0.244,0.112,0.0,0.7492083597213433,0.18,0
b582709e-aeaf-4066-bd66-5fc88f12cb93,0.8847266871209565,0.01226829956955185,0.244,0.148,1.0,0.24010554089709743,0.2,0
b59e037b-3ce7-443a-9654-157cd3a5a0f6,6.351577476337141e-06,0.0008941663624642786,0.112,0.052,1.0,0.0,0.08,0
b5c817cd-1164-43ed-b36a-d7b16c0c7010,6.269664897493093e-07,0.0012054250407470973,0.136,0.068,0.0,0.0,0.1,0
b5d8c7ad-7eca-478c-ae30-459982c7af7f,0.0011775198020193116,0.0006585484345034842,0.12,0.036,1.0,0.7547393364928913,0.06,0
b5f6942f-1ff4-43a8-a1cb-d0092c662ac0,5.219697596492953e-07,0.0017598726807237057,0.204,0.096,0.0,0.7492083597213433,0.1,0
b60161f3-b96c-4daf-8cdb-aa50fd2140cd,0.00696969133084783,0.008365204013109952,0.208,0.108,1.0,0.749742533470649,0.16,0
b614a3c0-662d-4a63-9b5a-3ec991984177,2.7220414096929013e-07,0.0020634421186156806,0.2,0.088,1.0,0.379958246346555,0.12,0
b622744c-1f75-4786-b599-d3f3f43ec879,0.0005283942969076341,0.0006941920969563607,0.172,0.112,1.0,0.0,0.16,0
b64fb6ef-173d-4d3e-9cba-d60ab2c4857e,5.7406155803697965e-05,0.002037904000459624,0.128,0.088,0.0,0.0,0.1,0
b67e04ca-dfe6-4818-b97f-04456f439ca6,5.717357357276019e-05,0.00021784490842884644,0.1,0.056,0.0,0.0,0.1,0
b6d71c66-54a8-4431-9ac6-aa1ef1ced535,0.7595848722295814,0.031128532519257172,0.252,0.092,0.0,0.7492083597213433,0.18,0
b707c3ca-9621-450a-a51c-49af282ac36e,0.009269094733513304,0.001650418818759751,0.104,0.024,0.0,0.7520661157024793,0.06,0
b71c29bb-9b24-41ab-9df1-4c9c3194e1b2,0.12807979858549448,0.0009107071103274196,0.196,0.176,0.0,0.8348623853210996,0.16,0
b7426ba4-236a-4a96-bc10-659949f0cafd,0.0012765245588020689,0.09581307414309452,0.36,0.16,0.0,0.9491525423728812,0.24,1
b76598e5-dc42-441a-8c9d-3e7c82eb07d5,6.569963717582146e-07,8.637483319193633e-05,0.084,0.036,1.0,0.0,0.04,1
b7c7a59f-164b-478b-a594-242d60cd0bbe,1.378787447908407e-05,0.008063266110014162,0.192,0.048,0.0,0.7492083597213433,0.18,0
b7ce32ad-3a3b-4fca-bdd5-1030b12a3a3f,6.4312682476724165e-06,0.0006654210907712552,0.236,0.116,0.0,0.8114132857779743,0.18,0
b7e6b1b5-dfda-49f7-b7cc-ed3ac3c0b272,0.0024963740789907996,0.005910306611949591,0.136,0.064,0.0,0.0,0.14,0
b7f73ef9-84d5-4480-9e61-2b26ae279a53,0.00022137875811982464,0.001743499222345139,0.24,0.08,0.0,0.8114132857779743,0.1,0
b7fd14cb-f433-4067-98c8-3385efcec79e,2.6425917882781e-05,0.007048962996816769,0.14,0.044,0.0,0.0,0.16,0
b7fd159d-d0f4-4034-932f-252f2233a9ca,6.506620112405304e-08,0.000658028866541286,0.084,0.004,0.0,0.0,0.02,0
b81adec6-d66f-4f00-a1d4-f064ffa05b56,0.0020434183681447976,0.11945991556819323,0.228,0.152,1.0,0.8114132857779743,0.08,1
b858e53f-eecd-45be-947f-cd3033ff92fd,0.2058558131087336,0.017693422700477624,0.236,0.132,0.0,0.9293008641005499,0.12,0
b871555d-04af-477e-aa83-a557d6bbc7b7,0.0035251945286807014,0.003977586791152891,0.176,0.108,1.0,0.8114132857779743,0.12,0
b881ef95-5753-4ba7-8c98-f20f83bc26b3,1.993421686503718e-07,0.0004087752163314256,0.052,0.052,0.0,0.0,0.1,0
b8f3e686-52bf-4fbb-a328-d25236e4724d,3.278467832062645e-05,8.740376755109446e-05,0.088,0.028,0.0,0.0,0.06,0
b99259ba-13b5-4fe6-81b6-293afd40f0e6,9.771217581961698e-06,0.0019365530483859681,0.176,0.116,0.0,0.0,0.16,0
b9c3cc43-83e7-42f2-bb0b-c0253c78aee1,0.0023903175869711226,0.0012306726417970321,0.116,0.064,0.0,0.0,0.14,1
b9e51701-923d-4200-a651-6f8f4861697a,0.7641069715215705,0.31360783737790593,0.34,0.184,1.0,0.0,0.18,0
b9f6ce0d-3307-43d6-aaec-7da892f0417d,6.23103099338969e-05,0.0011106455405332594,0.192,0.084,1.0,0.0,0.14,0
ba0f8221-9c26-4862-8239-42423ce2c08e,0.08807532072473534,0.0006569141619145479,0.116,0.1,1.0,0.0,0.08,0
ba496250-5331-4501-b682-b52d87208996,1.2287100825536801e-11,0.00044771695603931365,0.06,0.024,0.0,0.0,0.08,1
ba4c901a-0a58-4a24-9485-8b655a4a4ca7,1.1671595098987795e-10,0.0003296498726917378,0.072,0.04,0.0,0.0,0.12,0
ba62f315-0627-470a-b8b8-63a18ba69b58,4.5182850245377133e-07,0.00010241633769791099,0.092,0.02,1.0,0.0,0.06,0
baa52db6-ccc9-4a34-96a1-bd4f10bf1d45,3.967111563611172e-06,0.0004823562646368533,0.12,0.064,0.0,0.0,0.1,0
bb0642e3-eefe-4d0f-b871-8f9204cd841a,0.0018475436202171228,0.00409618630615311,0.188,0.116,0.0,0.9491525423728812,0.18,0
bb73beb8-0a4e-441c-b5fb-2e0b3a0e485c,0.5449644535349665,0.04636884625810471,0.496,0.256,0.0,0.17704280155642,0.22,1
bbd87198-e0d7-490a-a5ee-8940fb71600b,6.5900677732168e-10,0.00010187586188211839,0.068,0.028,0.0,0.0,0.04,0
bbdf98aa-b8d2-4360-9a68-f7c301f3d97a,0.0004554233909189538,0.002514465372568063,0.24,0.124,1.0,0.0,0.1,0
bc1f0d15-37fe-4833-8f29-d487f4b143ea,0.8952444559802926,0.0001929413487453467,0.1,0.076,0.0,0.0,0.12,0
bc3a43b0-9375-4ce1-a463-026984db7a24,0.00012560374801105374,0.00031932115431198253,0.128,0.028,0.0,0.0,0.1,0
bc574305-6729-44ab-92b1-fd49e5e4c08e,2.2242182843791233e-05,0.0003775245878080339,0.148,0.06,1.0,0.0,0.14,0
bcd5be3f-571c-48b6-b1a1-0d1af5c07531,1.8233273222985835e-07,0.005062922347701151,0.168,0.116,1.0,0.0,0.2,0
bd32d624-3633-4eee-a689-cc71c812a9a0,0.016831080021775396,0.0005860679119628713,0.2,0.104,0.0,0.5290697674418604,0.12,0
bd35846a-8d42-4858-8642-64f7a4b004f4,0.003811077348423248,0.0018890467824419306,0.128,0.06,0.0,0.0,0.06,0
bd4f79a5-654a-464c-8b56-0e31920ff4e3,0.02080938652399927,0.003803453609459445,0.228,0.084,1.0,0.24010554089709743,0.18,0
bd64e075-b8f5-4910-a2d5-52fac4fd883d,0.8629422453232802,0.008170611907497788,0.168,0.1,0.0,0.0,0.06,0
bd894abc-207b-48f2-a2d5-506102902cae,1.542535947245949e-05,0.0004765058870596883,0.076,0.056,0.0,0.7165354330708661,0.12,0
bda33a6a-e392-4884-9d47-267d593c5f25,1.2840497362333375e-10,0.0006607466919241117,0.1,0.06,0.0,0.0,0.08,0
bdf042ed-d8b4-4730-bfb5-66f14712f25a,7.484388175426298e-05,0.06291778223309119,0.204,0.06,1.0,0.8114132857779743,0.12,1
bdfeb77f-3535-4ab2-8a69-efaeb7d6665b,1.3551160303725734e-05,0.0011813614364986932,0.152,0.088,0.0,0.0,0.14,0
be13d6df-888b-47e3-aa14-36f3d4c3fe66,5.939441368167012e-05,0.016802359595031364,0.208,0.136,0.0,0.0,0.18,1
be353947-b39d-4830-aef0-8c84f9521fb8,3.550597216741569e-05,9.694078400261342e-05,0.072,0.012,1.0,0.0,0.1,0
be7e1a63-f345-45cd-a065-8b6f85cd0277,0.1327954800507857,0.013020205057103969,0.184,0.116,1.0,0.0,0.12,0
be933567-3e39-4008-9e0e-74d8f07dbc0c,4.554761929407859e-05,0.0010200840747294126,0.14,0.084,1.0,0.0,0.1,0
bf286348-a528-4c75-98d2-932006c9ac3a,0.08141572742968692,0.1870524448496286,0.46,0.24,0.0,0.9491525423728812,0.24,0
bf8d3f9a-4a6b-4c48-a0b9-990a83097118,4.41270763180777e-08,0.0003980031571795996,0.064,0.048,0.0,0.0,0.06,0
bfcdabc3-87a5-410f-85e3-3b8f4d4bbf7d,5.889158344724523e-05,0.008172702710797118,0.224,0.108,1.0,0.0,0.1,0
bfe21e64-889e-4f83-adab-4bf19551102d,4.4702427939655594e-07,0.0022020363491423865,0.172,0.08,0.0,0.0,0.14,0
bff94c7d-28f5-4cf6-b38a-eee629d279ed,0.0005715538054370664,0.0014729436320596177,0.068,0.032,1.0,0.9293008641005499,0.08,0
c01ea998-0bb9-4550-a58c-a6dbb6c1e7f8,3.72047368671255e-10,0.0008578462515586471,0.052,0.048,0.0,0.8584905660377361,0.06,0
c0216e53-0972-41ad-b2c4-e5fe73a5fc70,0.0679926211425852,0.23073687178937458,0.348,0.232,1.0,0.0,0.26,0
c07a0056-d864-42d1-aaba-ac51b4771b4c,9.43881100416837e-12,0.00407489652534945,0.208,0.132,0.0,0.749742533470649,0.22,0
c08148ba-990c-4c39-8f45-3cdfc56025a5,2.584716200108077e-09,0.0027172627479111968,0.088,0.028,0.0,0.0,0.08,0
c0b24491-55da-4797-8866-a1b58daee5bf,0.6780222580706017,0.026574314862608757,0.344,0.188,1.0,0.749742533470649,0.22,0
c0c3327d-bf6a-4a2d-80a0-c8926b79f956,6.238197024155714e-09,0.00023812531381800218,0.064,0.044,1.0,0.0,0.06,1
c0e38580-8b44-4553-8025-69a426cfd7ff,8.177835003544539e-06,0.0010740264691453095,0.148,0.108,0.0,0.34732824427480924,0.08,0
c1421c38-55f5-4647-947f-9f9ff1e565ec,0.0004744774678164011,0.000596638849347163,0.096,0.052,0.0,0.34732824427480924,0.06,0
c16bed68-be20-4183-9f54-feaf9ebc539e,0.07784258978334498,0.0027551999227322034,0.18,0.064,0.0,0.8114132857779743,0.14,0
c16f01d8-edd9-43a6-b76c-924fe7c12677,1.3273755348967084e-06,0.00024450779732739593,0.088,0.064,0.0,0.0,0.06,0
c1b8859f-3059-43aa-86d4-73ef883aa10d,1.239755289268083e-06,0.00030418542902749935,0.048,0.036,0.0,0.0,0.08,0
c1c8f9a4-b011-487f-a0f9-bf1621ae7d2e,7.775522374151925e-05,0.00018050926916473334,0.12,0.048,0.0,0.4678663239074546,0.08,0
c264fd40-143b-468f-a650-aad39d3ebc64,9.861339484786134e-06,0.0002307801805948317,0.072,0.036,0.0,0.0,0.12,0
c2662cad-135e-461c-a9cb-47467624a1c5,5.225868190165166e-10,0.0005356144518523972,0.072,0.032,0.0,0.0,0.08,0
c2822562-85af-47c2-8cc7-f3d91e26e546,1.4881919662821368e-05,0.005550817244718533,0.172,0.06,0.0,0.0,0.12,0
c28b83b8-9006-4564-8aae-cdfe0dfe24bf,0.00011683932408106735,0.0006035614532622313,0.096,0.072,0.0,0.0,0.14,0
c294e8a6-f993-409b-907b-7eef9ceee326,0.0001953304110366031,0.26455370561648084,0.416,0.168,0.0,0.0,0.14,0
c2d2c7d1-eb16-4270-9ccf-a5dbc34350ef,0.39862164499100566,0.0012463071452583822,0.18,0.108,1.0,0.7492083597213433,0.2,0
c2d9e26b-1cb4-4aa1-99f5-041a8fc5a7f4,0.06003054880372065,0.00149318937208371,0.124,0.048,0.0,0.0,0.08,0
c2e4e75a-f82d-4a62-bc76-fa8a043f58d3,5.310309202036155e-06,0.0006750066660825187,0.216,0.088,0.0,0.0,0.12,0
c36a7c55-ca37-4a8b-b3ac-5741b9eaa4b8,0.01720377694222358,0.0006723567422447203,0.092,0.052,0.0,0.34732824427480924,0.06,0
c372f2e3-4b9a-4ca8-b43a-20f146fc4972,0.9999599989853689,0.0002511773499191027,0.06,0.024,0.0,0.0,0.12,0
c3d1c8dd-0d75-499a-9d07-2709ab80d78f,0.012030479347349878,0.0020584567631352505,0.264,0.172,1.0,0.0,0.24,0
c3e1173c-8a1d-4d67-a283-7d517f442ef1,0.9058825084011606,0.0014080834139305754,0.212,0.132,0.0,0.0,0.12,0
c3fb9281-4ea6-475f-854f-75b8d3f0d3c9,0.5775144196644116,0.016753459863179287,0.124,0.06,1.0,0.0,0.1,1
c4341c1a-3da6-4168-97da-363d8a23ec88,5.642969723093498e-05,0.00022492534267293599,0.112,0.036,0.0,0.0,0.0,0
c45cece8-dbe0-414f-b980-06ec6e0b955c,0.0003813780867997244,0.00029954063721506413,0.08,0.028,0.0,0.0,0.12,0
c4684609-8185-4a09-8708-923ca30065f0,8.073238383503218e-06,0.0011003140887017482,0.084,0.008,0.0,0.0,0.08,0
c4725c98-c8b9-4a87-9e87-335a6c6f43fc,0.009594218657340432,0.02171590378108954,0.308,0.124,0.0,0.8114132857779743,0.26,0
c495030a-340c-4528-b8d4-6435fa8dee7e,0.0019371916488170081,0.08124443393316319,0.36,0.2,1.0,0.8114132857779743,0.18,0
c54ae4b6-7503-4146-b88d-f41af7a99de1,0.0036298526336012785,0.0017548524664182375,0.12,0.064,1.0,0.6967840735068914,0.16,0
c56a9100-14c0-47a1-baef-4211bbb1bca8,6.87358542084012e-05,0.004028082911890758,0.156,0.084,0.0,0.8348623853210996,0.12,0
c5721467-a588-499b-8f3b-fe88d1e61ecb,0.010523050693933306,0.00017713134059566606,0.044,0.032,1.0,0.490566037735849,0.1,0
c59bf6dd-552b-4a7a-ba07-710ff0544f69,0.12526756034869366,0.008937491051062285,0.22,0.168,1.0,0.8114132857779743,0.2,0
c5d3a839-eeaa-458b-b7cb-d80f42f6195c,0.003201618263773781,0.0097155880469166,0.236,0.108,1.0,0.4678663239074546,0.16,0
c60f1c4b-9381-4099-8c25-1ac9c8efd9c3,4.604575429659208e-11,0.00023541753108197985,0.092,0.064,0.0,0.34732824427480924,0.1,0
c62a7cfe-dd4c-424b-b643-d7c478aafea9,1.0482634832546438e-10,0.008000670961342084,0.14,0.084,0.0,0.0,0.18,0
c62f6aa3-acaa-4ca2-a43e-e2febb26fd25,8.838113875913761e-08,0.0037256480548382735,0.188,0.092,0.0,0.0,0.16,0
c6b7baa4-8146-4bab-8abc-559248998870,1.2892426535644318e-05,0.007959514068310615,0.292,0.132,1.0,0.8114132857779743,0.14,0
c6c83df0-87c1-40cc-ada4-b1028a611fe8,0.8164820337811541,0.043097732208962486,0.428,0.208,0.0,0.8114132857779743,0.2,0
c6d1d42b-27e4-4ee3-a334-bc5a7fcd97ba,0.018400261752638307,0.02102801071312002,0.212,0.112,0.0,0.4678663239074546,0.16,0
c789c67c-a40d-491d-b8ed-9c001112ce79,0.10767584122043339,0.04886107456705062,0.228,0.128,1.0,0.8762035763411277,0.16,0
c79beac0-8b69-46f7-93c6-6d649b87a1f7,4.4488060803266934e-08,0.003564774367200444,0.16,0.064,0.0,0.0,0.16,0
c7e64c68-f259-4822-beca-f8c2718eb79b,0.0071016882950722315,0.0017325163465342628,0.12,0.056,0.0,0.8348623853210996,0.04,0
c80ae730-9cd4-4b71-ab78-10e677d5a659,9.100111049337602e-06,0.00018595619429937708,0.064,0.044,1.0,0.0,0.04,0
c82775e3-705e-4f9b-a357-73efc71ea95b,6.32739604818805e-05,0.000903148826355714,0.184,0.06,0.0,0.0,0.08,0
c843eace-4349-40b5-b269-bd66dcebe272,1.0918909888697253e-07,0.0015317412991434918,0.12,0.028,1.0,0.34732824427480924,0.08,0
c882bd76-b401-4575-81e5-876af958ac83,1.6253827152935713e-05,0.0008250279226596943,0.076,0.052,1.0,0.0,0.1,0
c8ae7290-ffcc-4a69-a02e-1acb91cb1fe0,1.5317837265440634e-06,0.0319088742799079,0.264,0.124,0.0,0.0,0.18,0
c8c8c209-b48b-40ae-b2dc-d1d2d1968277,1.0754492827319266e-06,0.001048516719579369,0.148,0.036,1.0,0.0,0.16,0
c8dd8891-81da-4b7d-9047-5b5dad0e8195,0.8856620887982571,0.0015226351866049679,0.1,0.068,1.0,0.0,0.12,0
c8e07611-2f7b-490e-9b26-8005d373a62a,0.0052267227874607325,0.14743654032556747,0.308,0.164,1.0,0.8114132857779743,0.16,1
c9029a97-f67f-425c-a278-f3776868956c,0.0013865818451061023,0.15160803188874705,0.288,0.148,0.0,0.8114132857779743,0.14,0
c9407b63-3572-49d2-954a-468a3e14fb00,0.03287489976787929,0.04798399382874774,0.308,0.14,1.0,0.6408450704225349,0.14,0
c965b94b-4af2-4f3d-b319-046f13e81ca1,4.87941851314696e-09,0.00017890370717699543,0.064,0.02,0.0,0.0,0.1,0
c9c9cfd0-a4fa-4aa0-9d93-1877a64e00d6,0.00911981688823577,0.012810566382421102,0.236,0.12,1.0,0.0,0.18,0
c9f2ca20-9558-4f02-a3cd-f9040eb75de2,0.0020472326250756327,0.025594655466605908,0.324,0.212,0.0,0.24010554089709754,0.16,0
ca4744d5-7f3a-480f-93fd-a06380eaffda,0.00047186422020864945,0.00265493444073795,0.156,0.112,0.0,0.0,0.14,0
ca6c334c-7a9c-43b0-8735-f8a352527bb6,3.611233874500846e-05,0.0021812305662867923,0.096,0.048,1.0,0.0,0.18,0
cab24112-9acb-4b29-be23-58e6585b486b,6.91293546364505e-09,0.031267274401137024,0.376,0.144,0.0,0.7520661157024793,0.16,0
cb28524a-0e5d-46e6-8020-a95e6c345b31,7.496424113026092e-09,8.83215811376051e-05,0.104,0.04,0.0,0.0,0.08,0
cb32fef3-f7d4-4fb8-9e78-f9fd21298cca,1.5295585853704827e-08,0.001228388234308044,0.076,0.016,0.0,0.0,0.08,0
cb3e0157-3147-4479-b5aa-39f064842ec5,0.00017979981586289928,0.0014872402700643985,0.196,0.1,0.0,0.7547393364928913,0.06,0
cb44f18a-a4ef-4a73-8b1c-f4c89a5247db,1.3578080348439995e-05,0.005234633604766707,0.248,0.148,0.0,0.17704280155642,0.28,0
cb9487ed-10fd-404f-ac82-1a619bf1498a,0.00735770902597168,0.00013976378296251345,0.08,0.052,0.0,0.0,0.08,0
cbf33211-c4e8-4d95-8ba7-4ffed088d13e,3.2246871318435507e-07,0.00229877967339058,0.112,0.08,0.0,0.8114132857779743,0.2,0
cc014514-a4bd-4785-9234-7ec0958cf6af,0.08769205237429142,0.0004044296322707888,0.096,0.04,1.0,0.0,0.1,0
cc0a42d3-aef2-406a-9741-89af8abab538,0.0008576321985104365,0.003191100302456709,0.024,0.036,0.0,0.0,0.04,0
cc425f3f-18ff-40bc-a38e-95465f11a5d6,6.341671596404339e-07,0.0004774580987159733,0.048,0.04,0.0,0.0,0.04,0
cc6f4cf8-d82e-44fd-8b21-06e8b6b3173b,2.623467549303867e-06,0.00010847842393679017,0.108,0.06,0.0,0.0,0.18,0
cc930ac5-e202-43c3-a11d-96966a2512a3,0.08330192837683761,0.00024148048323944314,0.032,0.016,0.0,0.0,0.08,0
ccc36d82-0e24-4839-b991-1a1666415852,0.4918302981591169,0.42687375089692525,0.532,0.312,1.0,0.0,0.32,0
cd21bfa2-1626-4379-9a70-26dfece65c71,2.250288956394849e-05,0.015907278805612667,0.204,0.14,0.0,0.8348623853210996,0.22,0
cd446f45-ac92-4ddc-9a96-03aba5503ca2,0.006409585584673418,0.0006158803532823532,0.084,0.092,0.0,0.0,0.16,0
cd4aaa4f-5b3a-4dcb-9328-c58a15b61608,4.2247661500532054e-08,0.001574529682149717,0.188,0.06,0.0,0.8348623853210996,0.14,0
cd75f342-adcd-4df1-ace0-5156ad67b087,1.844174232552626e-05,0.0010827664337202869,0.108,0.048,1.0,0.0,0.12,0
cd99fe2c-5c8a-47c8-bfd7-6c2c8746711a,0.021976463100897,0.028179357059330477,0.444,0.24,0.0,0.9491525423728812,0.22,0
cdbdcc2d-08fb-47b0-bbb2-e3d1cd909b04,0.000228366650368995,0.0014756980108417406,0.164,0.116,0.0,0.8762035763411277,0.1,0
ce0471c8-6acb-4ae8-a169-45f991040b7c,0.47857930709792296,0.0288850054603484,0.356,0.148,0.0,0.24010554089709743,0.2,0
ce04ac91-26f8-47eb-9e1e-e0022ff2d310,7.405416330904975e-06,0.00021247336276276793,0.164,0.064,0.0,0.0,0.18,0
ce54206b-ab9c-402d-8bae-0becd08fc618,3.5492726323390316e-07,0.022560623005343974,0.228,0.116,0.0,0.8114132857779743,0.16,0
cea41953-6b27-4b65-8c46-58a4bb6514ff,0.8589456975183999,0.008638226167544944,0.284,0.176,1.0,0.7492083597213433,0.22,0
cea75bbc-42a6-4192-bb71-e166d950869c,0.0006092374412562103,0.0008875800203562296,0.124,0.064,0.0,0.0,0.04,0
cea8157c-1619-44d3-8180-5e0afcdf0ab2,0.00045615707732414785,0.00019192758436410685,0.172,0.056,0.0,0.24010554089709743,0.1,0
cf13ef0b-f1ef-46c9-9f9c-bc6ac141bea1,0.5667337925794899,0.005244616785494986,0.132,0.072,1.0,0.0,0.1,0
cf1b14e2-42f5-4a72-a701-bae4bd2964fe,0.005139175681831761,0.023773851163766083,0.14,0.084,0.0,0.5432835820895522,0.06,0
cf1f4ef7-1fc0-43d0-a89c-f23434c24c4f,0.011576167318059848,0.016736151188257522,0.292,0.128,0.0,0.7492083597213433,0.2,0
cf6a3737-45d9-41ea-885f-caa57e1e68c9,0.0004570709003252049,0.03640566660383745,0.204,0.108,1.0,0.8114132857779743,0.2,0
cf6eb8b3-12ba-473f-ad99-c29a0655d96b,1.5453744133510732e-06,0.0033978731251405967,0.112,0.06,0.0,0.8114132857779743,0.18,0
cfcb93a4-aef9-4c5d-81cf-d01d6d97769d,4.021886820207938e-05,0.04438393380119522,0.316,0.092,0.0,0.0,0.16,0
cfe2160e-f9b8-4514-8e5d-ab0041d7416d,0.00016626340354435707,0.00045063669639451424,0.116,0.048,1.0,0.34732824427480924,0.08,0
cfe780d1-3641-4f9c-be9f-cae9a41d7f23,0.3931967072037871,0.10792113498390615,0.38,0.268,1.0,0.8114132857779743,0.28,0
cfefbca3-051b-4ca2-aaf1-c7d3b317111c,0.00012512969146551855,0.0007468509067178525,0.116,0.04,0.0,0.0,0.08,0
cff2c7c0-e19d-429c-b893-96440b156cb5,0.08642823574949128,0.09559046806991625,0.24,0.136,1.0,0.9293008641005499,0.2,0
d017f77f-49e1-4a58-a7bd-c676a0ba0915,0.0076489921098827586,0.004016116634559288,0.076,0.084,0.0,0.8348623853210996,0.16,0
d08eb34c-3a8d-4e23-a337-252f0da4f71a,3.110537816500024e-05,0.0005622515196713502,0.2,0.072,0.0,0.0,0.1,0
d0ca98e5-fd04-4c14-b1d3-03d43db61c8e,0.0021156261007852875,0.0005509903039135342,0.12,0.044,0.0,0.0,0.1,0
d0d25bf2-cde8-46f0-b3f4-8a20ea7d84ad,0.16691356756828407,0.0010204558738695297,0.128,0.064,1.0,0.0,0.12,0
d1130a9e-1324-4b3a-9714-03e692096ed2,0.9155163913876433,0.5617993254213174,0.348,0.22,1.0,0.0,0.22,0
d15cdb0a-c434-4e47-8183-ec19519e8ab1,0.0010297542683192398,0.0009123020866478185,0.064,0.02,0.0,0.0,0.12,0
d199ca6a-d852-44fb-879d-15521fbcd380,1.0932653698891168e-05,0.0002386502502430889,0.092,0.072,0.0,0.0,0.12,0
d1ab5196-9884-493b-b674-bd8fbc9dbda1,1.841315962442738e-08,0.0064770305092885375,0.184,0.1,0.0,0.8114132857779743,0.12,0
d1cf8f3b-d168-4534-8c7e-a8a6104ed392,0.5179276198315016,0.01620854654238408,0.244,0.1,0.0,0.0,0.22,0
d1e404c5-c017-466b-a2ce-3c5326391dee,2.95083865054439e-07,0.0010184611598843102,0.136,0.076,0.0,0.34732824427480924,0.1,0
d20895fd-cc65-4b19-8d3c-86c2c54efd61,0.003481784339494007,0.0005392275128339949,0.14,0.076,0.0,0.7165354330708661,0.14,0
d24ddaf6-7c95-4733-a00f-0666ca6d269b,0.9620997994681106,0.00010236593783444579,0.136,0.052,1.0,0.0,0.1,0
d24ecc50-f645-4cd0-87b7-df50233ab80d,1.1215136958679488e-07,0.0008772909295473876,0.112,0.04,0.0,0.0,0.14,0
d29c8358-ce7a-42df-9260-04eff790ebc8,4.024817978259877e-10,0.0003127291156093327,0.056,0.016,0.0,0.8348623853210996,0.08,0
d2ea9dfa-7660-45c4-b750-842df251bfdb,6.782297297331707e-09,0.00036933302497224395,0.112,0.032,0.0,0.31487889273356406,0.08,0
d2ec5cca-c023-471a-a4f3-eb7160b130a6,0.0197393948818062,0.00013418786550412661,0.096,0.04,1.0,0.0,0.1,0
d3129039-e5bc-4854-8cb2-b58376e2539f,2.1402363252007032e-05,0.006329086036528506,0.112,0.052,0.0,0.0,0.1,0
d31ed6e3-598b-480d-b6fd-ddba7e61fa6e,0.5569483927701874,0.5012630403521205,0.428,0.196,1.0,0.0,0.2,1
d34b2f28-9608-49bc-9038-9ce872cd928d,0.0011596339867660334,0.00019034615426547638,0.072,0.044,0.0,0.0,0.08,0
d3530b60-e242-447b-b1a0-1c3c43e71bd1,0.013596442846020112,0.0007122883068033559,0.128,0.076,1.0,0.0,0.08,0
d3543c4c-8ce7-4283-a35d-e834d6c8b085,3.823378547207284e-06,0.0019540886914736363,0.216,0.064,0.0,0.0,0.18,1
d3aea636-886d-4b01-abef-b87b6544ec0d,4.4952501122323424e-11,0.0003332377564644933,0.076,0.052,0.0,0.0,0.1,0
d41a3d55-605f-4f19-9f68-b73f4a001434,2.352027589905724e-05,0.0002244392925774807,0.184,0.068,0.0,0.8114132857779743,0.12,0
d47f6665-b0ee-46ac-8869-582d64bc4eaa,4.902449030258121e-09,0.0006734539037968242,0.156,0.068,0.0,0.8584905660377361,0.06,0
d4bd71ed-b3a0-4f9e-a1bc-ee5e18284fc7,2.1096403909609824e-12,0.0004939511456086638,0.152,0.088,0.0,0.0,0.18,0
d4db4015-1194-4628-9da8-9196f2059cf7,5.597506916036851e-06,0.0007003908761221542,0.08,0.024,1.0,0.0,0.04,0
d4e8c5c6-0d3b-40dd-80f4-ff3a7a297b18,2.627633377230099e-08,7.572660299968796e-05,0.04,0.028,0.0,0.0,0.04,0
d551fa0d-8ca1-4396-a7f2-573fb996eb94,0.0027762387161838777,0.012449422711741735,0.22,0.116,1.0,0.0,0.2,1
d56c5a64-e362-44d8-aabd-489c6dd17b8d,0.00020449342436500454,0.0028487749670720454,0.212,0.096,0.0,0.0,0.18,0
d59eabce-e35f-4acd-b209-2af95eee5d61,0.00019026495715039515,0.01005441899846757,0.232,0.128,0.0,0.0,0.1,0
d5b26ec4-fbaa-4a8e-988e-c66cd50d5317,0.6490318510664662,0.0011836946901376357,0.228,0.14,1.0,0.0,0.2,0
d5baaa71-3f21-4d90-86a9-a6c5bf4fb4ae,0.00030650044223377767,0.0010752471355348348,0.12,0.044,0.0,0.0,0.08,0
d5c639cb-6fe0-423e-9cb3-8331c19b5748,0.00010397683351141856,0.00040940649549536334,0.04,0.016,0.0,0.0,0.06,0
d6786dc5-7725-4421-a8c5-df199efd59e8,5.320261310643071e-06,0.0018345150141768553,0.144,0.084,0.0,0.0,0.2,1
d67ddd55-d473-4dc1-bad6-77f8f3e667e1,0.7780746165434318,0.16253392289341523,0.32,0.212,0.0,0.379958246346555,0.2,0
d690dff8-ed7e-4410-a0b7-1b9907b8e707,0.04643308930300562,0.0036812050491616213,0.192,0.092,1.0,0.3473282442748092,0.18,0
d6b81e6d-9feb-409a-bc5a-7af757ff9045,6.680100275161387e-07,0.00017417271687477016,0.088,0.024,0.0,0.0,0.06,0
d72c88bc-692e-488d-8c93-104401cc6e10,1.0685144579002507e-07,0.0008706307160471831,0.204,0.06,0.0,0.0,0.08,0
d75ba59b-6f47-4adf-8b38-d1f7d139dfed,0.08040143012839024,0.0006508990730506349,0.108,0.048,1.0,0.0,0.06,0
d797bfd8-e67b-4d1f-b115-90366aed0439,0.999986524716462,0.0324033235586372,0.272,0.168,0.0,0.0,0.3,0
d7b3c850-216e-4376-bf89-96c566b015c6,1.5789003399977522e-06,0.0006958592660053521,0.128,0.04,0.0,0.0,0.14,0
d7f9ceea-7803-4c26-ad6b-2b5ea022f9d3,9.323147037857762e-10,0.001034965808568997,0.08,0.032,0.0,0.7165354330708661,0.08,0
d8550663-fd40-4302-bfdc-f4585d23cc3d,1.3522767851084592e-05,0.00051382711520077,0.096,0.028,0.0,0.0,0.1,0
d8843ddb-cbf4-4ae0-af4a-56ee0c74da13,1.0437135768886241e-06,0.0004022312771399027,0.076,0.044,0.0,0.0,0.12,0
d8ce5972-bf3e-420d-9f41-9050bb13a7b5,1.0197475837789883e-05,0.0003609406441876724,0.048,0.024,0.0,0.0,0.06,0
d8d071b7-8d8d-400f-b625-e17d69bcf1eb,0.9979078751577147,0.004772203416895624,0.136,0.092,0.0,0.0,0.12,0
d923a41b-74ce-4f14-83e3-3908542ffa3a,0.9550141651968815,0.05382165450389475,0.304,0.132,1.0,0.7492083597213433,0.14,0
d93d927d-65af-4c1c-b7e3-62dc3250f5da,0.02631335969241144,0.005788635398223138,0.12,0.052,0.0,0.0,0.08,0
d9832ddd-f9ad-4f65-b2cd-c007a9bfc2b7,4.1370496561137624e-09,0.000795342613254703,0.088,0.068,0.0,0.5432835820895522,0.08,0
d9877d3f-0c23-4058-8087-2be3aef3b6eb,9.644494975524292e-09,0.0006880530861770129,0.12,0.032,0.0,0.8114132857779743,0.04,0
d9d59ade-caa5-4539-93ee-9aed20ab4447,0.00014121756213789164,0.011838055664780625,0.272,0.14,0.0,0.8114132857779743,0.24,0
da2a8de8-4407-4cf7-8405-badea05eb7d0,2.1479233513529528e-07,0.0047078528417067375,0.148,0.088,0.0,0.0,0.14,0
da59fcc1-4dc0-4674-93c6-836421532c4e,2.0123353157880556e-10,0.00010412323207614651,0.052,0.024,0.0,0.0,0.1,0
dae26a5b-1136-4b31-9237-84653ba69215,0.005264809278052295,0.010664140589778227,0.14,0.072,0.0,0.17704280155642,0.1,0
dafb528a-c7bc-4744-9084-6161032e41b1,0.0005267624833278016,0.007154428647993551,0.168,0.092,0.0,0.0,0.12,0
db443310-f234-43d0-a283-f9b281bb297d,0.010102863417644107,0.0001828028317521843,0.064,0.08,1.0,0.0,0.12,0
db50301c-9c62-47ea-99fe-a16ca88d6141,0.24711194693014849,0.004964528679381204,0.228,0.132,1.0,0.0,0.1,0
db5581d9-0903-4c36-9840-cc91c729263c,8.891676263029654e-06,0.00017622940402120334,0.112,0.068,1.0,0.0,0.1,0
db57012c-1d64-47df-9d84-bd2b6a541e40,0.010279131989420473,0.002192038071669979,0.124,0.056,0.0,0.0,0.1,1
db5c9fd8-3b46-4b22-96e9-cfb1ffe91bc5,0.00046692434234977897,0.00010915399655486053,0.08,0.036,1.0,0.17704280155642,0.12,0
db842bab-ce1d-454d-85c5-4f20505b0a0d,2.517798212093446e-14,0.00025676160155134757,0.084,0.036,0.0,0.7547393364928913,0.14,0
dbe3610b-0d3d-4723-991b-cd78ff94fe63,3.4669954924906824e-07,0.0007973749910074675,0.088,0.04,0.0,0.0,0.06,0
dc061dfc-eba0-4dbd-b2f1-f0ea6d4a48d8,0.01805106344815008,0.001343899449345596,0.16,0.084,0.0,0.0,0.08,0
dc08e4a2-6296-405a-8c7b-63bb54291dcf,0.12796246358563948,0.0016464641550880503,0.344,0.152,1.0,0.7492083597213433,0.22,0
dc1be6ce-248f-475d-bb82-a5ebc63e9304,0.008088278071472511,0.0020668312233831343,0.184,0.092,1.0,0.8114132857779743,0.22,1
dcb9ac13-c818-4b3a-b8d5-721f758a17d9,4.769625535673231e-06,0.00030090857316371653,0.104,0.076,0.0,0.0,0.14,1
dcd4da37-feed-4566-8388-a65cf5d66a12,4.228266783337764e-09,0.0021962935524886063,0.14,0.076,0.0,0.8114132857779743,0.12,0
dcd8479e-1191-4382-823b-5b6ea9aff36f,0.002957565688785241,0.283865213165081,0.532,0.336,0.0,0.8348623853210996,0.22,0
dcdb3fb8-8c57-4b08-b8a6-1490c566c0a0,0.7974406082068136,0.001512430379722688,0.208,0.152,0.0,0.0,0.24,0
ddb18988-53a6-4eb6-bde5-48ceb728f170,1.9560787672127285e-06,0.00019187820343989157,0.1,0.044,0.0,0.0,0.08,1
ddb47afa-a0bd-4fa7-855b-56d16da0dfba,0.0003879392737964455,0.001088143371082073,0.176,0.088,0.0,0.0,0.18,0
ddc9d46d-f3f1-4e2e-bb20-f546c8b91737,2.0042659151440512e-06,0.0009872079568614405,0.272,0.104,0.0,0.0,0.16,0
de1c5b77-5a21-49c2-b0c9-cebf340f670b,0.9997833764708378,0.03463739245614455,0.252,0.16,1.0,0.7520661157024793,0.2,0
de9a0976-c34c-4422-986a-bf89d6f5e003,0.4514260561818251,0.002856391098005999,0.284,0.224,0.0,0.0,0.16,1
dea47a59-f77b-4552-bff8-c449bbc73499,2.6451655734684784e-05,0.0008697232183893564,0.108,0.084,1.0,0.31487889273356406,0.12,0
df0e268f-d29b-4856-bc08-7d63ad06bc23,5.935549068950669e-05,0.0003172109566793219,0.056,0.032,0.0,0.0,0.08,0
df2908bc-f0c6-4090-82f5-56974983346b,0.0004784895857709696,0.0005354612452223451,0.124,0.064,0.0,0.0,0.1,0
df3e3ff3-6a8a-4cc3-aae4-6426e6a24387,0.2511275576892827,0.001505738356439867,0.28,0.124,0.0,0.8348623853210996,0.14,0
df4eebb1-da23-4297-9990-f005b5b815ca,0.9462518419986651,0.0008316496393190138,0.152,0.052,1.0,0.0,0.14,0
dff0edd1-49c1-4bb0-a461-6dc00112a41f,0.9925021814208934,0.0036631043725755446,0.192,0.116,0.0,0.0,0.16,0
e012b294-bd7c-42e8-b9f8-9529fd1fbf59,0.42954043206097886,0.0007692606453827787,0.116,0.08,1.0,0.0,0.16,0
e08fb48f-581b-46c8-8c43-dcf0339faffa,0.2801206459103092,0.5728717158938756,0.368,0.288,1.0,0.8584905660377361,0.08,0
e0e82a01-082d-42ab-8bcc-89bcbd77e36d,0.99984237756179,0.04555223098134452,0.308,0.192,0.0,0.0,0.2,1
e10d2113-2636-4304-ae91-0c6d190338e2,0.29782011762963084,0.0007322878969420691,0.204,0.216,0.0,0.6967840735068914,0.16,0
e12f31f6-3caf-4014-a106-46cb7f4d4739,0.9991497172274514,0.16003767881786335,0.308,0.184,1.0,0.490566037735849,0.16,1
e15f2547-a942-4506-bc0e-bddf672c7738,0.0006329590481401605,0.002811346912130813,0.152,0.088,1.0,0.34732824427480924,0.12,0
e1ed5abd-c993-498e-aa22-9b12c67288fa,0.1087905324807868,0.0005570820670433545,0.116,0.028,0.0,0.7547393364928913,0.12,0
e1f2fab4-4ffe-424a-b3d3-a5ee75ebf212,0.0005334113358788692,0.003850701874839252,0.188,0.108,0.0,0.0,0.12,0
e20b3689-52a5-4d24-8fa8-86051f8baebb,0.0015511436612170746,0.0008122144295304786,0.116,0.06,0.0,0.9293008641005499,0.08,0
e22408ca-2059-4374-9270-d6e7f19ac546,0.10890880114139115,0.0013871050080437332,0.176,0.112,0.0,0.0,0.08,0
e22890b6-97a6-4fd1-be3b-ba7085047e7c,1.0286635495418635e-07,0.003551111683198531,0.152,0.064,1.0,0.8348623853210996,0.14,0
e231fb87-015d-4516-ace3-3390b648f51f,0.8650517048225975,0.8059051351130958,0.472,0.336,1.0,0.9293008641005499,0.28,0
e24d0a56-8b0f-4109-a43c-918698e908fa,0.0010711431363001971,0.000437329875866178,0.096,0.048,0.0,0.490566037735849,0.08,0
e259c481-107e-4d35-bb02-423546acbfa2,2.009069178716488e-05,0.0001118480487105409,0.088,0.04,0.0,0.0,0.04,0
e3744fed-12b8-4b07-933d-153d1a11f19a,0.9999999093739942,0.0024041356794960523,0.192,0.068,1.0,0.24010554089709754,0.16,0
e3820b5c-0954-4d62-8ce8-80b9e9eaa703,0.10844256275100805,0.020561432695351895,0.3,0.176,1.0,0.0,0.14,0
e3d18d28-de5b-4c6d-aa0a-aa8cb456316c,8.758693033028843e-09,0.00039111922744566684,0.048,0.032,0.0,0.0,0.06,0
e3d5cdac-8c4c-4d55-b7ec-37746a1690f0,2.696315718332028e-06,0.0021992839384056035,0.184,0.084,0.0,0.0,0.18,0
e3fce715-55d8-486d-bbf6-ce7609742a98,0.9145284840281458,0.5788861132793711,0.408,0.244,1.0,0.9491525423728812,0.2,0
e40fc76c-d45e-4d8a-a685-2e4f4827f241,0.06602627263404406,0.002702753516236284,0.304,0.104,1.0,0.7165354330708661,0.16,0
e418815a-e2eb-4ced-84fa-a1f0444475a6,0.0009054447669640182,0.0001662691615291145,0.084,0.036,1.0,0.0,0.12,0
e4271ee0-51cc-46b2-a595-8433301106c9,0.00019226670780480087,0.0027161436359498365,0.124,0.056,0.0,0.0,0.08,0
e44a078e-b99a-4852-a71d-a9384f65f193,0.01759037550505837,0.007478341083126425,0.148,0.088,0.0,0.0,0.2,0
e454a24a-db4b-4eeb-a858-07e00c5d0d77,4.1849610855470373e-07,0.00044621735129878336,0.152,0.072,1.0,0.0,0.12,0
e4654381-5599-4b69-92d7-e56e423431f6,1.460565037238847e-06,0.0018310573118691784,0.172,0.068,0.0,0.4678663239074546,0.16,0
e49d955b-5407-4e03-813a-e8cfda0fb028,1.4291736147328675e-05,0.00031112306764974514,0.112,0.048,0.0,0.7165354330708661,0.12,0
e4ce9253-1b15-446a-85bb-0f711ae13db5,5.517011733011711e-06,0.004051555787821248,0.12,0.052,0.0,0.0,0.12,0
e4e247c3-e71d-4f60-8ed9-2ced04fef223,0.21717533544635123,0.008084404098413772,0.296,0.128,1.0,0.0,0.12,1
e5249b03-6fc4-40bf-a4cb-13c1b6fe2aec,0.0005998227054282716,0.005299423075778697,0.208,0.132,1.0,0.7492083597213433,0.14,0
e52cb6ab-d289-4ef3-8839-43a3736d3a58,0.9828900270759068,0.01878364610369636,0.284,0.112,1.0,0.749742533470649,0.3,0
e55d2ce5-9714-4b4e-8004-5a059ad1027e,2.8864788774493295e-05,0.0013765865087148664,0.072,0.06,1.0,0.0,0.04,0
e56692d5-980f-432d-9df9-d3466b3a4dd7,0.0003689834203413993,0.006012858489427151,0.352,0.168,1.0,0.0,0.22,0
e5868615-8cd1-442f-a7a1-ac05b5ecfa5a,0.0003381618290224247,0.00032798897819945056,0.104,0.084,0.0,0.31487889273356406,0.08,0
e5950f0d-6c08-4aca-a697-80e02d1bf976,0.929023342525197,0.0024440640055307483,0.136,0.052,0.0,0.0,0.12,1
e5b02a98-c6b4-4071-93b4-009d994ce4f5,3.4161624092762014e-05,0.04899345330043605,0.268,0.156,0.0,0.0,0.2,1
e5c83cf2-a872-4b59-acc1-508ec58529a8,5.549023085892214e-08,0.1052170572052336,0.228,0.064,0.0,0.8114132857779743,0.12,0
e5d6bc26-4629-4d2a-a342-5ea4dd04a7fd,0.0032531391230573646,0.0003966471567755119,0.132,0.108,0.0,0.0,0.16,0
e5dd2f13-6b4f-423e-83ea-d35a6ac76d3c,0.907413170541415,0.07856355462535694,0.344,0.16,0.0,0.0,0.18,0
e5e87bb8-b718-4764-a82e-d44f36688839,4.0133803969345094e-06,0.002207552588274305,0.224,0.1,1.0,0.0,0.16,0
e5fdfdc7-a3ba-462c-ae9d-baa30c77bb5f,0.0004698854112975472,0.0012568386622551638,0.196,0.088,1.0,0.0,0.16,0
e62156b5-890e-4dec-a832-c9af89cfd566,3.404064220010147e-06,0.001058007268333149,0.112,0.032,0.0,0.0,0.06,0
e664d528-233c-4cb7-ad6a-b23f8fc69b5c,2.7786435594415495e-06,0.0014079248801175208,0.128,0.084,0.0,0.0,0.14,0
e667508b-f8e3-4671-8e77-2dab3133fdad,4.905742579921245e-10,0.005976118382181753,0.128,0.08,0.0,0.34732824427480924,0.04,0
e684ab26-ce22-4f8f-a013-5b1b90672a1d,0.9755354276841347,0.0033132901524679692,0.272,0.136,1.0,0.34732824427480924,0.2,0
e686f8b6-2e83-4cab-8c0b-2bee87a3ed3d,6.219195890014959e-09,0.00015300503554710538,0.084,0.02,0.0,0.0,0.06,0
e7017545-220b-4095-b52e-04755dd5a0e4,0.00012809673268123105,0.0005780506395238643,0.172,0.096,1.0,0.6408450704225351,0.1,0
e742cb93-3493-4248-881b-a38e054e193a,8.467740082692718e-07,0.004896366753358517,0.132,0.052,0.0,0.0,0.08,0
e78d29d4-7e23-4ddb-8e9d-ce5f7583b686,0.8237825458242911,0.005960891705774573,0.244,0.108,1.0,0.8114132857779743,0.14,0
e7a24c90-b52d-45e3-ae3d-4bc127552c58,0.0001365232437566535,0.0008476093107008092,0.148,0.088,0.0,0.7492083597213433,0.08,0
e82dcdbe-7e0f-4e85-9ed2-8f375f61b31d,0.0009470798986884643,0.01487782543521018,0.208,0.088,0.0,0.0,0.2,0
e83831b6-1ee4-4ce2-ae2b-75fce46c0e41,2.7337792158371545e-06,0.00040607886244421027,0.096,0.04,1.0,0.0,0.12,0
e8a57aec-d953-4123-af1d-ceb61adace59,0.008636483159920163,0.0003155528342093883,0.108,0.056,1.0,0.7165354330708658,0.08,0
e8aeb388-3042-4b50-bca4-43ec76097c10,6.303548026979718e-05,0.1312917380748904,0.404,0.192,0.0,0.8114132857779743,0.2,0
e8d92332-2bb6-45dd-9b29-11783f4dd1c4,3.644522426007526e-05,0.00020486761364580956,0.06,0.02,0.0,0.0,0.14,0
e90cf1bb-f823-4e87-9e8f-083d0e0e11f2,0.0024557399343149546,0.016192124395126847,0.308,0.156,1.0,0.8584905660377361,0.18,0
e925ddbf-353f-4a47-887b-df5d791e137d,0.7216919694890579,0.008340878500674827,0.208,0.148,1.0,0.0,0.08,0
e957b5fe-eeb9-4e43-869b-51073e235fc0,5.663557524144857e-09,0.00042182956515448834,0.04,0.016,0.0,0.0,0.04,0
e964eaed-b265-4e9a-89cb-f0b9a64b15b7,3.665017873381039e-08,0.0005851596808796773,0.068,0.024,0.0,0.0,0.06,0
e9740b4c-0099-44f8-9464-e0a74b3efd4e,1.311744244042123e-06,0.003772560280802581,0.236,0.108,0.0,0.0,0.18,0
e9894f2d-9b1a-4f31-b772-cc7fb287255a,1.7648174031244423e-05,0.0004420198103526459,0.04,0.016,0.0,0.0,0.04,0
e9bb2be1-483a-4472-9507-8eb26ba0edeb,1.1923505652167154e-06,0.03570436018811644,0.16,0.056,0.0,0.0,0.1,0
ea040fd5-d39a-4079-a454-f4f0410454fb,0.0014740477997838258,0.048871029238021994,0.272,0.184,1.0,0.490566037735849,0.16,1
ea0e12bd-338d-44ad-8d7a-d6a0962609b1,7.70139500307144e-07,0.00024488484460961847,0.088,0.068,0.0,0.0,0.08,0
ea2b6189-b838-4c28-b493-0e15dfaf0864,0.00029489734930556046,0.0008080202377598305,0.24,0.08,0.0,0.490566037735849,0.28,0
ea76c2c6-b3cb-4824-866b-a308e5cd2d91,0.0004759556033691851,0.00010482836158777936,0.112,0.024,1.0,0.0,0.12,0
eaa040ea-730a-4e42-a573-89072bdcbec0,0.00011584616145270342,0.012037970179717446,0.116,0.096,0.0,0.490566037735849,0.16,0
eabc185b-be0c-410c-8025-1cc94b252927,4.018214537444954e-06,0.00021322253669514622,0.104,0.032,0.0,0.0,0.08,0
eadc775f-a7cd-4629-9ed7-f7eafa7383f1,5.5589141388472896e-05,0.005219887714703601,0.336,0.18,0.0,0.8114132857779743,0.2,0
eae737d0-f268-48d3-aae6-ad2d8396b4ef,0.9996108489340821,0.14960967938020672,0.36,0.224,0.0,0.0,0.14,1
eaf44c3c-ae82-4a18-b5ba-576e48349e1c,0.00012227232707650112,0.000426871239421113,0.104,0.032,1.0,0.0,0.02,0
eaf9635b-6d0c-49d5-9348-4ddf87a6d874,8.611456541288915e-11,0.0010678582744933901,0.132,0.052,0.0,0.0,0.18,0
eb27b462-2125-4992-8bc6-bf25131503e9,0.22442106107262824,0.0009638685861486464,0.152,0.084,0.0,0.0,0.2,0
eb49648b-544b-4250-abdb-4b7741cf1ec6,7.983120566987258e-08,0.00022205102033601417,0.056,0.02,0.0,0.0,0.06,0
ec01628a-1bf1-4ec1-878e-424ea04212b6,2.6836107522598144e-05,0.0014098140154388873,0.1,0.072,0.0,0.8584905660377361,0.1,0
ec09ecf3-864e-475b-8603-306e459863d1,0.00023625195065428648,0.00016246323948340813,0.092,0.044,1.0,0.8762035763411277,0.1,0
ec4d8385-7b0c-40c2-be8a-12ef0b1376ca,0.0005630772240076341,0.000334462352366356,0.064,0.028,0.0,0.0,0.06,1
ec9e0b40-f85d-419c-8f68-d49da0fa5da7,0.6768442878474374,0.057583849480502575,0.26,0.188,0.0,0.8348623853210996,0.18,0
ecbf9cdc-7f68-4dbc-a2a1-3fa8145fb475,7.500289796970325e-05,0.0025851468420964264,0.22,0.148,0.0,0.9491525423728812,0.16,0
eccacfad-e621-4cc1-bab4-fe0bbf45360e,0.0077845206399579075,0.01015705911055567,0.192,0.092,1.0,0.0,0.18,0
ed00e452-4a35-4f21-8999-9309ab966f22,5.06518534094238e-07,0.0005480793328943651,0.136,0.052,0.0,0.8114132857779743,0.08,0
ed578745-d4a8-4778-89e0-f4950dea0403,0.001346347824412722,0.14992170429486867,0.224,0.12,1.0,0.8348623853210996,0.2,0
ed78a834-a7e2-4d5d-8b92-12bc922f170b,0.014392917883085436,0.0010165716014947518,0.064,0.024,0.0,0.0,0.12,0
ed95c9d7-91fa-4ef0-93d1-9b01527e8837,1.2263629090294055e-10,0.00041541038403376357,0.08,0.04,0.0,0.0,0.1,0
edbf53e6-b4bc-44d3-84de-499758b73c1f,0.1275248507053048,0.005214482841548413,0.22,0.088,1.0,0.8762035763411277,0.12,0
ee04d187-6e79-4aa2-8443-1d0dea688df8,6.879219105682333e-05,0.028516960627834438,0.252,0.108,0.0,0.4678663239074546,0.18,0
ee302f56-43c0-4c2b-968e-c709256f7a72,0.2944884944031663,0.185526870563674,0.44,0.252,0.0,0.8114132857779743,0.24,0
ee371251-30c7-4c2e-999c-420f49a72fbc,0.0003444043887909792,0.0002368862318856001,0.148,0.04,0.0,0.7165354330708661,0.16,0
eea4ccf9-cb40-4a90-8566-8bea916a10d7,0.006919988568609444,0.0005012917474233556,0.124,0.044,1.0,0.0,0.16,0
eecbae52-61a5-4a88-a2c4-8da6744674ca,7.300627405051026e-13,0.00026305001374557545,0.08,0.036,0.0,0.379958246346555,0.1,0
ef087882-aedf-412f-882b-eb9b7276a7e5,0.06713770399112706,0.007514630666719073,0.356,0.188,0.0,0.8114132857779743,0.2,0
ef268003-da51-432a-9626-4807b1a643cc,0.838903591828028,0.03372659310220771,0.364,0.196,1.0,0.379958246346555,0.12,0
ef934957-5f66-4a8a-ba72-d92060db6cd6,0.006476290011062869,0.06256211239801997,0.312,0.144,1.0,0.24010554089709743,0.18,0
efce4894-9e62-41d4-9fa5-ab2d82642c13,1.7593058852437497e-08,0.00024997976131236726,0.076,0.016,0.0,0.0,0.02,0
f052ac66-0b28-47fb-89c7-8925dc3091f2,6.416218825451452e-10,0.009850978158344017,0.228,0.108,0.0,0.8114132857779743,0.22,0
f0611852-22d2-417b-a32d-81b67426eadf,7.2429879712615305e-09,0.00030169999634554665,0.064,0.024,0.0,0.7165354330708661,0.02,0
f0adb702-c6cd-4808-b749-95be3486d822,8.759362382281151e-05,0.10894860908963513,0.348,0.2,0.0,0.749742533470649,0.28,0
f0c63ab0-0c61-49ea-9008-5e059363b962,2.3650989064099223e-07,0.0007473822344282005,0.104,0.076,0.0,0.0,0.1,0
f0ddbc71-e67b-4b22-b40e-ad08f8f7a6b7,0.0033258492944651724,0.000845408116106412,0.116,0.064,1.0,0.0,0.18,0
f0ecd4bc-c2c0-4183-9dcd-a52f63b670d9,0.23508481299649098,0.0076599963400287565,0.124,0.044,1.0,0.0,0.06,0
f10b89ba-9182-42ab-abc8-4ec385b38d68,2.893397797607075e-08,0.00019812286785131282,0.064,0.052,0.0,0.0,0.02,0
f140eff4-dcc0-4b25-abf3-860fc9fcefac,3.012583137520491e-08,0.006343453517648968,0.24,0.108,0.0,0.17704280155642,0.12,0
f1671d7a-e64b-4d70-9117-14a01634afa3,3.398714328366742e-05,0.0008799408076384846,0.128,0.072,0.0,0.0,0.1,0
f1c46c74-1582-4f7f-bf35-48cfd3c97660,0.6607670393045618,0.2347913843225441,0.332,0.18,0.0,0.8348623853210996,0.18,1
f1d34e92-4372-495d-a322-345dc86cf79a,3.075239864906237e-06,0.0002408584653482829,0.076,0.068,0.0,0.34732824427480924,0.14,0
f1ebaa0e-3b8a-42a3-9fc5-d71f13aeb4be,0.005369227170382439,0.05348450953494842,0.356,0.144,0.0,0.0,0.12,1
f1ec35c8-c680-45ed-be41-ca7cf984ea9f,0.0005453451705850175,0.0004232996661118175,0.132,0.036,0.0,0.0,0.12,0
f243a2e2-c970-402f-9e35-f56367842c5d,0.0026517739354368743,0.0006312066551836247,0.124,0.048,1.0,0.0,0.1,0
f285b6ee-aac1-4704-ac13-ada32eff7ecd,1.021915522716429e-06,0.0005736853717817789,0.112,0.048,1.0,0.0,0.04,0
f28fe428-d553-41f3-9f49-bb92f24b123f,0.9999967332766444,0.0026783691925938995,0.22,0.1,1.0,0.8114132857779743,0.16,0
f2906fe7-cadc-482b-9778-4ab72dbf0783,2.2245510485785487e-08,0.0002724414019978284,0.08,0.028,1.8306734345017465e-255,0.0,0.06,0
f2941a99-119d-4f42-9dc2-fd556d9bd0cf,8.66335367101755e-12,0.00026904672077260306,0.08,0.036,0.0,0.0,0.04,0
f2a912f2-7ff5-49ad-bf31-2c567f0c2f61,5.878479120582312e-05,0.003149214470153344,0.144,0.072,1.0,0.0,0.12,0
f2afbd0f-3664-47b9-a361-dc2679667956,0.41897157403175633,0.004505342345051649,0.2,0.08,1.0,0.8762035763411277,0.14,0
f2bbfb82-ceca-4ff2-8eaf-1a8edc58221b,0.007898202318493617,0.00124039974174292,0.18,0.068,1.0,0.0,0.14,0
f354db40-6491-45c2-bfea-59192cc379b0,4.17293755318145e-06,0.0008517980581151974,0.088,0.028,0.0,0.17704280155642,0.14,0
f3611451-ef02-45d7-aa6b-751b2aa0ffb5,6.00731593046427e-07,0.00042215218289816403,0.156,0.06,1.0,0.0,0.12,0
f36156fd-bed5-4ae5-a52d-3be47aee6083,2.1950756441489475e-06,0.0005546732047644867,0.076,0.044,0.0,0.0,0.06,0
f37e8819-5972-48f9-b1a2-2c16c6adbc26,6.014346770432179e-06,0.00016902869746834731,0.084,0.04,1.0,0.0,0.06,0
f3b809fd-2f32-484b-99ad-063af1d2e651,0.0032872382468183713,0.0004430357285872198,0.2,0.136,1.0,0.17704280155642,0.28,1
f3c66344-8d18-4480-8026-b4fefe75f626,2.8214660166152712e-05,0.00047093942656767373,0.168,0.112,0.0,0.0,0.1,0
f3eecc6b-c0a1-423a-9e82-3ad0d518e5e1,2.7132649407788413e-05,0.015077569559974538,0.128,0.064,0.0,0.490566037735849,0.06,0
f400ad17-3c61-4748-93a2-575b07b9139d,0.00013027786478513146,0.0009378257429888561,0.256,0.1,0.0,0.4678663239074546,0.22,0
f42b8900-58da-4fa1-86a0-7bdf77704e31,0.6703969831361235,0.0017413014891585156,0.164,0.136,0.0,0.34732824427480924,0.18,0
f43122e5-a2a8-4c7b-a75d-a5ba1d4607b5,0.001777916684006386,6.50768910012183e-05,0.104,0.02,0.0,0.0,0.1,0
f474d59c-b469-4186-84c7-218f7cae3ac0,5.059219480792568e-08,8.713649007236325e-05,0.14,0.044,1.0,0.0,0.14,0
f4855882-454a-4b29-8bab-60eba5904af1,0.03069154313296507,0.029459127781789562,0.248,0.16,0.0,0.7547393364928913,0.16,1
f490d172-1186-42ab-99dd-b570a4cc00bd,2.331715722212214e-05,0.00032804798555023727,0.076,0.04,0.0,0.0,0.06,0
f4a7f013-1fb9-4034-a201-741a381e3ea0,0.8732879605399746,0.03887225797862279,0.44,0.24,0.0,0.8114132857779743,0.2,1
f4e7dd1f-397d-495f-b6ad-a1f58ec84a02,7.642237840014473e-07,0.0002622682765472183,0.1,0.08,0.0,0.0,0.16,0
f523ae0c-07a9-4dae-a845-6d576b9955f0,9.420155649900237e-08,0.00093511195062827,0.116,0.024,0.0,0.0,0.1,1
f55c66fb-5c69-4587-a5eb-01c6a9484635,6.829662110508231e-07,0.001117748210443296,0.272,0.1,0.0,0.0,0.12,0
f5902609-fa5d-4da5-9253-406ef59e8ba5,0.00015147719474121443,0.002704244025075168,0.124,0.088,0.0,0.17704280155642,0.1,1
f5e6a94d-5386-40ed-afd3-cf0bd397365a,1.065464804930987e-05,0.014576203627909443,0.192,0.16,0.0,0.5432835820895522,0.14,0
f64d1093-de4c-44c8-b921-043815388789,0.7614122929910803,0.09149717628729812,0.472,0.292,1.0,0.8348623853210996,0.24,1
f65616fe-57fb-406d-8d4b-1e804ec0100a,3.314123089829835e-05,0.06666443779877128,0.28,0.184,0.0,0.8114132857779743,0.2,1
f6be2e15-08b7-49fb-b7d2-a809983affc6,0.0019880641655338517,0.009589709169848436,0.132,0.12,0.0,0.0,0.08,0
f6d4ebe0-23b7-43b6-9409-36e624ac76b3,4.762571400731062e-05,0.004327467892279437,0.168,0.064,1.0,0.8762035763411277,0.12,0
f6f34b84-e9a5-4d79-8d4e-586f51c79cea,2.874955426502282e-07,8.281097542905413e-05,0.084,0.04,1.0,0.0,0.02,0
f702e7e0-bf8a-4987-b570-c5ab7edb2996,0.9999985571950567,0.07005598524052561,0.276,0.176,1.0,0.8348623853210996,0.14,0
f70a6113-bd74-45a6-bf18-79e265cf6248,0.0232377872641622,0.0005859640765300713,0.188,0.128,1.0,0.34732824427480924,0.24,0
f71cca7e-7bee-425b-bf71-f082a6f06ca4,1.2010527632558584e-05,0.0013504439652005432,0.156,0.076,0.0,0.0,0.18,0
f76571c9-4632-4366-b425-bc8300f05cac,4.4077355664752266e-05,0.006710989307709948,0.172,0.128,0.0,0.7492083597213433,0.22,0
f771bb12-4e4c-4541-b5c6-3a837bf2c51b,5.828288384888825e-08,0.0021619594095069116,0.148,0.136,0.0,0.0,0.12,0
f7abcb57-5c30-40f6-b9d3-4f6e8d3a0905,8.591251796984886e-05,0.0002852380216695634,0.08,0.04,0.0,0.0,0.1,0
f7c4e3a2-8885-42d1-add0-8e6ab8146cb3,3.553601982051962e-05,0.0016507893521157853,0.18,0.096,0.0,0.8114132857779743,0.06,0
f7c8fbcf-f310-488a-be8e-01eba3c770f8,0.01634314218465386,0.7856125511882358,0.448,0.2,0.0,0.7492083597213433,0.2,1
f7efd97a-a8d9-4be5-b235-90108fca57e3,0.43672520049492325,0.006093553557502327,0.264,0.216,1.0,0.0,0.14,0
f814aeba-fb35-4514-9fa1-fc106b7c2d50,0.0565288979455626,0.1893964697676272,0.404,0.192,1.0,0.8114132857779743,0.16,1
f8152ed1-e403-4ff4-866b-e9dadf8fe220,0.0004436314005072404,0.0013946442778672273,0.212,0.056,1.0,0.0,0.08,0
f8379059-e648-40df-af65-238e9c6daadf,1.1440960537051501e-05,0.00031723281666509083,0.14,0.076,0.0,0.0,0.12,0
f841169e-7042-4c32-b945-f51e3d4c8931,5.948297459604759e-11,0.00011623233058700914,0.12,0.036,0.0,0.0,0.1,0
f84b750e-ec87-429e-b021-c077ad81ffd4,2.1601889241294127e-05,0.006927989473507031,0.28,0.18,1.0,0.0,0.14,0
f8fce6ac-439b-4f3a-a931-e2175c3a3b72,0.002742343830954042,0.0003952701408909311,0.18,0.128,1.0,0.0,0.16,0
f9444196-d2c3-4ef5-bf6a-eee7e49c73f1,5.8071526004437124e-05,0.06094285563562476,0.284,0.132,0.0,0.749742533470649,0.14,0
f9747517-c066-496a-a476-4418bea9164a,1.5698306095753367e-07,0.0010956069846084977,0.112,0.08,1.0,0.0,0.04,1
f99491cb-4dfe-44cb-b297-435b16d15929,1.2235032148408708e-08,0.00011948211284487477,0.028,0.02,0.0,0.0,0.1,0
f9d2627e-cf49-4537-8381-6566ecf92eef,0.06113615872973922,0.0238359311890613,0.2,0.128,0.0,0.8114132857779743,0.16,0
fa0c2aef-174a-4bed-8423-1a3e99b12730,5.748885581313515e-08,0.00023022812576284474,0.112,0.04,0.0,0.6967840735068914,0.12,0
fa195d87-a50e-4dcd-aeb7-baf9574517ea,0.0004295538601392603,0.0006636919839420618,0.096,0.024,0.0,0.0,0.06,0
fa23fb37-d37b-4712-9544-6bacb792df8a,1.0714949388760944e-05,0.0019554435481536118,0.14,0.052,0.0,0.34732824427480924,0.1,0
fa6c3dee-ea57-4d86-8b8f-4ce4a8fa0350,0.8804674402155828,0.013172294063276028,0.292,0.172,1.0,0.31487889273356406,0.16,0
faaa3cd3-d328-49be-b917-cea317b35e12,0.0007891826431203584,0.00017970908258467479,0.068,0.016,1.0,0.0,0.08,0
faabe8eb-4f5b-4c99-95df-74468cacd35b,0.1912851487643791,0.07383695415004883,0.392,0.156,1.0,0.8348623853210996,0.2,0
fabe9451-5479-46d5-ac5c-37b14ec3a8aa,1.2516934301269452e-09,0.001716029895103387,0.156,0.068,1.0,0.0,0.18,0
fb330f4e-5d72-4c30-9636-3d4a0738f551,0.9999932403425422,0.06829110023671812,0.208,0.112,1.0,0.8348623853210996,0.16,0
fb362486-3244-4871-bff8-212bb0d3ad55,0.0010301728852957553,0.036814494857341416,0.372,0.12,1.0,0.0,0.2,0
fb42669f-c902-4f99-9c7a-7c460f3689a5,2.2908846782198297e-08,0.007547527149575773,0.192,0.052,0.0,0.8114132857779743,0.1,0
fb5ce1d1-ae08-4da0-9b61-ab9a74431adc,4.921205564563188e-07,0.0003268555838035529,0.064,0.036,0.0,0.0,0.06,0
fb81ceec-40f4-4679-a6ae-376181618584,1.506570154472024e-07,0.00028200414604389516,0.112,0.08,0.0,0.0,0.12,0
fb90d221-94bd-41dd-a0f0-c8a6c180affc,1.5703160321742282e-08,0.00021747602672129984,0.068,0.02,0.0,0.0,0.02,0
fb933fe4-2190-473d-8078-426e469df78e,0.058146462657717515,0.0009765734398727499,0.08,0.02,1.0,0.0,0.08,0
fbbd2267-6145-43d9-836c-f1c0b2bd304a,0.0001870417500159676,0.0005128458190921897,0.128,0.02,1.0,0.0,0.12,0
fbbec9c5-f6d8-4a08-9c9b-1036f556cfac,0.5368646100299733,0.00677330028068196,0.236,0.136,0.0,0.0,0.1,0
fc0296a5-2cde-4c2b-bb0d-0377e8935032,0.0002093958846494286,0.0026222764306516313,0.24,0.152,1.0,0.5290697674418604,0.2,0
fc144e79-fb8f-4036-bc95-088478515d90,4.492037759825355e-05,0.011706444184172127,0.2,0.144,0.0,0.34732824427480924,0.16,0
fc3305b4-1c5c-41b1-b2d5-7ef3122ec96a,3.30216035841589e-05,0.0009446442342819601,0.084,0.068,0.0,0.6408450704225349,0.1,0
fc3f4ca1-b00a-4c7f-92d0-0ee452a80d6a,4.847598666316117e-09,0.0004116359299554032,0.192,0.108,0.0,0.0,0.14,0
fc509376-eddd-4daa-bf1c-55ccbd2b10ca,0.04784109914121719,0.01077872151940436,0.24,0.148,0.0,0.17704280155642,0.2,0
fc7a38ad-cf18-4a95-ae65-24baed56017c,1.0759543113315134e-09,0.0007522996354994666,0.076,0.06,0.0,0.0,0.1,0
fc888c05-4251-4ed6-982e-9d616094c999,0.002089806284304544,0.00036929581699481735,0.072,0.032,1.0,0.0,0.14,0
fcb93274-d181-49c5-9b88-4578515cf00c,0.11429765914606528,0.009385655462198023,0.172,0.056,1.0,0.8114132857779743,0.1,0
fcc54284-570f-4ac4-8029-97ac4a9c72e6,8.272207581570009e-08,0.006189328437929979,0.144,0.108,0.0,0.6967840735068914,0.12,0
fd100a70-48bc-4a93-b416-48410376dabf,0.011833860191056035,0.2499984220196721,0.264,0.092,0.0,0.8114132857779743,0.1,0
fd1a2ba0-3fb1-4cc5-9e9b-29a6441ed937,0.0864905352518187,0.05844655403641026,0.244,0.14,0.0,0.8584905660377361,0.24,0
fd2274e5-b5ae-45b4-9a44-73cc5c2eeee6,2.499977055175897e-07,0.004853881739723748,0.116,0.052,0.0,0.379958246346555,0.12,0
fd63468d-b5fe-4920-921c-5c59e56ac3d2,3.896799062383036e-06,0.00016122919317934647,0.06,0.04,0.0,0.0,0.1,0
fd7dddfa-77a8-4d21-999c-a59be1806a69,7.860552416301033e-07,0.00018770581422956588,0.112,0.052,0.0,0.0,0.06,0
fde06a61-8e3a-461c-8a24-12a7ca2f92d5,0.008254209795898868,0.006874331591369858,0.192,0.112,1.0,0.34732824427480924,0.06,1
fde5fead-9492-4e91-b611-c75d52fe3c6e,0.8930793868485757,0.0002555836721296973,0.208,0.108,1.0,0.0,0.14,0
fdfc7465-5651-4e06-8df4-03fd770d077d,0.23178952237266034,0.03594407155167662,0.288,0.144,0.0,0.8348623853210996,0.22,0
fe58761c-de75-42f2-be27-cba9fad1e64b,0.15226046025612455,0.01500331420045702,0.376,0.176,0.0,0.7492083597213433,0.22,1
fe830dfc-69c3-47fe-ac1b-6c3991c49265,1.5909028420393734e-05,0.000663988614642628,0.104,0.056,0.0,0.0,0.08,0
fe983c67-d649-4279-ac21-89ce434bddf1,0.0002856116768370973,0.011283925859908981,0.22,0.116,0.0,0.0,0.14,0
fec976ac-1561-49a5-8cf1-b853d09eb076,2.6520947386713003e-10,7.482376595261051e-05,0.028,0.008,0.0,0.0,0.06,0
fed4fb71-5ff2-419b-956c-f11bd02454f4,0.10459821995022461,0.0055393491303301,0.152,0.064,1.0,0.0,0.1,0
ff174268-ca5d-4fb3-a456-c3374070636d,1.363433406290723e-05,0.0008147402284370141,0.112,0.04,0.0,0.0,0.04,0
ff4a956d-f05e-4fbe-aceb-1bea05611f97,7.059549496085674e-08,8.959957247273537e-05,0.08,0.02,0.0,0.0,0.16,0
ff83642f-6b76-460b-a273-9bdfa37ee447,0.5158616860255562,0.43379572664217136,0.328,0.188,1.0,0.8348623853210996,0.2,0
ffc49531-0b76-4a0b-b708-06185a7e1f6b,0.00616978556764633,0.001572303727240693,0.232,0.116,1.0,0.0,0.16,1
