id,score
ef9c8004-4689-436f-a457-6593bc03d0c2,-11.185328632850288
960603db-f07c-4bab-af93-acc0602183be,-11.175928407550504
8d94b7f0-78f0-447f-8325-b7104a596267,-11.17324462294776
7a520e00-d861-4ffa-99b3-8bd535016c3d,-11.175972254458332
36a83cfe-f594-459b-ab73-293b52fdbcab,-11.1730246965613
d605f360-37dc-4b1a-9d51-d4dfc70fc30f,-11.182472396047109
565998ae-a419-4992-9a9d-9e772060102d,-11.17544241009196
e9f72c38-3a95-4b09-a8b8-c34669c93a69,-11.185859052542714
2aca3c98-7155-430e-8515-1f96f3d32779,-10.386467325210672
ca2947ea-cfae-43d2-b44b-d7f526219e0b,-11.17797169161845
76f22320-f964-4340-b6bd-72fa5c57ec04,-11.18138080681329
5d840ddc-1f52-4cd4-b2f9-dd80691bb697,-11.18436036487542
7e10f7e9-68c0-4b99-b4b2-ed795590a51a,-11.177488662176744
214f7109-4367-4d6e-bf98-db8549e9b343,-11.18068508461445
e8d9aec5-3b7f-4185-bc64-391a82869ed8,-11.178649762476908
b7ebe404-2f2a-4b95-8c16-fc5db7465ba1,-11.18565223322065
a611d17e-7b0e-472c-b28d-0137a0cdb11d,-11.179689342361964
d9e3d9c8-dc84-4109-a4d4-1f3316c91ab1,-11.172749566436147
408d2d0c-b4af-4e3a-9500-72fde350544c,-11.180503239385084
ee0deccb-910a-495d-aef7-6373d5b12c06,-11.177335598808243
9e87dc55-756b-4e2a-a89a-911d4067302c,-11.175135315273124
de879da2-9c31-41aa-998d-ddd7445a29bc,-11.179446014797884
81594941-eb84-40ec-83bd-6fa1a8e173fc,-11.178747659948815
d6e84bd2-39ce-44b9-91a3-f119f140d59b,-11.178164070102628
a5041dc9-83a7-4f9f-a136-0774080899ec,-11.181653207164066
aad879a8-ec03-4101-909c-333f51b53660,-11.179750194110238
d96f7eb7-6cdd-4496-8132-4c0fd1f995e0,-11.178717599898151
0acceecc-d72e-42c7-a732-4ddc539d637e,-11.178321805439802
5e1709bf-5d4e-47b9-b1dc-83cb32901efb,-11.18006937715646
cfd54290-58c0-4293-81a0-7532789d5775,-10.389916664836187
98f18ced-7085-4973-9932-4e5459458786,-11.18008583133611
3a7e92d9-8150-4a0c-8800-d496176f401d,-11.177214440180691
b2c64213-d237-471e-8caa-fce049ce4091,-11.177369293792276
631503af-909d-4690-8d55-7a7444a4b7f4,-11.183867691660987
f3b03e18-c10b-460d-99e0-f0ce5501a6f3,-11.18647751203008
45e682d1-26a9-414a-ba5d-8f87ebcbdb5b,-11.184107524149258
1db887fa-3958-4c37-bf4f-d5785eb5477a,-11.17555641899341
acdf2bda-5a8e-4edc-8f82-afd558b7f391,-11.180257657258196
bcd2a76b-99d9-43e4-812f-24e72aeb3d2c,-11.19063389013852
0beb7060-6531-4ca3-a691-2a47b9ccab66,-11.183077107042728
5dd3af1a-342a-48a1-a2ab-5800551b37c7,-11.18360299275954
defa4123-e5c8-4724-97a1-7e30ad854ca9,-10.39006221036605
6356cd9b-abd9-42c8-96a5-ef6842903c13,-11.18347356838695
492ee239-f6d4-4ffc-a2f3-87f0cac722b0,-11.174606666150767
54e1292f-3c73-41ef-b781-4b46349a822c,-11.181056906850776
163ee6d7-0507-4947-9683-5fedf3997f80,-11.180210383332966
d9684f2b-f48e-4cd3-b48e-38f2b605f54e,-10.39108012585213
d21b8c6f-8ab1-444e-bd9b-77a00e0392a7,-11.175734841878072
e6ea1230-72e4-4b80-b471-d2461e7d0261,-11.18242660435513
3394fd60-c303-43a5-8b19-7583931d7ee2,-11.175628429910375
ba83a160-7e3f-4e33-8733-0f63e60f2976,-11.181051834669834
3ca24262-2035-44ab-8c84-bbe8696fbcaa,-11.173490445687776
265fdf1e-fd3e-419d-9e82-7ef0518b5adf,-11.17714001031649
9e4d92c5-f24a-45bc-9537-63f0b5e161c4,-11.184938045980973
722d53eb-a5b7-46bd-85b7-631496468d3b,-11.177621252628498
515435dc-75a8-4fbf-abd2-bb27114dc840,-11.180201108331472
3483fd8b-3c6e-4a6c-8791-0ad0f7979493,-11.176095471633063
f46be33b-cbab-4e08-8569-ace357a22404,-11.176628096631196
9f34ce74-d87b-409a-859b-4f3849a1acee,-11.18058725719934
394a336a-fbb7-400b-ad79-e57a468ffe81,-11.185950385456884
48764cdf-a598-45ed-b4d6-76c58dd5cf76,-10.390291280908876
4eb1380a-b08f-4fa8-aba2-55a6e19b6f8d,-11.184168088011612
ae27b3b4-92c9-43da-9f2c-3f1b36de4e7d,-11.18271173592294
0c0338c6-74bd-4cac-b9d9-c1b2567963dc,-11.17823258192617
a7358fcf-bf61-4ac4-9753-bc77bfda82d1,-11.179544397455436
7d40ade6-1552-4b36-ab36-96e3741f916c,-11.173350831394956
b3fc8cf8-da61-4f32-a873-6c8cd382928e,-11.181994515774797
3eeae230-c4f9-4fd6-817f-6e7a9fac88a1,-11.179549334815812
4b66aac4-549c-4b7e-8fe0-5f5a6c71d11f,-11.17617578305946
bff14926-489f-45eb-bd15-2a31f17dc529,-11.17702352883448
2c1f9998-72f7-410f-9c49-f7a1e642a1e1,-11.181573441513764
c3d14bde-11ab-424a-b888-560b02d26c0b,-11.173920092502565
cadcae93-1745-44c2-8772-919a451c2fd2,-11.18001355595022
297cd90c-cbc2-42db-8ebc-a987d498dca4,-11.177640098024058
c1cab620-5af4-4f9b-a43b-3015fb7a25cb,-11.179967140811344
9140e6cf-926d-48bd-89b1-994d252d650b,-11.182901679818022
b4e150d7-77b2-4343-956c-1331384f9a37,-11.17867692477282
2a817824-095d-4e43-9b12-a92e22c2a0b3,-11.175803079311605
d61f0e4a-9672-4e48-a224-4ba396a85893,-11.180535402001368
3a8e62b4-c8b4-4ea9-86e7-6a8b1d96083c,-11.178585717347074
8ea8ac93-c63d-465f-bbe3-c43c51cfd82f,-11.177421146237414
81309b4e-c56e-4802-b587-0bffeee98bc6,-10.38582033341584
3287b160-ff0f-47e4-8ae7-ef8f365e0976,-11.180449361977365
02719e76-894b-40c7-aba6-6ecdd91b68c9,-10.390779371133007
5fd420dd-797f-4dae-b59a-8ba07af142ef,-11.183176599670002
70549ba0-d28a-41e7-a538-837a495d67ed,-11.184491680885042
56527c17-923a-48b8-8541-c7ced6dad727,-11.179466385381646
5f5a9f6a-e6bd-4445-b29c-db4d522f4223,-11.177676519505388
2012bc90-e334-464b-a279-7d9bd7ce36df,-11.181329738747309
5d383cba-075d-4da2-b4c8-25f117cefbe3,-11.184425572942969
733f17ff-b425-4caf-9eec-1132130d18b3,-11.178489561473311
a2eb628e-0e89-46d4-af4d-2d6b2400331a,-11.175058271236528
db9e6bd8-1449-4ee6-bb69-210f9fbb88c1,-11.185727955631986
e13288ad-2f6e-4ffc-9caa-f6f9f54d046c,-11.182419897780196
b9bd6fb8-2d0f-47a1-b72d-81ea758c9e80,-10.38834318465693
b177b161-f4c2-4f96-90a6-56f48007672e,-11.180689869682803
9cb24732-049f-43aa-9fb1-fcb725213198,-11.181914058827433
e93c355f-5599-4aa9-a276-6f675e005da3,-11.178885509292758
d003b107-b0a0-4308-9c7e-a4b047c3c4c8,-11.183147788261948
0cfe97c8-5d13-4f32-82d4-00a8454c2976,-11.16653943713963
b03fd757-54d2-48b9-b48c-b743461d611b,-11.176890286545245
24803400-0662-484b-ac5b-e30889f1718f,-10.389119144888047
3c01797c-bd0c-4cdd-ae8c-85f0c89b1352,-11.182194787375122
ac8004d3-656b-4e40-925e-801be97c8535,-11.17600551862065
e9c720b6-b8d9-4aa3-8bb3-ee06f717ff78,-11.171297841267664
50cb659c-06c8-40c5-a535-5be7832b98d2,-11.175572898065615
bb17827a-9ad9-4197-8c60-e315dff92261,-11.17770386284278
ece4a7ae-1d2f-4941-a258-8c1a5a9fa0ba,-11.180611041508236
3441aed4-c8dd-4289-994b-d076385452c9,-11.180733567159711
a82f578f-f37a-4cc1-8b5d-40fa5cea1448,-10.383285634811024
4918662f-25e4-4670-b6ca-c9de0bc45583,-11.177580793769804
e624ca7f-8e98-46ba-9f5b-b99fb562de39,-11.174153634765622
cfddaff4-0ce4-49a7-9088-ff06b2c62e03,-11.177572937596915
7cf58713-08e7-4707-b0bd-50c688db768f,-11.176227143499204
df0aafcb-adc3-4715-983d-ff3af99359e9,-11.18154565197038
27f0fd8e-1e1b-48fd-b90e-05573e9b2eac,-11.18057825141649
2626771b-ee63-4ac5-ad35-abb471430349,-11.17769419271542
dfbf1276-f43f-452f-aff6-72637eb7dbb3,-11.182907316016776
5e7593d7-a331-4077-842c-195a7dd9aeaa,-11.17992795441362
223cd1cf-5647-4671-81e9-9e055590015c,-11.182346743150934
3a00a588-68b8-4847-8490-9af99ee22ad6,-10.385481389235366
1716f691-9add-40ce-8621-c22d20ee9402,-11.188139594348195
5545efd7-62f4-46d4-84a9-f018c4e99678,-11.173457642171789
7bb5dac5-5ae8-43d5-b736-88ad2b28632b,-10.38719233645358
4fe1fcb2-1743-4c58-83da-d0cf76b95171,-11.177906880134186
f4e6fbad-9659-42a0-bb54-7d2d7efffbda,-11.178217324828385
78ef3f85-c0bc-470c-8f4d-88d248f1ba07,-11.17418669720506
73319d52-549b-47d9-a1cb-220012ac8183,-11.176645105302974
34f6f3dd-c9e4-4159-ac5b-c1ebae356ce8,-11.18464366937114
990b605d-cdc5-4ec8-b62f-11a3d51f2b97,-11.185852459745195
65ebe6a5-9128-4633-94a8-4f2a6e0e211d,-11.179664621198247
a8835a3d-feb7-4daa-9310-e80e1923a410,-11.17892869732274
505bf32b-5b85-4b2c-9b8d-d482d253e918,-11.180183670727804
99dfc169-a119-477c-9260-2657e2a04c48,-11.178772394228664
9922a7d4-44ab-41eb-b789-695e2c3508a9,-10.389988004345012
3d185bb7-477e-467a-8b9a-5a8910b7fda6,-11.182874841912296
fb9fd8db-1c2b-46ba-a30d-48ea92e77e66,-11.184352808799126
bc40bb13-efd2-4426-a4dc-59c1b9738e8c,-11.18110986752939
86f0a2ef-9312-4de3-90d2-0eddcf6cf90d,-11.186822681487032
01235bf1-83e7-43c6-874f-7acf344e567b,-10.385956815612271
56441040-29b2-4861-abba-20e13e26c7a3,-11.173548352556963
0a647bba-b782-4bc1-8434-bcac5704cd47,-11.178332047303307
803c3ee6-5900-4d47-9ebf-62855fba39db,-11.174540460017957
72fa7e50-e774-4747-aa88-82b7fddacae8,-11.190523659650648
e84f1db8-9fc8-4f67-a83c-3978cc2a523d,-11.18215247724315
2a913aff-c8bd-45dd-824e-c9872e70c7a8,-11.17997553667516
fabfb288-1399-486a-bd4b-1734f487de65,-11.171964427668998
bbe59e8b-e67c-43ec-aa8b-f91cc9df02ea,-11.189872420240972
ef5353a9-475f-4ff1-8785-acad775f6430,-11.18268868004893
8e65852e-45d7-43cc-9445-7118fb01f743,-11.186210324197097
b5d19201-5a30-40e8-8fab-5fbae0bc3b7b,-11.183411815142543
02881e3a-44d3-46c9-a7c7-c292b8e77a8a,-11.186732873061237
9147f609-7ea8-44a1-9cb1-945f2a5e720c,-11.178308839703526
bfa1e77d-a02f-4a3a-836c-7e5b4992a8d9,-11.183407896737352
8ea1bf8d-19c6-4cb1-8181-1aa71c2b67dd,-11.186206576944349
da074036-a019-4a10-98fe-f3ed8b08f5ca,-11.18741378198809
e254f4ff-66d2-4bd5-8bae-e0ec6ac5e522,-11.183749366124683
38f95f5b-184d-4958-a001-15f362b80965,-11.174278168957375
7d6ce06a-d206-4405-8229-10e4ddf22ce3,-11.17853598640341
c3a3b9fc-f90e-445e-b725-9d26fdf3da70,-11.183269379979954
43316bb6-80f8-449d-b2ee-64fc28861c4f,-11.186188271597596
0a147b57-1141-4535-85f2-2066c3775dae,-11.180370750799607
532d57de-e2f2-4a3d-8e21-e4452e859f8a,-11.187746474664578
2e36081d-8ddb-4f55-92da-234f7c6be1cb,-11.184634419262322
68cdfb38-ad3f-453f-932c-789bbf4e1a8c,-11.18139850935836
3f94d106-1807-42c5-866e-d2522303c5ec,-11.179451441233638
37d6db9b-ddb5-48a9-bbb6-437d76e643d7,-11.18110643463373
5d537e68-757c-40ff-9d6d-3095a5339a9f,-11.18702333704116
604eebb5-7a98-44d9-b678-fd81277e3e42,-11.183757887509271
c5085e2e-e956-4cfb-a440-d2956205ab41,-11.17919562245509
cd7b9d34-6d0b-4019-8a43-4c93c3a62825,-11.177343374210688
876331ef-1eee-459f-8245-ff304d32321d,-11.177229530826995
c937eabc-5513-4206-86e7-412a5d5f0f7f,-11.18351463892247
09f7fc45-788c-4da3-b3ed-104084a6e477,-11.18071988515748
a8bfd642-e603-4648-ad5c-a122abd79f60,-11.181744290679667
39b40713-da14-49ae-be34-0172f662c258,-11.1856585593408
3ece167a-6991-4f5f-9940-620d7caf3a86,-11.189821274332646
a8ddac08-9db6-4f04-b213-c61f31eb578b,-11.181873465044252
e172991d-1eb2-4e2f-bfe3-dc3876abefea,-11.184675277933232
8cc59513-2f26-4d73-aa65-b589f03d91f6,-11.182258236021532
e0df033e-d01b-4dfb-b769-40eb28427889,-11.18291004210344
d6a03a39-63bb-4d04-9717-a440bec789be,-11.178932910619295
87ee4326-887d-4cfa-a06d-ae47df7c328a,-11.178752078152405
fb92a67d-9dee-4ecf-9276-f4be9fe17aae,-11.18462521280889
15f3a3d1-dafc-41a8-b68d-a92db76308a8,-11.18534077403332
0a00c875-8ac4-49b0-93b2-681519971c6e,-11.179417327950798
2aa05f11-680d-4593-a81d-cd158bbdb531,-11.17901029798068
c3962cc5-2a2f-4fd0-aff5-8bc93ce8e27a,-11.18526136793151
bc91dc80-954c-44f0-a593-f933b5058e74,-11.180118479434498
efd0a3b3-02a8-4f7e-80b7-dd26c0d39b7d,-11.17405709752437
e7374564-6c1e-4e8d-ac17-d071c1ac7830,-11.176657038192896
90a2119f-dbe0-492e-bc8a-a9c6c49d5140,-11.18275408379819
ac8ab03b-02f7-4a60-a085-5f046a835d25,-11.18029037020585
045b786b-e745-4360-a304-c4482d436557,-11.180169478680003
6a265bbc-54b7-4824-81ef-8bcaeb126ca8,-11.18133806080315
7ca497d8-3a19-4ec8-909e-abe747f4c668,-11.179787026924224
07742444-3774-4092-9a15-1c4e7c2c461d,-11.181430463885144
18a05b41-4247-422c-bdf3-1587cc151584,-11.189254359625473
48d96048-6041-4600-b024-ce833bbfc556,-11.183011196508444
a32e4f4d-6e04-4a1e-81e2-2d00d87851cb,-11.186015149450627
621bc7fb-9a09-4cd2-ba51-907df43d0d12,-11.187375073562425
f03944c7-ce6f-499f-b8ad-ddec702c7259,-11.182967170227425
c2fa80e6-4c69-4e08-98d7-d990d925a455,-11.17685264144118
1c407171-baea-40b5-a5c2-ab561d8ea1a6,-11.18502991677513
9f9c834a-bcce-4a50-91aa-4c672838c949,-11.18499300200235
006c47c5-2ed3-4a94-b0ac-1576d40571b6,-11.183950391070685
78ac611e-7f60-4b57-a4a2-9a5b5e98422d,-11.18015020327541
904ea30a-298f-43bb-9d97-695d04959447,-11.183637837145094
eace7ca1-5072-41f4-ba4a-79495e59650b,-11.17321749361678
4bab5c16-fa7a-4135-b5ee-9ad5ff6fb7de,-11.188983159157589
aac41ee0-b49b-4cb4-9a1a-ad2ad61c8272,-11.182618937734585
9c3438fe-aecf-436a-90fc-977176e0850a,-11.18476831926396
62d370e3-0323-4d2d-9de7-830b12d58114,-11.186405234945989
fba8f2d2-502b-426a-9f4e-9e8c28afe694,-11.185725995053282
694e79a4-ce6c-4bbc-9499-c41af087e505,-11.181972990547232
4d3675b2-dc10-464d-b67f-9b3bdce00c27,-11.18394520731202
a6e3a024-b390-4fb6-a6a1-d64f0a24f248,-11.175383709051273
dc063f91-3744-43ec-9b02-e17a4344e621,-11.179488801905318
3dfa5ae9-ee2e-4f2a-a6b7-8365580e5da1,-11.18682397951094
9318123c-ce42-42e5-8c4d-f9d89b22ebd9,-11.186961395260855
2be74558-cef7-458b-b901-ddbc60e8a8fb,-11.18445304159718
d23b27b6-6298-4b8d-a494-5bff42f182f1,-11.177745633161818
d92d0c88-ffad-41a2-97d9-ac3362e4708b,-11.18440079469616
8ffa97b2-0532-4f52-8dbf-f30453a21bcb,-11.17823649134508
7c01a55d-bd0f-4ef2-b8bb-1009fcf4b7e3,-11.176481188686363
1d785afa-9e3f-4780-bdaf-729763670c87,-11.183597781937406
92cc67b5-1b3d-47ee-8a7b-a051eacbe07f,-11.187561648341545
c53cb189-4ba9-434d-81f8-5c3e8e39fa7a,-11.184658185741222
f3e6e57f-435b-4beb-a116-d944b88e3a48,-11.1853760053426
76a53e49-1ac4-4812-9c56-2d66527b7ac8,-11.174466667210078
c04b3f95-526c-4253-99e3-5111edaa5332,-11.178144364703778
68c578bc-ac2c-431d-b1f8-c25b120bcf29,-11.187379687481146
110c822e-f0af-4024-99bb-655443e0d3c7,-11.185454493702748
3e816c54-9f83-4dd9-9fd5-2ccf7f91f40e,-11.1744762847201
b3c4b32a-2353-4c44-9158-d2e32a636575,-11.190043908136502
7e15ea9b-65b8-47b8-afe6-1602c3b58af5,-11.174775355661597
8905b8cc-2fa3-4459-9010-0b1d052c1d4f,-11.179749981650568
5ca0b24d-653a-4bf4-ac6d-ef820bb33a51,-11.19123717942464
edf2a363-0976-44f0-be37-ef10841c7fd2,-11.182739682712164
db347868-28d1-4ff0-a679-497c7f6afd72,-11.180542366614056
dcad04dd-7621-481f-a89c-bd64b9336393,-11.181628543062672
8abb685c-a3b9-42a0-b27d-ce6da422e5ab,-11.183367837625212
2b749d85-aa4e-4313-85b7-e55443ad1f7b,-11.18207721948881
d7697eaf-2dc0-48cc-9979-2947fe20faa0,-11.177066968235486
4c6c2342-1f60-4911-b290-6a14ffeb83e6,-11.178533257152266
9243cffe-7c99-4a24-8893-150966f13bb7,-11.18548010014403
823b54e5-d978-49c4-af36-70587fe382c5,-11.172734195215291
27d54f80-ec4d-4724-b6a9-b87baa009abf,-11.178424139012368
65d5882f-ef58-415e-8504-39cc9927b43b,-11.184113690748603
7808fbfc-1851-4718-bb11-4bb47a089b45,-11.17644730395688
4b56ea75-0b49-4a6a-983e-6f86c6e61b16,-11.181441881776234
946950b9-c068-468a-8ab4-91ccac5070dd,-11.177375929682167
b27b5d48-759b-4e07-8389-35cbf4b2294e,-11.18301575405127
8683432e-1c1a-4aef-b2ae-ac1621f4da6d,-11.183654706828031
6aa8ec76-e9a9-4439-bd5a-d3c6d4efce77,-11.184646081751737
2b651557-14f2-49f9-b4eb-1386dfb36f54,-11.179355925243437
bde6d284-1811-4a55-80c3-83e84cdca572,-11.177754510681003
d4e85623-b0f5-439a-8323-93f230e859b6,-11.188820745785849
e79f14cc-73ce-42c1-940a-a141f9e7848d,-11.173720133787471
2a8366f0-6468-4775-909a-061a76117960,-11.176268371120278
811b98a2-3337-46b0-8dfd-6b2165b21cb7,-11.178254479097454
749ec2f2-b8c0-4168-9057-118fac114a3e,-11.17690203311416
ca5b1595-8ad6-4f3a-97fe-20eaa1c8df04,-11.189879890095453
e349946e-a45c-40b6-8dfd-6920dcbc84e2,-11.185824260312328
d1b31af2-f2c7-4378-96c8-49c15b592d9d,-11.178552574072356
ddcbfe02-780a-4d85-9a6a-4b7bb463211b,-11.177279800572132
1a22aefa-73c0-43b5-94f0-ac9448ecaa82,-11.169263902548872
5ecb0a4d-d845-4c32-9098-3a81033c7914,-11.17728322763288
368b0dd0-628e-4bb7-a604-6ac754df8d11,-11.181118037449874
0427cb94-ef9e-4211-9f70-0eb0c5dee8aa,-11.18717301013385
4a8fcc47-804b-4842-abe9-a0702be525cb,-11.18461625973498
db95de8d-7bc5-4ceb-98bd-b0cfc6bd064a,-11.186498934899989
cbbe8a31-2dbb-46ca-afa8-a9a74e4dace1,-11.186792172357825
2612b56a-7c49-42c0-882f-4a9748183768,-11.183764344098856
528de97b-948b-4a53-9639-180621ac0bc2,-11.17966311944039
f410b611-cdd2-498f-a603-a14fb09a6222,-11.18313253450462
fa5a77a6-6236-4210-9ba3-2e7a7de037b8,-11.178858547898242
994cd886-6aeb-4701-88d4-f1a42d23909e,-11.181879700192054
bc9bdff4-3f9a-4704-8b5a-51a2dd133253,-11.17769960719709
095dd203-2bf2-45f2-a2a4-026b3ed5467a,-11.178575984928893
2db7fc37-4d88-4993-82ee-cbf78dcfa6f8,-11.180694610566476
580d790b-eb93-443d-b3d5-d53501a5b239,-11.178688522908969
05237ec8-253a-4a65-bcc8-f65c7e92e3ec,-11.185624477185838
8b68a7ac-073d-4340-bc33-305da2789914,-11.178931899533453
480b2287-4bfa-465d-87f0-26659dd38b71,-11.180003896435316
61993014-62db-4ee5-98e7-ba780e27647d,-11.186055433478176
ac96c606-f4e9-47a7-8906-b9b64f1d8c36,-11.177657532675775
8d7ea44f-cc14-4f40-bf4a-619aef1ac7b8,-11.175532984868088
fe18a0bc-8b0f-43d3-ad56-1af0178f46fd,-11.189707393554636
ae9ef5a3-761e-4979-acc3-102fe6172945,-11.173609849269155
5358e93e-0584-4ee9-95f7-930e62b8dcf0,-11.180399974588976
3ed8ef09-9def-4d15-accc-623167cee500,-11.181788645587728
aa083cd7-672c-46d0-92ac-ccb32e2739ef,-11.188885102446475
6befc5e4-d4c9-421c-8589-ee66d39d1075,-11.180352870042388
cb5a282a-0dc3-4ee6-a3ba-6ffd3103e266,-11.177213132774051
0f606e32-6a64-4614-8573-75548eedb598,-11.171922809501051
58533cf2-18cf-4bc7-bb45-f2ef9e8b0444,-11.182838058622073
a5e9c8ed-596c-4e26-87d3-f3a8ef5666b9,-11.184858862930504
291b5a6e-1143-44bc-8b20-fc5cc8d12d28,-11.178221370851622
74e16c20-b0df-45da-a163-752e8fdddd34,-11.175219179772302
38264013-a3f0-425a-bbad-75447d0cebee,-11.182941696560125
692d64b9-d956-4e2b-bc14-42c217bc16dc,-11.185437738631345
6883079c-2cb5-4617-b1a8-3ae6456fa7d5,-11.186295815296733
3039d350-5e8e-4291-a9a0-3287e0ece338,-11.193799694646255
8e949eea-0fb6-44b3-8c1e-cf75496f6c23,-11.175321659428931
2668e34d-c3b5-4681-9cdc-1042ea571847,-11.183040049376562
cf3f9435-09de-4cad-af0a-041773f1778f,-11.18398822697892
b94e8b38-cf77-4dcf-8888-9174f6f3654a,-11.180400199896525
85e6c06e-cba8-4072-8d4f-1a28d68ed27c,-11.182562763092026
16c93de8-67c7-4079-a737-248df4cfb351,-11.185195423199527
51d992dd-ef26-4a90-ac78-9d0619941f6d,-11.175171524875802
6955e348-2f62-49c5-8c0b-4fdcf57c266b,-11.18215934516382
2a6c4600-02c0-4457-b0ea-ebe4d4b2c1c0,-11.183040065094252
cba713e6-0b9c-4afd-8caa-848261c52fe3,-11.17872664990563
423a611e-efb2-4c8e-b57d-eb96870a17e8,-11.183175874295875
caee15ce-5617-4603-ae68-22bf7360786d,-11.17812001926857
5107734d-ce13-4062-8a32-045c6625efb3,-11.173887316230791
f8f7a727-8a19-4f9d-a8d4-4c5443e84632,-11.176802472159803
4974810a-11b0-41b1-9930-66fc95ab3605,-11.177486720648922
9a926a85-9be7-4cca-896c-8297d404ed8d,-11.183940756147416
d96a6677-3c7a-4b79-9484-717e7daa0e4e,-11.185527134628522
47f350a0-b15e-4da3-9504-6c6044bf6746,-11.176115649723805
75629ecc-70e6-46d6-aaae-14ec034084b3,-11.1768461440823
57af4318-4d2c-4008-be6c-7f31627695be,-11.181682951222658
6a7e5502-2abe-4584-b199-e313799cde51,-11.171543957082866
e8789523-3b4a-491e-9576-28e30985ae35,-11.18353019704755
8372f023-12e0-4052-82d9-25e8be52adc5,-11.18792632255066
198c1a89-f8db-432d-82ed-dd6abd87991b,-11.181474234009706
3ea00247-d3ac-4fdd-ba62-f58d211fe6d1,-11.182017088278478
b42e91cc-c40a-449f-b522-5b52c5edff94,-11.176680074182611
5fee2002-e4e7-4b01-aa6b-6c5580a3395a,-11.18389312038669
bb10bdce-6067-4a92-aebf-ebb7d4bceb13,-11.179362660994682
9500cb32-332b-4792-bcbf-fb35ca6c89e2,-11.178545368308749
8a3062b1-631c-4e92-a879-052e41ae3db6,-11.180263814233944
6daf8880-fa77-4f08-9689-823101ab3121,-11.171386405002105
e9f87217-24fd-4de6-b6ff-189174c8c48c,-11.178495715387085
3f2fd2bf-9baa-4743-ba51-3c0e341044fe,-11.1777628280861
c0485bad-d631-47b8-a964-4a6045206fed,-11.179339552216764
ef11245e-d778-493a-ad09-06cd58d18ad6,-11.18497482386242
7129109a-cac6-41a0-b006-afdc7de7256e,-11.187990791384102
e3d12c55-ed90-4387-b45c-c476ede4151c,-11.175122151245954
01e0ada6-f7f7-43b6-bef9-c4f169371465,-11.18191870269025
ba66ff56-ed6d-45ca-bef1-47e854c1e1d8,-11.182227077788758
bdf03075-9dbc-4123-877e-d7564ecc60e7,-11.182690687694484
8621f067-b385-4721-bedd-86f347a9ec5f,-11.179000521261734
3fff5502-6861-4454-908c-55369af35dda,-11.177253951173984
006d34e5-5e96-44fb-94b3-93b49d67f62a,-11.18261534756807
032b5ba0-b1b3-4188-b2b7-e617727e6869,-11.184274669701612
7b18f871-1058-41c0-92ef-58ed0c2025d4,-11.182987749889556
560b4012-fe6b-4626-9f9d-2d5e53e49e41,-11.175325363013792
2ff8b5f9-1be8-4d98-ad72-566add7b675b,-11.192275661715923
6b5004b4-9c1a-4f2d-83a8-455415c71b3b,-11.190899227317749
cec133a8-6c0b-46f0-975e-f5cb988954f9,-11.172931971057132
b0cf9605-f72a-463b-bf2f-8069d693385a,-11.18403265093236
3b9fe2d1-c6be-488c-8292-d0f789540e79,-11.178920377717771
06e07302-fe63-4927-a6cc-6cc8b9ab09c4,-11.183238270244576
130becab-935a-482d-882d-6cb818bd2dd3,-11.180461315707523
863b7c9f-c20c-430c-b324-ceb83c543eb1,-11.178408525073111
36be155a-d126-41d5-9f92-34a867dc74fc,-11.176402646272829
d0918b95-58a7-4c05-8254-96ca301d3091,-11.183427930998986
a1734c55-dce1-43b0-bbcb-5e4454863a4e,-11.184710960726568
6a501b75-6dd3-4a37-b5f0-631c57c1ea66,-11.18424719316569
4013aabc-f3c9-4e70-895a-19d27d8fc711,-11.185468443688457
b49be2c5-44ad-4e5e-b7c8-007cd3da25fd,-11.182493099832271
9b475726-738b-4a3a-b732-b190b2722a60,-11.18119246842242
ef0797ed-14d3-4a75-aa45-ce374434dc43,-11.178779082101345
e66fbe3d-0444-4bd6-b87c-feebce30455f,-11.18196912986139
f520a99a-9245-491c-8a88-2d3dbb1f6a4a,-11.180075477119487
40a52838-98a5-4b91-9498-beb14ae78213,-11.176177875192304
296515f0-0195-4607-8e01-d09279dd097a,-11.182641946327111
bc445f48-a974-4dc7-b98f-8ea32fac5b17,-11.185185813695346
7e9afb1a-ac4b-42f1-896a-862af4502bd3,-11.179617228211312
3b99d9af-32ed-45b5-bec6-d5b80fc6abc3,-11.185878644943084
7732a4db-14ac-4edd-83d0-f999fed59ea2,-11.17107275157635
fa0ef1a9-8a18-46d2-bed8-1f455b348438,-11.183809638653337
a1291432-fe15-43f2-b0e3-9738453889e8,-11.17884646504098
5e246c56-af71-4368-a8bb-e8ba22209ed3,-11.182563262705624
50e3863c-57aa-4a23-8080-96c963e1a638,-11.183082030644794
b541a55d-be0c-4c48-b5dc-dc8db77cb2a6,-11.175515496865469
e3be0ab0-9403-4bae-9185-4007dc2ae9c6,-11.188769184405128
5857ac65-b011-448b-8dcf-e82696933b0a,-11.192429715779085
7633649d-35a0-4aa7-b5a1-6b0541fdf8e4,-11.182422470515348
2cb56a6b-ff5a-42d7-9f4a-5cb93638234d,-11.188117025160468
ff07f9fd-07e3-47dd-8a8c-1178006ab458,-11.190968946732347
80c4da8e-d1a7-466a-b18d-3e7aeccfa655,-11.181422044882307
4957546b-7eed-4f6b-a14c-747fe1d13c17,-11.177210211037057
591fa276-b68f-43d9-981c-49f41dddd8ca,-11.178935484476929
78bd4594-fc9b-4d47-b917-8f36d2f41297,-11.18141400045689
dab8be27-1da8-4a4f-b5af-4607afa2dfcd,-11.190757838243533
a56c3588-c8af-4228-b8fa-332bc40fc704,-11.18139448686305
be4bc75b-4dc6-4a30-a476-d36527ee231b,-11.176297784268058
8575421f-035c-45fa-9165-54bf3e10760a,-11.183154224660177
2072d33e-fd3b-40dd-af44-1de2f7f7d180,-11.1786548409331
a36e0175-cb6d-418d-aeaa-e9d819431436,-11.181912543148588
080714a9-7d08-4215-9143-7f866d55c57b,-11.181617894622798
9e254a27-d69d-4d62-b2f2-32edf4f95a7e,-11.181347726392808
014a4c09-4936-4058-9304-a3d2fd210e5b,-11.183167658819237
986f62e9-7e23-4ba7-9679-df0c8c876e77,-10.385944355496072
3b31edbe-3b9d-4101-b613-d5f8884e7656,-11.186313035921335
2d63ab78-6d4d-4266-881d-d22c89b228e5,-11.18302858108145
97e043e4-912c-4a0a-a901-854bd4297c2e,-11.183646041543636
410a2786-fe5b-4933-86c8-548a3df03b16,-11.174156974040953
a8da7725-bfa5-4462-8936-88371ea60817,-11.1814636530163
a45471ef-f7b2-408e-afe6-e47d28cb235f,-11.181505817114491
9ea72915-7811-46df-86df-3f0fd1ec3c72,-11.179605645707454
593dd6ab-ab10-47d7-81e9-4a06d7b52662,-11.178847882395717
7da3db93-fea0-440e-9b33-36fa451e1caf,-11.185702126127037
f0f91012-338e-433a-9f41-8d5477fc7e1d,-11.174103116051237
24e67601-79e9-4bf5-8072-b693ae926041,-11.191794433161432
c6346706-670e-4ed1-bb74-144fb17ee92c,-11.1788282199214
9f1d8a09-6193-45a0-915c-38b26521bf92,-11.179965705127008
8301d549-4daa-46a0-8572-d212d10f4434,-11.178937247704535
a8ac06c8-20e2-4da9-a221-c4b46c45b008,-11.186093927932484
3f9f3d2d-2f0a-4ad7-bc64-aaacb0888189,-11.178713623943082
a6d47ec5-bb4f-4b89-9306-6e811f0d56ca,-11.172678733202028
84f98169-ee85-49a6-b7ba-556f7e31cdeb,-11.18640212492584
adad7770-cd33-4943-b9d5-4f1cd9704eab,-11.17892641837179
620219e5-ef3d-41eb-9199-126112fad47c,-11.177120277007322
020e8b47-c677-411b-819d-ff5cfc049ecc,-11.177372197631255
5d7f85c0-d16e-4caa-adb1-a7a4b3d16f68,-11.18042272110047
fcd1951a-7483-43ad-9899-d50e566cb9ec,-10.39127953171964
250dcef6-2ba0-410c-a663-ca4b9b2532b7,-11.183071538143606
5d2bd929-a854-4265-96f1-c142920dc280,-11.174970314037402
57d9f53f-f35b-423b-8f87-71d0c1a0961d,-11.187153410355776
b376b37a-8878-4249-a582-d4d3d1f897e0,-11.181083811831094
cf00bd59-2fda-4ddc-a641-6b03c587eb54,-11.18273812784649
a90f4917-0a2c-44d8-b080-a1f0ed3883a6,-11.176864646435735
10fe6dc7-4657-4712-8d0c-b7b6ec2faf2a,-11.185514928120169
3da10bb1-7564-45be-915a-0dd9868d87c6,-11.17749050293441
66cb33eb-9ade-4604-b514-f4c2bd8f3928,-11.185217388946466
4402f3d0-2559-4034-9903-f34bf3889322,-11.185425351148307
65b13ad8-64c2-4ea7-a6b7-5c191ef8b166,-11.179898715176956
c52021d1-d329-4767-b100-d60f717116a2,-11.18558320728719
6436b647-13be-4947-9f35-47df774fdc6e,-11.185084967507404
26a2f97a-1a03-44a1-98a6-25ca1fba2a9e,-11.18128057221181
05c21c8b-2a10-43cb-9432-c3fa0d84044e,-11.18193857546436
11509be1-10e5-4a24-b559-2dda81b323f7,-11.178436816773832
65fee47a-3861-489a-b258-2f3d9498346b,-11.1802043294632
c2d2f9b8-3822-4278-96df-8c1ee2e6c061,-11.18102187058819
6b1e9787-8e46-4618-b929-14cfbf64ab03,-11.178027866754766
f0bbaff0-aff2-4230-8adb-f2030872dd92,-11.18373602258787
c26d81af-8ae2-4e3f-818c-44de384f5af9,-11.180996059931498
4dc2edc3-bf2b-4dc1-baa7-5fabf6cc64c8,-11.186296916610557
8f5fa8ca-39a2-41eb-be47-730556ea039e,-11.185903401634866
91e87845-21bb-40b5-8d9b-baf34d58c981,-11.18978521709862
766673cb-989e-4ac1-9fd9-65184f7a6fe5,-11.19329432793653
9aa30505-b6f8-4717-bdd2-48c5c6c58f72,-11.17853840905362
084d489a-59e5-44ae-ba79-a916dec31528,-11.183757327294929
dc5cadf5-84d9-48bd-9c6a-e488d2ad1443,-11.185099940391748
4c11e57c-49c4-4eb6-805c-f709f1e1c704,-11.177538352017264
bcda006a-3709-44c1-9d6f-3f5006c81bc5,-11.186969452832557
dd893ef2-c5e6-434e-8158-4687d4a923d2,-11.181774707581775
d9b8d2bc-08d4-448b-8a23-0c1c2a0daac7,-11.18151140986864
0f0bba70-9377-4fdf-814a-e7514f44eba1,-11.180315022802208
253d11e3-bd55-4a1f-b702-fd1576dadd68,-11.18638697229428
2851cd5d-2ac1-422d-bef9-c603e2b435a7,-11.178989074894709
1a859ff1-f413-4076-b10b-71ce7443e1e5,-11.1734129345724
51d70ef0-8d0d-4d25-a156-4d23637959ee,-11.179453482343702
90a549e2-2de6-4bce-b091-136a366dfd9a,-11.18607166334196
a0d15aae-1b36-49ea-89a7-2872a82cf055,-11.18234046575867
ad2edd64-35fc-4a05-bc6a-af0bd2f7413e,-11.18919780018248
9836900d-c7d9-4914-9d1d-62ed37e9d220,-11.183737655618014
500ed48c-e575-46b1-a58f-4cd39d9986d6,-11.183762601024933
6d95e806-4b94-4f79-8000-69b21a22fb9b,-11.183662448205077
9932436d-0a8a-4f54-a17c-8ad24d15f353,-11.18501219377724
0731f8d9-9a19-4137-84a1-86626cdb7213,-11.16878094697334
e4212cd9-96d6-4eeb-8a68-abcd38b7c7b4,-11.189364351996131
64255ee6-0bad-4c0b-b63a-98536cc1479c,-11.175993537196126
a2a99829-8c8a-4246-9459-4f4c95dc3c14,-11.181798471889314
98b86029-fe7c-41b8-b03b-3264509a7b83,-11.186807941297529
66031b30-a23b-4b14-b96c-36ac51361922,-11.18219266944999
1af21aae-9429-466c-9aac-72d08c9e7a8c,-11.177609204747954
c86524ab-8636-4777-9c86-1b8db220e18a,-11.177341278408266
1f85868b-fd3f-443c-ae25-c8bada6a1581,-11.181320021321696
5e246c79-0acc-474b-8e1f-52e3162a46eb,-11.181130501729037
4d89f130-8e51-4901-9599-a6987ed45ed5,-11.179619003841328
a6d2f70e-3add-4d4f-a680-4a719cd02d6c,-11.167379032727023
06a0519d-310b-4f29-9aa4-a39ef8a6bcfd,-11.180228388456063
118b78fc-b536-472f-b9ea-f7c95589ee54,-11.178226619894346
bbe308cd-99c6-4ac2-836c-422cdc410bce,-11.180737554435646
c90a70ff-c4f5-4f2a-9dc3-bb8e158a9240,-11.178346704015343
6b5f3937-2ef7-40a5-8eb0-0d9ccbedf887,-11.185014411175745
f02e1fc5-9852-4e13-b94f-1005b21aa8f0,-11.178256726518413
7c466d01-0fdf-433d-a615-c6d37fdf90d2,-11.17817214946641
563e4200-c819-4ea2-b31b-d089b55023fd,-11.181450218623716
abdd9217-76db-425a-9f5f-d24bc497c96e,-11.177250059528946
f535b42a-ee24-4156-9ae2-256a0f8ed94c,-11.183297598864884
3e55e8c7-e1bf-4af2-83f5-6b7f8d0d75c2,-11.180331262477022
ee08031b-57b4-4abe-af2d-4e5a14a7f307,-11.182994803554283
4ddbae82-e862-4de1-8c5a-936d3d627a90,-11.176400886541291
8fc3e304-32ac-48d2-9b84-284e1148a136,-11.178624754695802
9efe5b2c-f063-4b57-bf3a-84567a570c76,-11.185452202055604
98f323c2-5432-4aab-a490-59977d82bc6e,-11.175227449110915
29b7766b-6b45-4cde-808e-905b864ce78f,-11.175396192041111
28aea9c3-1429-430a-b98c-63d281ebebd7,-11.18138010110003
dd88f4c7-53a8-4581-b592-cdca110d9e8e,-11.17555203279915
c775ca86-6fab-4ebb-93ca-157a737ad1fc,-11.179749153621591
51d5e404-b059-4190-ad38-4e4262e48dbc,-11.184087947131534
8c8f798b-d8f9-414c-bee8-022ba9a0586e,-11.179951841957676
3d427bc6-cd15-47dd-ba00-dbc10c8757d2,-11.184282984108274
465a81f4-87e0-4f96-b952-9c0d9e56f1dd,-11.181297697881035
26e618a9-b1be-4b15-9be5-a55247fad9a8,-11.176523402526705
a1a9e68d-32b4-47e2-84ff-d2647b7c1eba,-11.173490204409353
885959e5-4933-4daa-8567-0510dd5db60a,-11.18068777916502
92ba9f95-cdc2-47cf-a3be-0a86e3145a53,-11.17624773139799
79e61838-2b09-4855-bbdd-19eadebd6e27,-11.185035541505789
c68943d7-e1c2-4a41-8ddf-5e4166be41a2,-11.17844520263907
67099c2a-40e1-4dad-8b55-1f06cd072dff,-11.179425078189697
9fa34ba7-7d7c-4963-ae82-d0373d8a92e3,-11.173690484856628
5436a847-a614-40e9-a6a7-6db0ae244a31,-11.186790460074818
dbc8786c-efde-4eb6-8e18-cc63e196b957,-11.179436335576396
ed76c43d-3b84-455a-b955-b2ec183b966f,-11.183358003381697
004c5561-0cb7-4d91-b87b-28a75093af1a,-11.18052439704242
d7e060bc-2451-4acb-bce1-63b8836b3f6c,-11.186308378201671
117512b4-0ec2-4b8f-b20b-0f23118d4199,-11.180691351068385
1a5eadda-df95-4ba3-82cf-2b911b845f49,-11.175193397239376
170e19e8-0ff4-44b9-8e82-b68ad260f226,-11.182344100772005
8a6b28df-cb8f-4039-b716-24d3a7b2e540,-11.185469488859868
2225277c-e609-4a79-98b0-3759a58d6913,-11.173024264374392
8ff8c089-07d9-45a9-8d30-7fc8b2a37ed6,-11.187167027636018
d7ee3dfd-364b-447b-9a6f-c1fdc3159e2f,-11.181969102520304
9a45f89f-d7ce-41f7-a87b-f69c11a8efb4,-11.178298320482142
ea72d2d2-fda3-4830-882a-be09e2eba2ba,-11.178237735998575
6d12f3e0-85d0-4d07-86db-5b76d60f3fd0,-11.18698708717583
86bb7ded-658c-4675-9449-9e9d7911b890,-11.1838861494484
a3a7ca30-5a69-4e85-9f07-ff6e41c86cdf,-11.182721091513416
ee462e86-7cb7-4aa6-bdc3-bd7559633531,-11.182730250098778
61c61e97-1ab9-4927-b6d9-1286b1a16d99,-11.18365361204347
c732bdc7-290f-4f7f-aa39-c016f84f57c4,-11.18212013972484
43b3c1cc-6f81-46a9-bd5f-22194f4d11c5,-11.185050408488348
77294276-2363-4698-9f75-f2b6733dd897,-11.17983211053656
42686b1f-b844-4d8f-9252-8df56e2162cf,-11.178511258479624
ccbfce65-4a9d-4a70-ad0f-a75e0025d6f4,-11.173947247202324
79321fc2-8a43-4c51-940f-f53bae0b5de2,-11.179573377110785
08e646b4-0c96-4bf7-a866-b209ed904e5a,-11.175033255392329
f1762cb3-078c-470f-a0ab-902bf358bf61,-11.179612234572064
feeacaa4-eed4-4d2c-9916-eaacdecef2e5,-11.18007960475103
371b3ac7-8d64-471d-8619-15b25cc58c4f,-11.182982819062378
ec26409e-2e4e-454e-b820-549c81099714,-11.181663178265117
bad1ba33-d390-40c4-8aab-634b08dacbd6,-11.179394987762272
41e51d2e-bbed-4d1f-adb1-01bbd76943dc,-11.177308901950504
f0545dee-56ff-4bc2-8a21-b5cecd2b70fc,-11.1882763917745
7fa433cc-6f8e-4b50-9192-f3babec72850,-11.18154300439083
ddfdb4d8-7ad5-4e99-a0f1-4d714b8f82c4,-11.181227888407182
c2a9b3f1-c39a-4fb9-adfc-a678c249527a,-11.17920705694027
5979ca70-29ce-4fa4-b6c2-11527624a45b,-11.186242279304148
bf3ec52b-f8fe-4d56-85ad-183cccb67f49,-11.180734584584618
dce676a4-a9f4-46ed-b5dd-b8e81399af40,-11.191544536318846
fcfa4e46-e74a-45dc-8891-9f5f14fff345,-11.174934423069232
36e375a4-26ed-45ee-a225-3bca46ff7a5a,-11.183849165127729
9a2b47ab-aca3-4e0b-b320-528dba8ad4e1,-11.179129122243545
1cd3a8c4-25d2-4e8b-a925-8687e8bf49b2,-11.17737487225744
bd1c3808-6775-42a6-9302-fa13963cc566,-11.181130011083736
36f49037-4131-4ea2-b153-32bafcfd9bb1,-11.182818403445877
6bd1c797-cf47-43f3-92cf-7166cee2fb6b,-11.18707717168377
a1470fae-2ca2-4f0d-bae3-c9d98da99b43,-11.184917844954429
5740e176-0dac-43a6-8431-6d2e95baa06e,-11.179833104929228
e192c53c-b2fc-489b-915d-0a11c43388b8,-11.1863349203224
015f44f6-2c0e-4b47-bc15-6bd82e55bd33,-11.181204301337944
cb1e2098-a25e-4a56-aaf5-5d9ac0473d1e,-11.184649373070927
1811a561-d7b6-4645-a104-2c1037bddcd6,-11.178319119868696
9a635948-9051-4bca-ad14-d95455221833,-11.178527801031382
a8fc43db-2131-4ca9-9521-741101f52811,-11.182423382778772
b44d7a99-e7ed-416b-87a8-b3607c64c868,-11.180899762331736
699db7fb-5e96-498c-bdd8-33f9a9642b7e,-11.187063826668265
8051057e-8981-4d07-bd9f-f639d65bf359,-11.177547853845647
4ca23cdf-bd36-4fc4-ba36-50dad8c900ec,-11.180590119407972
d32f0498-eec4-4892-8f63-c37050fccb0e,-11.17744233833697
968a4e72-e67a-40e4-bf4e-33b76c32cda5,-11.182343003135218
e6dea093-606a-48d0-8ff8-36997f8a840d,-11.172650819632157
32e087b5-b9f8-4deb-828a-d28842e0022a,-11.181830489982524
8f1f17de-c6f0-4018-b8c8-3b28d1b629e6,-11.183094799767536
5beb9a64-191c-42ad-9d28-60e8f8f966ca,-11.178166337506514
665e7daf-4c25-428c-9dc4-5f8142251959,-11.171819467821823
4a9faf21-4cd8-40ac-b221-a44c1cfb9a43,-11.178322181608918
2343c371-1751-441b-a020-327fb22f0882,-11.177891117836316
b50d2d59-a0ca-4c96-9680-f3c82cfa98d0,-11.177466321719882
7be84153-11e4-4939-8cd5-8b98f831d5b9,-11.18530672534701
817b78b9-1e8c-4b81-b5ac-c88c5c6644da,-11.177682551058943
113ae6e3-2a0a-4cbf-afb5-85d64541b607,-11.178795762046622
fb42622d-5177-411b-ade5-5c7c0666f11a,-11.18373887630512
e7b7a323-9700-4ee7-9e4c-d043a7a2b656,-11.182542660122763
9bd77789-c458-461f-8251-f6b34c80d3f1,-11.180759663552442
2fa29373-89dc-44d1-b293-0b02387187fa,-11.173379142998003
f5dabce8-9026-4413-b8f5-bb47a63e8a62,-11.179917637572634
8e0992ac-51aa-4b09-9482-d4dcea4c6499,-11.1865414628408
7d8040f0-415f-4963-be5b-bf2ed1c45d7c,-11.186985993104452
a332f588-c69f-42e5-a342-7bf64ea2c60d,-11.182646767949675
a402a5ca-9e5c-4d83-9db4-c17618c6321e,-11.18793640415028
54a9f33c-9275-44ff-8c77-e988cb26297c,-11.173717991528502
0c7fa10b-1b76-4f76-b446-7f4d6d032c34,-11.180836136404697
6d18df4c-6308-44fa-85c0-e7083034008c,-11.181731709914114
26af4ad0-4880-4798-8e88-db204d614d74,-11.178528979189124
6ae4f2c5-2a2a-4fc7-a2f8-72ad4540addd,-11.180013336927388
e0f46049-04e8-490e-8ee0-1f55278182aa,-11.176996613935504
40385c0f-3d07-4d8f-80fa-f6959b315434,-11.182690428157049
dcbc99e9-adf3-4808-9d77-76858377a083,-11.18266565464181
a70b5b34-2730-45a9-804f-c376c2b69121,-11.1824581619238
f0894cc9-f3b3-47bf-aa4b-b76f162da20d,-11.176733365164866
f28faf39-2e78-47c1-b1b2-2e26fb731d90,-11.18139905505592
bf5274a7-4e3c-4e44-aa81-63552d21ee09,-11.17364532295302
a6464beb-f4b4-4b24-bc0d-8d8f2ab0c44d,-11.182353790107172
434c0cdd-af0e-4bff-8bf2-6898ed3903a3,-11.187181146890904
6222e1e7-9b7d-42c6-bdd4-18776e4487ec,-11.184771149410253
d4b9cb40-04fb-4163-80e5-15d363a7f96e,-11.188386247700748
5edf2a3e-190a-4681-8c75-503a74094885,-11.18280673903931
6ac73b13-5479-45ab-8d59-bf0e044f00c9,-10.386208438694284
f987f600-8357-45c2-be6e-9208669d045c,-11.178585326596185
b934399e-351a-40e7-b11d-9d92fbe04862,-11.182533332982448
72a94a10-fe91-4f71-8e6c-7bf37c101677,-11.18042880539483
cde45de9-fd1e-488b-b6b6-e4f9f0081966,-11.177009714367813
4073ff54-6831-43bf-8c56-9185d4e245f9,-11.180701440162748
593a2bfa-c880-499b-adf6-fc0cecbe8574,-11.184551391947728
74a24e6a-6678-4252-80fa-c2a3846ca923,-11.181351957936338
7b83179b-e405-4cec-bace-1b5a1304df4e,-11.179680288093513
afa63f36-a74b-4343-b8e7-b72f52ee2bb8,-11.184983739273866
a8104754-f922-48cc-b28b-6b57bc0c39ed,-11.183340814145422
b5a75d9b-7d30-4328-9b3c-a6d199f53e6e,-11.182865293833917
7c10533f-622b-4f5f-b4df-70a64b7485f8,-11.188049670019495
052cdc26-c5ee-4a4b-992a-a6c4c6ef5989,-11.176480934008945
fc23deb3-e2dd-4ca4-b8ed-bb435ed3c6ec,-11.1808803827155
63a2c529-82d8-468c-a12b-bfcf51a86b29,-11.184497276059354
be3d9736-0237-4a44-bdc1-56f615f81d0e,-11.17756729155592
6fc08929-b2ca-4bd9-86f3-dba7e64a5326,-11.184038612059554
e3a6d814-fd08-4e14-ae47-d051352f3d79,-11.187173499981284
7ab6f511-019f-40ea-907f-d3a1cc18fa30,-11.175396592107289
212bbfc7-3f61-4f3a-836b-79bac09362f4,-11.181887846174028
40041fce-7b1d-497c-b3a0-648481d4408e,-11.184131657696735
197e2926-6c5e-45e3-9777-d5228a181146,-11.179916241593164
d5199365-41a1-4da2-a3cb-df72d9d952b7,-11.181018576186366
1a7d4e35-1851-468f-b6a6-897a8e1bad80,-11.18007458144618
130ab795-2da6-462a-ba2d-cbafb24553bb,-11.181495694932288
98a1f355-882d-4273-bea3-b6929136a8e6,-11.185161710044088
88028e5c-e42a-4223-9c91-2a1053caf8a3,-11.18507745827772
7dd3a570-5d34-4a4a-8883-b27555fc1ce4,-11.180396601237453
e4c8f691-cd95-4d34-820b-a689549d2056,-11.184383087780752
c103448a-3657-408e-9aad-fe85a668bf64,-11.187301457889063
c21e805e-fb22-4028-974f-eb0edea8e809,-11.177515068608212
eb29dd8a-4b29-4f90-a6b2-8c34e51304ce,-11.184831324090656
18520b7f-dc4f-4ba3-a2a0-0de41c8a5f54,-11.181730798198911
e20b527c-429f-44c4-8f5b-886dec01e5e8,-11.182393008573014
8d33ba2a-aab5-40fc-8b1a-a9bee1467a85,-11.184587175284124
6a3ff4c1-4ecc-4f9e-ad6a-6a97f248b46d,-11.181431911685015
03730171-fe66-4092-bcdc-8cd245085470,-11.183856129882503
d2ea9dd6-abbd-4fc6-9eec-8675cf3ff2da,-11.178875492031809
baddc0a4-7fe6-4428-b0e7-5c49e322b6b1,-11.18399193082046
734674f4-78bd-4c9b-a6ae-1357c4aabb2a,-11.180856267666494
c1f080a0-5234-43dc-8bf0-15579cd32675,-11.185513104442698
ba3151d0-99f6-45db-95b1-28268c0b8b3a,-11.191500941279129
3ae6de82-265d-449e-a758-8637bd41d415,-11.181930686073017
d5c89093-a06c-463b-a741-b358c8f40c12,-11.190413553786913
00ab1e30-8c44-4186-9ea7-008197cc80bb,-11.184368768472227
7c27b636-e332-47a1-8c2a-8c093e481386,-11.18634364761814
f0308680-5ef5-4a89-a6e2-53cd6bc28842,-11.180431745835325
6529ae19-4f64-4c39-80dc-ab1f03693978,-11.180993055255538
90b54661-d5e3-4a41-9823-f431ba7e3c40,-11.182774538042567
303076dc-848b-4c4c-85cf-e2d5c22b3404,-11.181019169350485
24f0828b-16f1-48e3-a49d-75e674f0ed09,-11.185050651495642
0de2e67d-45f8-4f8d-bb21-a892a20b5309,-11.182566828146577
0249a08a-cd86-4d26-a6b6-a3c047e6581a,-11.186686670169424
bdb359d8-c7eb-4cab-8f84-ab3e356fc16d,-11.181309969343449
9aa0d57e-1f1a-4b72-a632-1790550f7c0d,-11.183724172171928
7f94c3e9-d7b7-49f9-90f5-eb074f11459e,-11.179650519700488
234992c6-c9da-49d4-89d1-95a11227df7c,-11.185424538429896
b6ce8b8b-a8f8-4863-9513-bd1c23224856,-11.178391692793262
145bf90c-843f-4127-bed3-a63e0b3471a2,-11.184323039931655
b8ff4027-72e7-422e-8eb9-3d7ab35fc57b,-11.182581879574592
35c1a4e3-23f8-4c42-9e1a-2326cc00d164,-11.177489025480185
bfddc997-34be-41a9-90c0-18c4a4796ec5,-11.180644959748731
c087af2d-2936-46dc-99be-eebaeb6a12aa,-11.185655093032642
a3ad8269-88fe-4ac1-b1d0-7cefaf6d42ff,-11.182689145214573
5edb24b4-d316-46b4-b53f-77126ec6794b,-11.18460952976905
12c336ee-4be3-4906-84e4-64002fc56b8a,-11.18096469173379
ca72ce3f-1361-4ea3-844d-1d0dccf87932,-11.183096501439897
f22c5922-6a5b-4b87-80d6-2d1516b3ffcc,-11.181407053828025
f3061e67-d7da-4b9c-90fc-04d1e4ef61b7,-11.186100235466164
3fc71cfc-394b-4390-8d3f-2341124a1a55,-11.1773784675244
2ca432ef-4e4b-42a9-a06b-046640870234,-11.178908476383244
ac545680-a3a3-427e-bc60-dda203603993,-11.190325804764
fbf064dc-6e38-4874-8422-ef7951b41088,-11.18325654742634
585e0ba5-2abe-4039-b84c-882f2831863e,-11.186770596981336
455b6103-21c3-4750-bda0-671de1ff5e90,-11.180749871243698
7560cfcf-6dcc-46ae-89ae-e591aef8ba2b,-11.187509115308712
1346b122-c981-4cce-8bc6-90d22c88faf0,-11.17746360105893
d207f19b-c536-440c-83f7-3041c179f46d,-11.182192631562447
2842a0bc-71a3-41d0-876e-c0ef7ab74fa8,-11.177701989098594
8c342c84-3f1c-4c0f-89b9-08a7c6d18341,-10.388475221740908
a93997b6-f282-4f6f-8c0d-1372c98121f2,-11.182544847722234
e67d9a83-7525-4f72-8c83-786f4354e73a,-11.182602019906495
bf0a863c-a211-4ea3-a518-863c0909d8ca,-11.176941078125257
7cf5d112-3cb9-4ec3-b3dd-3fdeae6fb0b0,-11.176299771473044
d68ec760-8bf7-48c3-b98b-0a170e3c22bd,-11.173711335861029
10aed7c8-819c-43cd-b052-e0d7141c8029,-11.1820943720205
56370bca-b725-445f-b3f3-b1a37e65a597,-11.181611381633244
1b4874be-4116-484a-8bc9-3773b593f37a,-11.173795887408088
d4233fb5-aa99-4d30-839f-341ebed9f025,-11.182948056399876
3c0e9238-608c-42bc-8b8c-56af3ed3ef2a,-11.181925783853352
5d20c1a9-501c-45c9-91e3-4d8bf982bd04,-11.183633888649515
698d81d3-1889-4eae-8876-a8b84aba9680,-11.188456988653542
30dc03af-c843-4701-b04e-16a14ef0526f,-10.3838502810043
cd2f8d9d-6eac-4b05-944c-c19f0ae361b2,-11.17728245357848
f8cd5fcb-f9a2-491c-bdfe-9a34879fe7ac,-11.181894667364835
68bc6927-ac63-4ff0-8e29-d485a651c0d4,-11.187069047806473
fa3c9d8e-a647-4702-973f-2d45e5b7a87b,-11.182351738887402
64974bfc-e926-4513-b2a9-66980f6577c9,-11.186675481026793
cba4610c-8d5e-4abc-8145-39bf73fd4713,-11.17964847333263
5fc96b49-1203-4a52-ad84-8f917a73267b,-11.18617000832973
f3e4b8d1-dce0-46e1-9b4b-a3ac2eb0d004,-11.167227551843474
54a119c2-edb2-4af2-a0bc-c4de786eec4a,-11.175189638685069
222cdbc5-b351-4a8c-8e03-c7ffeb4aa115,-11.184199112780831
5806ad0c-c0e0-45d1-ab14-89776aeb1dfe,-11.192062272789556
0381c05d-7136-4f09-adae-a35f86f54fd5,-11.186634467005268
cce6886c-c96d-4891-8428-65894156f0c5,-11.181583475741418
8944b78f-7a26-4a16-bd17-ea18619a2b71,-11.188304457371665
df2dfb15-aad6-4939-a413-c37588a2f0f6,-10.387484951325858
56c8e8d9-138a-4145-9fd4-55eb47249491,-11.188197577305964
baba2f6e-ca59-45fa-894c-2f2626855ae9,-11.179509716105654
449737a9-0c20-40b6-990d-26adefcf08f1,-11.1849763704261
86e029fb-8e59-4db9-9d3c-6ac3bfe428f3,-11.183442196097442
4117eef9-9dd1-4a25-99cd-67f954c2cd75,-11.184912767909958
5e1dba68-5b34-4d9f-b28e-344e36ba8f7c,-11.18262030857193
edb2930c-db12-4428-9666-3d01df56f0f0,-11.185891868344
90f82144-2b6d-4e37-ae82-03f4d30f84a8,-11.176643946836103
58e54ea6-ed16-4369-a12c-00ca4fb8c407,-11.187045279780785
9788f5fa-08c5-481b-9826-ba0390f5e607,-11.18075478749988
2a755e12-81d0-464e-bf8c-a4aa727ed2f0,-11.18121842320837
876f58b9-24b2-4b8c-867d-96afd33358dd,-11.179977734334486
c7fdc6b8-d973-4532-89a6-d17de655e196,-11.176866329510268
8ce3e606-cdb2-4203-b614-56a329bad469,-11.182374162070648
0d5ddc92-7aa8-41e6-aa90-4c8d8374e847,-11.176842795745584
e7170933-4ae5-4ba6-ba66-222b3243b3e1,-11.18784915696436
40158f08-ed02-46bd-a00d-7d6933143633,-11.182102462346688
2b134b59-671c-4030-bb43-44a92535ca05,-11.18697443772645
775f96bb-bc6b-417c-8529-9020640dcf71,-11.176776583941535
54450a80-e23d-4d98-a881-b88e4f817f8d,-11.17897525345256
866913b3-ae9f-45db-a38b-0cc15e05ccc9,-11.18608587007786
31c57086-d62b-4899-9efd-86caa764612f,-11.181225883983824
370bba39-cbc9-412a-a5c7-b6d9a1a6bbd0,-11.183785431209923
df60eae7-bd84-4d64-99b9-9f386e1e2e33,-11.173644114061569
d274d3e9-daec-407b-a4f7-25f4c5ccf3ac,-11.179838269981094
e6af1307-a6a1-4eac-8665-f3a2d11489ba,-11.17944255694998
9afcc5ca-a002-4614-af13-9ddbb5099a21,-11.1857264218748
5b7911c1-66f3-4a75-913f-838e8d5f8538,-11.182073025396614
03070a51-0b5a-45d7-ade4-5bce619322dc,-11.173702102538554
bf399f9b-025e-4737-ac14-5d256580a0ec,-11.183086441402798
66f6a75e-139b-4ca4-a77e-2c72d7913b9b,-11.178823279740383
346830d2-83dd-40e6-a9e2-6ea10c9882a0,-11.181081754283548
c536a0ec-c7e6-4302-88a2-0e1a4508228e,-11.182656445749164
9c6133b9-be53-474e-b81a-e0dec3ee54e1,-11.189010249172853
24801c9d-270d-4a42-aaa9-b448bd9a8d1e,-11.184311549000258
40f7e81d-875f-48a4-9219-dd28e08a72b1,-11.180614829553983
b76d1942-7dd7-4117-96d7-1bafb8bd90a7,-11.179509870157045
998c1527-d16d-4135-94cd-86938483ea29,-11.184019223541624
7c752b43-3879-41fa-94e5-3356c8a585b6,-11.184967341399563
7c8beb97-abec-4dec-bab0-9bc769243e6a,-11.184237948744826
9edb9f67-5039-4adb-b207-14c2df4031f0,-11.18851808767724
0ae25722-b200-40c7-9334-a1ca974b0d88,-11.177849192358767
71522561-ccf5-4eaa-80eb-33660fd0249c,-11.17592433254314
9b4cb3eb-b96a-4702-a4fb-bc978254e82f,-11.178896533391493
a4fa0ea3-2a58-4835-8cf0-46a9322cd560,-10.389074701489314
a7342bdb-324a-4740-879b-36482f750680,-11.181323409080058
1a11aef0-0d86-494a-8188-32ba153b2a0f,-11.18177341769402
d769cacc-5217-4e7d-ac21-63c1deb03402,-11.182824447764917
1a890585-62de-4783-b3fb-47ae30390705,-11.175974172560672
9b2516b3-7bf9-488f-ad51-01bcba88c731,-11.180327716584523
f52654de-7511-4865-b182-9b00bd64210f,-11.183385368118865
27d219a7-1859-4213-b9d6-57764c2ef1d6,-11.181452403453743
63004e3c-5142-4e52-b4ab-e18b1172a620,-11.182127991551887
effc8e30-4d1f-4d2f-9726-6e31af6e7006,-10.387312825382022
ac4105ec-59bf-4a01-946c-9d9e7c7e88d3,-11.184762912817394
6a61accf-fb4c-4902-815b-3eb1bd289379,-11.179134806052556
dd9cf1ec-ae59-4296-8132-d150f241f399,-11.182416783035164
bb048ed6-ea6e-4c54-81ba-3de8eeea4c2a,-11.182694176414095
a00d68fa-19e1-4c11-ae0c-5bc3df249580,-11.187082791133784
5c9a926d-9317-4a4e-81df-965f40b684e1,-11.18116502801103
2434424c-29d1-4841-9fac-bac3172cbe50,-11.179263426233025
afe80a35-4f84-40d8-bf37-ad065d5b7d76,-11.172357370412731
09e7c379-0b61-45c6-b328-097fb875faec,-11.188856554836354
0afb9d40-a589-435e-9160-1fca0a87ac2d,-11.17372556893709
14366df7-a626-426e-8075-dfdfd31ff14d,-11.178417043558346
a5088676-c5a5-4293-85ba-d636b94c7d97,-11.189129342732214
827c9ca1-68e3-4a4f-8783-bd41d6e88572,-11.185088793624011
fe7ec9f4-ecd5-4a4a-848d-ee07fb9070d2,-11.17356215384891
44eec193-c712-40c7-8782-b687b7df7239,-11.177971086455642
2ca4d1bd-3881-40c1-981f-ed846834cc54,-11.183033331181957
32f3aca2-81bd-4dec-8800-b6515d7781af,-11.177775923561054
85530189-ed75-4e07-b010-15436a4129d3,-11.181659027306496
f5ba19c5-42e2-4f15-8e34-8c05c9b887d1,-11.180456204066436
b1b6c561-aed4-475d-ad4a-3c3a98d82565,-11.187865611453352
487725bb-2d01-46d9-a548-641e1125512c,-11.183886973500538
a80914d9-d847-4ef6-8371-e8113a2659e9,-11.17578737478386
6799ba0f-8de4-4a3b-bccc-9b2a0f6d73f4,-11.18049045592458
f2b0122a-b109-42c3-80ed-4e80305e7943,-11.17742652656849
12e2278c-143c-42ab-8711-fb9be78ce45b,-11.17584008775263
06bd9649-b92c-40de-ac42-4ac8502df2dd,-11.182720915331675
4fd54de8-e1c1-4d44-af89-586bc81a59fb,-11.175858792858008
8d4cd6fd-39b8-409b-81cb-8c0eb0367a38,-11.18202291571393
a35a88be-75f8-44ec-b377-20e5a7e4aa82,-11.186607871962002
43a94554-60f3-4f61-a4db-d4a6795edf89,-11.185077103709398
b21a4866-00f6-46fe-88a6-a6a7ca29ebb0,-11.182762014917955
d56fabad-c3ce-4267-b846-277c49015897,-10.38026030918046
d11e09c6-795f-4c26-8a37-e40c448e12f5,-11.179554863298309
b9bdf43e-e071-4b81-b9fe-f1060be74110,-11.180367727934325
2dcb4a8b-5ad3-4f63-8354-926875e4d481,-11.177840084104124
d21ece92-2151-408f-a4a0-87363c4dbfb3,-11.180418370246649
576ca9cb-17e2-456e-9c74-654f772ecd7b,-11.187319121633752
e10bbc4e-8fb0-41ce-893e-632e4608146f,-11.186557544475193
3ecdfc19-2e72-4ae8-b457-66b8c5869334,-10.39024240741167
71c9d490-dedc-4d48-a7aa-05a7cb0c7b25,-11.18255134989715
dead2c4c-1564-41e7-97a2-7da9cf601f82,-11.17973684607986
e9046b92-ed24-404d-870f-a6804624ec66,-11.183976387574967
7e28ddfe-52ba-4134-a8f8-86f057bfa6ed,-11.182253110636896
e5602b9f-cc7b-427c-b7a7-ad23a6ac568d,-11.1819143076585
3052fe06-d2a4-4502-add7-9e1cb47c7133,-11.181218713473289
67c1494c-347e-4943-bd5b-96335b8c4b22,-11.181705560213132
86e63a62-3005-4550-9947-ac4c55182636,-11.17855421582604
61e9c163-a13d-4dd8-b1a9-412a4d5d0942,-11.182343500345503
654525fb-879d-4548-85f6-c216a40b867e,-11.185562151224142
bc075558-b7f0-4ef9-8c2d-26429b4619e9,-11.17900245209526
9b2d5114-530d-45d6-bddc-e0edb41949d4,-11.18345531013537
d44b4654-6419-4fbb-852b-8d2ca3544b4e,-11.182682734262825
10e75bcf-c256-49b1-b2f2-2e2d568e0a1d,-11.189297643945858
62c15741-e0a3-47fd-ac8b-52c6ec697eec,-11.181951603937128
dfc19615-b9c5-4b00-9cee-110141c0435a,-11.180797216511902
33b86899-a05b-4eec-aead-a88c4b7bb72b,-11.17915821547829
86a63e10-f25d-4b05-82f0-a150c084fae9,-11.180407837132892
4d3b11d5-f743-445e-aa64-a607a13a601a,-11.181403072232476
9813c25e-c72b-4d78-b1ff-d40f77009e08,-11.178926057216596
21f60ca6-a847-43c2-8f55-c7b81556b21d,-11.182079603301103
45e97bb6-a128-4b0d-abfe-c23413d461f3,-11.179492079607076
057f83f2-8de5-454a-a7b6-3bf6f0e2f8a4,-11.179134947728173
4fdfdf07-db54-448a-a9f9-bf609d0777f1,-11.178885144823312
1ca594bd-e427-4187-8c8a-a82cc39e5ef0,-11.17703157890605
9453f34a-79be-4e9c-8aa1-4da0bd57e1cf,-11.188813705951976
9d618fee-306e-432c-bde1-3a7278c7e12d,-11.187963873089082
2e03f8eb-fd26-4fd4-a44f-14bc6dc973e7,-11.183492774858458
de1a03f5-7949-4a9b-976e-d6767787ab69,-11.17900652328361
47672f71-9746-4f7c-8e57-1a26044599d6,-11.188772010686366
baa7d5ef-a75d-4a77-a89e-0de236ed5c69,-11.17794228654048
8d8b5d61-b3f0-44c6-9e3e-25f02b3de100,-11.171491689397598
ecea7f55-9ac3-4a8d-bac1-5c6d4b8cc556,-11.188899919766408
7910ac45-f06d-45a0-b74f-3bdb3efe643a,-11.182411949141429
3379e92c-7a27-4214-bc00-9cf37d31a9df,-11.183288278073096
05750a43-1bcb-48ca-814e-9467322e198a,-11.17413437349271
a53348a8-9c0f-426d-b297-68eac7c6fce2,-11.181108370282267
fc96a5f8-bfff-4ec1-b412-026f91f08016,-11.177758866305616
60766f2c-efd1-4454-b804-60252382a39b,-11.185070361898688
bf3490c5-c068-4eb9-aeda-c9e474b1b6e3,-11.17902057712924
94caa67d-40ed-4ff3-b4c8-af6f0366c5c8,-11.190004166151809
905cc7ab-82e2-4601-ad10-48d64b48efb3,-11.178311597964733
281014c8-274f-4f69-95c2-6295e38ff4a5,-11.18154214460074
057eaa62-ba60-4d59-abe2-db01f5d65b3d,-11.183042124517918
f3c9aef7-1562-4361-9a1f-576cf9104868,-11.18538091866208
8cddb14d-6941-4418-83af-56fdb3826b2d,-11.18252107145396
441e09c3-6ed5-4857-aacc-0e4568b20b4f,-11.18186942555055
ed1b0944-d4f7-465c-af83-f0baf3c60335,-11.185255450093443
6d7ddba9-3693-4b58-8eb4-71347506d523,-11.181667081984813
90ded99e-287c-4393-98a7-821fb103401a,-11.188180668540133
d7149c14-3a39-493f-a80c-14de07d5233d,-11.184635715107875
a1f13b49-a1c9-40f8-8b3f-949ce9c72437,-11.184135473344485
2c3ad236-c3f5-418c-a7e6-349e6b472fe3,-11.179982318685717
86270c8b-f7dc-403a-8577-22beca35aef7,-11.182140650158097
a1240abe-02ef-42bc-a6bf-e53817d5067a,-11.178093271164022
656a180f-1d02-42de-8504-20edd279115f,-11.178453473626412
23666516-6054-4bb9-9228-6109562b25cb,-11.180876593569808
a5977028-f6f2-4230-87ad-01a0ab9b2b86,-11.186758295387037
54d577bb-7215-492a-86bc-ffa46412411c,-11.168795458696664
ff6632ef-6885-4068-8bf5-bbc17d5a9dda,-11.177265557404448
e77e97cc-8f64-4a21-bb26-d55333f57168,-11.179007314175657
8406a869-bc1d-41d3-b781-b562637b820c,-11.17923043274077
82cf95bc-1163-4f2c-8a14-8f3eb0857ae0,-11.179680726528243
4e6ccd7b-1905-4362-812c-a627e5f2c833,-11.186085625621793
e922ed43-5744-4deb-91e9-88f46f1cde9b,-11.174350220306115
6b38dfd3-4859-4964-91da-f93fd46a545c,-11.184226238439848
8b56c3ad-249b-4fb2-b46c-e74504895b8a,-11.17943073882231
adf86b8b-7690-444f-b425-a59e33388c6e,-11.17897262405086
66578dc7-f1ac-42a2-a4d6-5e1c28848acd,-11.184870148941988
b8ef2c21-4942-4a61-8e1e-64a70edfaa0d,-11.173926582885237
f252f485-7e6f-4f6d-828c-cfddc781d2eb,-11.189654227282944
b2c37740-5367-42f1-bc6d-c1e2c64f02be,-11.1749179720746
831f64ae-a6c1-45bc-a436-320bf9df45e3,-11.172354751861278
8b0714a8-0d5e-48c0-8c74-cbd5e29d048b,-11.180714934512432
7b1f4c99-f7f2-426f-a4bd-f71c507cd9ec,-11.185277915491673
499c60c5-6706-4303-8010-b270f05ccc6c,-11.18012601630526
b70f6815-67e0-4ddf-8912-1ec337a2d76e,-11.172283204671348
2ee5f232-a528-480d-b58b-00af8600c463,-11.181737758023369
543dac60-72f2-45de-b65f-4e196be4226b,-11.179434186603755
78a383f0-55a5-45ee-a759-0cb8e2a89f31,-11.179381178498351
61def8ca-4a8e-46f3-a45a-f7526a741e38,-11.184728015190448
0ce32343-f158-40c8-ad79-f508f0ecab5d,-11.186338686624165
a3a13695-33c5-49ae-8686-73e6e56746e8,-11.178253103833445
b463a352-5ecf-4ec0-afa8-f0fcfc086851,-11.176388775610254
97e4cc25-7e3b-47aa-8c47-7077b9784d0f,-11.183376258946447
2397a6f9-50a4-4e2e-aa72-70e4a27ed7ac,-11.180231564640986
982d3c6d-8032-40c7-bee0-193a592de541,-11.181380874152062
f43f435b-743c-411d-80fd-66059cedd319,-11.182483300162968
90e4ac40-7ed2-4f6c-816c-c1fd72e40012,-11.177744146451367
e6301e8d-6718-48cb-bfa5-f089a7182118,-11.185814780691356
ada79982-5857-490e-a976-17e2312619c6,-10.388478958975268
3b656f55-59f3-45e5-82ec-37b9f3dd15d9,-11.184857672089583
e1396d70-0fc4-413c-b188-d5669bfb4df4,-10.391784286738137
68351a9e-ebbb-4e12-90c1-ac99ba510c6a,-11.184711415568517
4fd2fa75-c56f-42d3-b415-91c76013fa82,-11.189608568736569
d0739efb-9b19-43ab-80d6-beb594aca7ac,-11.179649958324283
64ad4c4a-c12c-49dd-8b4b-7448fd4d63bd,-11.180363590601456
f293846d-e6a9-4bb8-b860-7d44e0235620,-11.185117774126642
840e811f-d9c9-4748-aea7-045b16c1e289,-11.184611177147048
09d292aa-0d1b-4634-a27c-d85a5363d9d3,-11.184486395235528
984e4dc1-5530-4f70-8f3c-fa1a3a5a99fe,-11.174954590254483
0a43d537-15c5-4966-9258-829d87d6b73d,-11.179849343245891
f033d7ca-d57b-41f9-9b18-9b58596f96aa,-11.184314682787276
af3ce0a4-c956-46bf-b0dd-172822bfc2c7,-11.183779220637954
f7f91170-a6b2-4e8f-a8a1-ede9a4873ea1,-11.181955911252867
e3709dfa-2470-4e01-8447-62be2a19097e,-11.171075880800744
4c7dc42e-1430-4977-a006-4af3b86192dc,-11.182641176515276
a8e76a19-70ad-4425-9803-32fadc36f782,-11.18000686135306
a5a5cb63-d313-4d77-b237-b5825da08dc1,-11.179918546101264
a4a9a2d4-371e-4b90-9a40-e7ef854c474c,-11.18972115988011
8ccda25d-0c78-41a5-acbc-d19ae435ed5b,-11.179414265775671
1591503f-1837-46f7-9892-7bfd21623b3b,-11.181639756198791
f789ba12-c623-4c94-8bb3-eca3ab5172c7,-11.18897476013776
ce1831b4-c9d5-40cb-adf5-c703cdd06238,-11.18394206020747
6c9e604f-4179-48e7-b28c-a4da32369297,-11.177058158826076
f2ee0631-4986-4fc8-a803-816749af000b,-11.18318703866152
231aba2f-b9ae-43a8-981c-7fdb838c245c,-11.180429049677244
153b40e1-257d-46ac-8195-1d09cb027534,-11.175613327733071
28f690d9-5526-492b-831c-ce549c4486c1,-11.184340823791612
1c52c1f8-5aeb-472a-b9d1-fdfca43092b0,-11.180266070631044
bb4ffa4f-1e7c-4966-b2be-d3cc4518ce1f,-11.181953045026331
16ace7a3-ebc7-499b-bfd4-cd1fa3ede779,-11.1829117517307
e8339f9e-ac13-43e2-91af-e5146ca7c0a0,-11.183066490205524
de5c02d6-a5b9-4509-a267-8d56294e7c11,-11.184295042809024
82cafa1e-caff-4c7e-bb24-ab3091ff939a,-11.183595069237164
5b2a4897-feae-4304-a5ac-601a4c2deea1,-11.1786502664253
655257c0-b143-4297-82a8-4bb0098660dc,-11.18077994421717
90eb49f2-95dc-4f73-b4f8-3c465b419ffa,-11.185956338436728
99bed812-c9be-4596-9273-b0adbeae78a9,-11.179635414683547
23043413-344f-4c0c-8b26-d2d2c19358e7,-11.175281033572874
ae432389-225a-4dce-a374-d1152932522c,-11.185403338164612
71e4b01d-175b-40e0-8d5d-bc55c3ba98d7,-11.18146787566043
c7e6d78d-af85-4642-8fde-df295914a580,-11.189388402628156
d1a79e6e-e2eb-4b96-9e98-358144a2cb96,-11.185118554444792
4c1cc42a-5e0a-4678-b82f-2bc1e2c3cd0f,-11.1743826498582
cf1b40c9-1fd0-481e-8bba-a17ee93ad62b,-11.190755440962429
c0601431-b6ce-43bf-8d73-27f4b9246275,-11.179863680072575
b9fe3ca3-e71a-4914-9c6a-e6f41103d2a3,-11.18637380822214
4ad72757-e833-4af3-97f7-4cddec050691,-11.178074487160814
a1200f41-71e8-4fb0-838f-2ccea4e66d92,-11.186001771840855
1b913fbc-e461-4b9c-885e-0a1f34b798a2,-11.177189072970869
7b8b4dca-2a67-459a-99c5-611409cd3fa2,-11.175556737513071
cee72634-87b1-45e8-9597-34e2cbeb7b3e,-11.17734046601969
5974e3f2-7444-4a76-9ade-b4df241d0856,-11.184053973157912
e7415d4f-7633-4468-8bd1-07558c42207e,-11.176717349303663
43fe99d7-f954-482e-9180-dac3c18ceddd,-11.180766399736854
b67dc51f-53a2-41d3-bcb1-14a9c15d5dc9,-11.172811869320684
4402f58e-ecf0-44c5-9bf0-99ae669f6189,-10.389048206424524
6cc14cc5-9f46-4f5e-870b-e91d21623f2b,-11.184195625117075
9e8a2d5c-d8c8-4fcb-9ead-aec9d04d03db,-11.181346051926752
9e374b04-e3fd-41c2-8f40-8d36d930ffbc,-11.178806606399188
c551e3d3-4e65-4b5e-9d9f-392290e3582d,-11.18423989425423
5a9afd5c-762d-4d0b-82cd-8c1f8e339cf8,-11.187157922894396
4b292fd7-0693-492a-9581-de4b139397d1,-11.191930927420168
ebfffae8-22b0-4132-8a17-ab656fc55363,-11.180370527845316
c5bcb08d-553a-4a12-bd8c-5f8ec3ae88d8,-11.173950143406357
9718bed6-590e-43fe-9dee-6397c4c929a9,-11.176683011507745
56f32c22-eaf8-48c7-9d49-31c6f05ad9e0,-11.184717959756956
f2d67b37-ca16-48ac-b27e-78d8e4b705a7,-11.18062908299614
f261bbd8-a580-4c40-b936-d8dcab3d858e,-11.180005418509907
5102c430-d0ac-48da-8d5f-51898ea8bfa2,-11.17945074669149
5ec30638-bea3-4d52-bea1-b6f0655ef15a,-11.184383321155174
682257f7-4eb9-43c0-ae32-f228b6da983f,-11.18281520742912
b59ce8bf-6ccf-4cbf-84f2-b6766f08e665,-11.182448523930647
a81fb886-b972-48b0-a139-1a8165dc1066,-11.181977331197034
ef354671-dd5a-476b-8db1-dc9556508cd3,-11.17524725492671
457bf6cd-c032-49ac-9337-d73f5bfc1cdd,-11.171573519244651
969caf75-6757-4911-a403-09200fd37de2,-11.177042704147654
073d8192-47d0-4949-8fc8-2cdcbf3b02a3,-11.183440232650504
96599855-271a-4908-b28e-b412b5c718af,-11.184568477271537
04a6bb60-3a94-4d31-812a-c4262b8f647e,-11.181857401173149
c3e4b95e-8f5c-4486-b3b2-cf72558a3543,-11.181735856477044
a26f79d4-fe44-4014-b249-c155c83b1adb,-11.17469428724032
c52e82fa-f800-4450-bd67-ad182458a27c,-11.178984746356749
918bc32f-5d7c-4c86-8a9c-0ef24f181db6,-11.17994350315202
245c3111-3c52-4bd0-9c2a-8144351f8c95,-11.179059775661658
e59fef2e-c39e-46c0-be04-6da584fa04e9,-11.182714283543175
f1cb3cb5-ffad-4c72-8327-ff1322b5d5e9,-11.17794452734665
a521ec8a-4b59-4c4b-b174-512525da30df,-11.187089388844552
9072c1ea-516b-4f08-a575-c59c4e1ca1fd,-11.18137573328982
f0e531fd-e2db-4f07-8dce-9440e41a4f9b,-11.180862178385633
d19d7311-b423-496e-8d4b-bc97e7624e95,-11.17759525716962
04459670-dbc8-4a7c-9d7b-e6619365566c,-11.18391707052143
7f2601ee-4c52-4dfc-b8a4-c9a21e31d92d,-11.174290416983414
747e7ef1-ab1f-4807-a52a-a57e3f0f016c,-11.174355803325655
327f0687-a2da-4eae-91b0-2d59978366c4,-11.181399981816265
de55eae8-6c28-4903-83fd-29a0a86e79f7,-11.181823366550686
25709c8f-3dad-4559-858f-5310b2fca270,-11.175227154348006
e89a402b-d80a-48b9-bd3e-49b0c9e98f69,-11.179735540690906
57b234e8-ca8f-4680-a5c0-f658a6da27f7,-11.18280355092234
c264b2e3-8807-4ca5-9df2-f23f86adbdbc,-11.17295650632063
d6f28e8e-e7b5-40c5-a47f-122b19b2fbef,-11.1830865451508
c44ee4c3-b95c-498a-a664-13e9659737de,-11.180345894997965
008b756d-451d-452d-9cee-bea8dd0f5a85,-11.180377938919388
1520a627-bece-43d0-a813-b9c3d78f2de0,-11.167579109252753
507ae482-b557-472c-a40c-9d6e32267a27,-11.183161632449096
676bdcaf-263a-4078-a167-01a5c2464535,-11.186299675645866
01960ca9-4d82-453c-9ee4-35f0ee39afa0,-11.18659362289708
fb5f8bc0-f185-4bac-94ae-fbd4259592cb,-11.180916791938635
1d945019-c752-45c7-b2c7-eab0f1f37edc,-11.181030632433952
bcc69a83-6822-42ea-8e4a-b4e67b66db57,-11.187818916243998
967685ad-480d-4f33-9735-ef88c1d0b452,-11.189580343762891
4d3b5985-f929-45ad-b288-4ecd58d437a9,-11.18575176547542
57d6e207-46e4-4a7a-8098-04e509fada25,-11.172483854591524
eea9adbb-16ec-4bfe-a7d3-87d41e773454,-11.18892550184794
4d0550bd-e936-433d-8aa6-cacb00a38d9d,-11.187083369424924
7066766b-c2e1-4ee7-bb3e-c94ae4bef3c7,-11.182721246050129
2872e116-caa9-4281-9805-f7e637dfd9e1,-11.179014789852616
ebfed726-72a4-4897-89ac-db9c714bdbe4,-11.183277056441476
08303c9b-6c07-4786-a804-fb590e3896be,-11.179388954056718
6958d513-f1b6-4ef2-af67-a484fa09d40d,-11.186472231899169
8f514bf1-cf7c-451d-8a46-a814dacf0211,-11.181762501606878
bc9642bc-b8bc-487d-97dc-ad417b189cc7,-11.181848667929437
f049936f-3dcb-4554-9e84-2828b33d2eba,-11.186898882782245
0aeb2188-d80e-4e0c-b5f3-2f8beddb4e1b,-11.187483393768634
2346db02-a930-4ef4-85f9-c7ad3687cf4f,-10.386301266169188
8d33e1e2-ec52-443c-90b1-58edaf6fa821,-11.184389285310504
a5714163-7497-4eb6-a30a-365e41dc2add,-11.173676149992604
4328736b-58c5-49c9-bff8-2ae591a67308,-11.17299720148732
64967e79-11ce-4c74-b3e2-06963b63850b,-11.187683469269569
b11c7702-e01c-4648-ae43-c943e317ffab,-11.183513450593662
90ea4cbf-bdeb-4477-a0a6-c33cecca6247,-10.38543721452151
e56aa090-a0e9-421f-ae27-6e74e53378f1,-11.181945909689436
10ddd59e-6504-4835-8409-8143e768b41e,-11.17913553240526
07086919-14ba-439c-99bf-62861bbe5438,-11.178725541777974
7833ed54-8918-4e9c-bb27-952332fe7a2e,-11.173823240689558
86848bf9-ccc7-409d-a633-54e89d12835b,-11.178211028556
d3f4342f-9e3e-47fa-ae6a-4641061bcb6c,-11.177326786390916
e65ede13-3368-4c51-85f1-2685e1b0cc94,-11.178711314946565
7dd98503-7430-45f5-a6db-c27e72a704c8,-11.180250557382712
9e89ccfc-b8c2-4812-a2ff-5b201b91257f,-11.181166513294691
f26ffa71-683a-44c0-8e69-1d534e16fc64,-11.182000866011862
d35da0cb-b67c-4298-b75a-86935d1fca30,-11.177652202290272
57eded5b-b12f-43a6-b6a0-47f682a19f02,-11.175195871152653
b37801a9-cc07-4062-bbce-292729f42741,-11.181629797457992
2a7b86d4-5b1c-46fa-9819-bb91de864b8d,-11.17632054159538
35a83fea-3cb3-4e17-9b64-973bf80a65f3,-11.174802332172474
9297eeee-47ca-4847-9bca-ccc1d1536655,-11.184054944574884
add2fc6f-ab70-42e9-a35a-54e50ef1d0a6,-11.178677105746292
c02ac09c-c02b-45da-83c9-ca6e0a0a94d8,-11.176910900752938
e6d30760-4c35-4113-8a2a-181fc410c2b7,-11.18634010681679
ba78726a-23bd-47b0-837f-7e362a0635e3,-11.17570661650682
8c6308f7-f2df-44f1-b84a-5404445511ec,-11.185217804759734
56d5cb70-a38d-41cb-b537-13eec72af104,-11.18023361669946
a9a385f5-276e-44b4-ac7f-0acffc4fb3b2,-11.18068985006854
f0edf45f-d0bb-4af2-a376-8148f6bed5ae,-11.167483275287704
1a004cc4-d487-4b87-a338-e49c98283925,-11.178038357500077
b43ddca1-8207-44a1-81aa-30bb9a5fde39,-11.18714329963786
d7893d9f-26c1-4d69-88e6-dab77deb385c,-11.183331459784329
c6649c57-9638-4304-853c-a1bacfa56d7b,-11.179111543476512
659ba284-fb3c-434d-a03e-d14149a8a7f5,-11.176407535693668
4dcbcf05-eea5-4cf8-956f-65612c8f638a,-11.175824920618869
8253cb71-3cfe-4587-836a-9b1ef16cbb64,-11.176326138872728
a6fe06f7-b0bd-4517-ba21-63306366a5eb,-11.176517583014258
39527cab-1e10-48db-930c-e1a092a9d30f,-11.172803665426098
b4086ea2-9826-495c-ab7e-df98cf86d23e,-11.174339866817313
d134eef1-18b7-468f-9d61-87f4d10ce2f2,-11.178342017545862
1e53e1d8-b6a7-4853-8253-589230a2c1b3,-11.18636848157871
f333d4fa-4a1e-4a50-b53f-9566dce10736,-11.181253372066951
233e46ee-c8c7-4257-8f14-9fd626e7e916,-11.182056957495655
51d82f2d-8731-42c8-baa7-f8487bd2edd1,-11.179035629119143
64690792-0b33-47bd-a67c-93b69057cc2e,-11.18263590099614
e83a4144-7258-4254-8128-4f2ff7a2ddf5,-11.178640696081525
4f89c1bb-ab68-4993-99ad-9b2b85a8a5ee,-11.179535162516167
cbff4d28-97ff-4a00-a0bd-3d8d3c758dbf,-11.175190706922256
0f7faae5-0c8b-4090-a131-669f79b78fd0,-11.18215827576776
8f385e55-1ac8-407c-91e5-92611770b9be,-11.183543649992927
af3faac2-b4d4-406b-9951-06a34f287989,-11.180599390006131
9a957415-a781-4360-9e38-9dd93ea649b0,-11.184521798405974
3aa92cfe-2199-4dc4-8841-da8444a96781,-11.179980221922648
66402e22-d12a-4da0-a69b-43c7a20ebd4b,-11.179441692633166
080589d1-e918-4dc8-8ec3-a7f596967cf6,-11.184667856645888
e57bc7b5-3793-4a73-9973-85767863cf32,-11.177505522648268
c33c5061-22a6-4e98-94b9-609065504026,-11.18162788697594
47dcddd3-f469-42d9-8dc0-927cbbb893c9,-11.174316295779898
0c4e9b40-3fb4-4d66-8a44-5ece9300a7af,-11.174274683652728
803bc60a-e8bc-49ad-8c26-8f96ca8c684b,-11.174755957216862
ebfcfc75-1432-4362-8abd-938a943ff5ba,-11.178912623308474
135dde9f-c953-4f26-b1be-c5a2bddd8148,-11.181227970231642
a3cfec0e-1161-40a2-a9fe-770da39ba3c5,-11.181934795222997
7d35f9ab-a04a-455a-839c-2a24b2dfe271,-11.184557246657556
abb930e9-1f04-47ae-8db6-308443ed6d7b,-11.17684715077188
37a5108e-5d42-4793-8469-cf0fc080123e,-11.176643775236672
4888de68-a11a-4cc6-bcfe-62abbaa2bc92,-11.167390483349276
870d3cee-6e4f-4d85-a451-533f9b082896,-11.18181253280493
f3cd5564-a91e-4c75-8333-0f55fd8c2985,-11.18559750549716
ad92c20f-6104-4570-9553-3bbca62a19da,-11.176608353877434
9953c8b0-cba8-44ba-96d0-6353f12952df,-11.184107127940724
793a4b57-b2a6-4075-81e6-c8ed328f1952,-11.167911777876729
6cf4db07-8321-4df8-8f6d-0ec7d2c7da69,-11.186251060901307
0188050d-50bd-48a5-bd72-b39170ca039a,-11.183000716851671
09621a02-6212-4cb7-8a95-271df6a58ace,-11.180564592890656
70c2718b-e69b-4761-a27d-a4dda1d84c93,-11.176692564128125
8acdc5d9-3cf1-4319-83b7-7d46bbf42234,-11.179566278748846
250f8106-d98a-409b-a3fb-6fc2eda1a3d9,-11.175906057193966
419d6b98-22d3-4d4a-afc1-2bce761d7255,-11.184008849886808
4be55eac-d464-43fd-9e10-76d015690763,-11.1836322904109
9f1e323a-2680-4dd7-bbc9-3090143b4b0a,-11.18660809317258
35034cb8-7d5b-4d50-8f15-2240d2eb6b7e,-11.17893867552609
1ca64b20-ab32-49eb-b90c-2c9cb7c7b20c,-11.171589343551249
55d59e74-eb67-4459-b037-0ac1d9229a1a,-11.183532926233232
93589299-d4f5-49a1-87f9-32224cc42984,-11.179803110306432
b78c3593-f98a-4069-8583-9f7e8a73fc20,-11.175287734859069
72a41c1f-531f-4f8b-851e-c5591d36dadd,-11.190826711875497
2342a48d-0aa6-477d-9aa2-9a6f27c903a1,-11.178215132519862
499debd9-a165-47ee-b55d-a4e55c0587a4,-11.177092997069206
18c7c2b4-9052-4c23-bc16-c675b97d7f8e,-11.184689454318098
c130884b-7cc2-4fb9-937c-33ce7b7def27,-11.183694708470895
e123321a-4539-472f-b09b-9559c7cdbce5,-11.1820048455972
6faf4e9c-a084-4176-9b7a-ab452eaaad8f,-11.18065181664213
e1ea8b1d-ba13-4272-9636-7837acc27608,-11.186532321534692
0e603c9c-4148-4f8a-91ac-f65058dac240,-11.183097641301536
bed50f2a-acf6-4f58-b9c7-8edfbfae41e1,-11.182146709049398
aaa76349-f8a2-4176-b767-50f605aa9b3f,-11.182779800694547
ba7de15c-4299-4e75-a340-8c6761c2d9f9,-11.175718379738669
6c2f1cb7-be66-40f2-8034-18187bb8d75c,-11.182391109967677
e06fc941-0c90-4d89-8a9c-bb9034d42121,-11.18478373366365
a2a23664-a795-4295-977c-d5cde4e29e40,-11.179310618779724
67103899-50ce-48d7-b71c-d52cf638dce6,-11.17979661634806
1425f1a1-bfc4-441b-8c66-05fde76fd168,-11.175467335022663
cf033147-b54b-4ed3-8e25-47c2fc5af5dc,-11.174384086431388
8e381c43-a91c-45e9-80fa-50231dedb41f,-11.18543573571796
8833a977-63c3-49ad-ad6f-78e1c86db7b6,-11.182106645519436
19fb4627-a502-4c1f-880a-650de19c66d1,-11.179849670374889
1041f5a8-3b63-431f-82c0-ff0bfca786c0,-11.179912474397762
d68cb44c-056d-467d-8f5b-bfb82675c4b8,-11.179561366910258
f336e1ab-3c8b-479f-a3db-6109a069d385,-11.187041587135884
6df54fe9-b8cb-4aeb-b95a-494c9250f39a,-11.187480350727698
86db1745-9147-46c9-ad2c-138d85bf04ca,-11.180977993524005
8220661a-597c-4ce8-901b-00cc22300397,-11.18217499190661
2c36f8a1-ef55-4a14-97ad-8c17d1d72ed7,-11.18056856579064
fde96e9c-a5b0-40c1-8c3f-4fe066a80f6f,-11.182875549100691
a4049c52-2c14-4f5c-868a-cf1ae0593e5a,-11.180190225749149
9702e59b-815d-4553-a783-af7fd3f9c76a,-11.175088387188955
421a1989-9590-471b-b70e-fe4df141fdd7,-11.179328867716436
2eeeb11c-e35f-4e97-a392-43dbc8a2cdff,-11.177699461029452
afc016a0-8c0e-4177-a1d3-78ab1a2261ec,-11.181502589576237
0d1b1fea-6f50-4a41-a52c-026e915fe4cc,-11.179985152054927
44928471-2ecc-4e8c-b9b8-6fcaeca67996,-11.180969778084904
cd5993c4-0c8e-4fd6-82d8-58282e15ef8f,-11.183756702382892
d62499f0-953b-4b08-93c8-d6f62b4db27f,-11.18382215550539
c61e2b2f-ae55-4f56-80da-b0b765186fb6,-11.183348591290924
2fba0b19-55f5-44bd-bc51-56ed51e7e773,-11.179468508382982
388f2ffa-3892-458d-bdab-c32ed7e85c0e,-11.187968117931549
2f9309ca-4e52-4503-8d0a-12da3bcdec01,-11.17982594771812
dd347129-8b02-4879-9cef-52a1e78954fb,-11.190470529149016
1cef13a8-005b-4925-a882-e1245caf7939,-11.182732723788382
7642f5e7-0c39-4658-8d98-0ff7ae033646,-11.185414049133886
783cf082-cb4d-43b1-a2b4-f5443df7ce29,-11.176069644986226
f706e711-a1c0-45f8-bcd4-83d9554fe81e,-11.17591402838622
dab5413f-0975-40d0-8d77-7a00f3884933,-11.177898251122034
ed8c5237-5385-4b3f-a48e-d0c7166f8104,-11.176066655758495
91ce3556-484d-447c-993b-cbd178118eca,-11.179196049427038
01653b49-3ac5-47b0-be5d-e059c7d3b2a5,-11.18782997832407
91bd7095-9d1f-45bc-afe9-8bccfd9caac4,-11.18122830890528
775ccd62-6158-44a6-a3c1-82200d800885,-11.17512854812999
2baca2c4-b5cf-4e0e-93d8-212e2d69bec8,-11.181980091424492
185577aa-0563-4a0b-967e-c66d46f4a867,-11.184819556265866
1511a615-1965-45d4-bf6a-f1c763517962,-11.185391343031714
ab1e9582-df20-4f6e-a67e-46f4dcaf855e,-11.179190627591357
24a1471d-3ce4-49c3-8155-b5102ef61058,-11.179336727845504
c7b53946-9426-41c7-9e21-b64f6a9168a2,-11.184475699059147
9dca52d1-8aa7-485d-abd4-0db94f29dbe9,-11.177517954727158
80319a5b-8ba7-440a-88f0-be2e1120b2d1,-11.179262197605285
63056fcc-3142-4627-af88-15c1aaa08823,-11.188924949215943
1b755bba-1327-4a71-9f64-f98d8d486368,-11.185866608667752
3612cfe1-fd8e-4aef-9d30-afac272fdf99,-11.184431168652614
80b73062-add2-46ac-8768-a318f63c7320,-11.1844056593264
65e43ef4-d721-42c9-a49e-4b9e835fbe9c,-11.176206384818103
dc96ab05-ce6e-4ce6-8957-19df354d319e,-11.180186133488892
a6e8cb54-33d6-429f-b54a-d989094e9039,-11.175944073003617
1da72291-e046-4a36-ae31-86bb1faa5f29,-11.186544178767994
71f06d36-d50c-4983-92b3-f4c3ab5411f0,-11.184587543692713
356c9909-80fe-4cf9-b28d-2bf9b6cf0d56,-11.181247961056211
5dbee78b-2782-4a84-ac9f-a8ec2786df4f,-11.173746875881925
47b22580-527f-4dfd-bea6-64867a28c7a6,-11.179255878294668
fafe640c-648c-4a26-8c56-d27d9d009782,-11.185045394601037
26d97bb2-b22b-4200-91b1-d99eede50d8b,-11.187613427547133
5ae3199a-2d40-4682-bac5-721211992a46,-11.180628118667086
2e3a3c6f-d1fa-488e-a1ee-827a1b4786bc,-11.176279529544251
686e9476-11c7-4ad8-92c5-05f8789d9b06,-11.184082337279046
b87a4e26-83f8-464e-90fa-a4c192e50f06,-11.171816738446031
24a042da-5185-4e4b-964a-ae399efdb520,-11.169145830420073
9a2af4f7-3d02-4be3-9471-7b42d2f29648,-11.180557443332686
97ae9d38-2944-4873-b588-c48043b84079,-11.184670417305664
7ab33f2d-7d49-4231-89dc-b25b7ef946c7,-11.178730956458056
a4ece79f-a58e-4878-bcbf-807f7370f879,-11.17958401957527
b88a9747-943a-4dd4-b52c-e34020d33f58,-11.181697359116244
ba792a1f-a382-442b-acbb-d9fe57da53ca,-11.185414875171409
a1c49aec-de60-498b-aa76-bb40c5a1203e,-11.18554303267008
d6fcaf40-91b3-40b3-9b62-46986590f850,-11.173924016533327
f7d6508c-28f1-4328-8520-a58bd33aa038,-11.182491786712625
7a89e728-8e2a-4413-bea6-0fa80a84958e,-11.185394707926337
f49cd427-55e1-445a-b43b-89cfc23082b9,-11.181269903441963
d36b439d-4fd8-448f-868e-ee0748d89d73,-11.186079539387572
9962f028-65bf-4fb2-9adb-086a3f97c72f,-11.183262237078658
6affa9c6-f083-4bce-8b8f-1f3568230fe2,-11.180428105180535
d3d8c62d-a630-40aa-91b4-f2cadf2724f4,-11.180733584274918
3688ec2f-5ef3-49d6-9269-01e8aa33facf,-11.18707124880306
84bf4152-043b-44e1-8236-0df0164cb1f2,-11.181471230924773
3ab43c97-c5da-42fe-b59c-57e95d2e0d6f,-11.185732546009788
aead8908-34f1-4427-8241-4625c0c84673,-11.177341210103682
3e266260-96ff-427f-ad93-df26583c1bb0,-11.182903694636964
073eaf24-3db5-4067-ae7f-c27a58b82058,-11.181496990120856
4448bfca-b4ef-427a-bbc3-f5c1bcae8e3a,-11.184642802138752
f18a80d4-1294-4f40-bdcb-e0db5a190aa1,-11.17999344329205
6705cc02-b2d2-4817-9c93-e76cdc4a6181,-11.190411510058764
1ecb6382-7e3b-4bed-990f-65fc1d5eeb40,-11.18006838010846
411c40e4-faee-442d-90d7-09b7a814e497,-11.181782030013617
944d8482-5f6f-4164-a427-606da0527e8e,-11.186192103176833
76bacfa6-4f13-44c0-965e-7a2b3b5582e9,-11.18825535551533
e5e88e8d-fc2f-4a1f-aeb1-7a2098b3694c,-11.180068060496884
ec405222-ed6a-4752-aedc-9c8d822572fd,-11.181129642870925
e8d0e353-1b7f-495a-b60e-aa725a981b2a,-11.181431108053973
9557ec26-3069-46d5-b361-88c70539459f,-11.184354018493798
98221bc2-5357-49af-b712-bac28b666456,-11.184967073917086
9b4a1f38-1c26-4c17-9b2a-0b170ef91600,-11.177841170525255
abb60b95-ef7d-43e0-9597-0d37728ef62f,-11.180085645660297
8a483937-a0ec-446b-bd4b-f51fa7238f45,-11.182992560725506
7846b10a-30fe-4e13-bf74-102aec21e825,-11.18416965491438
704e7b56-854d-4864-a704-911b11e3e204,-10.389151698707954
0861245a-bdef-40a4-b865-d89ef2384dc8,-11.180649828011054
427c937f-eb65-45a4-943d-052d2604564e,-11.183841553295103
882c4988-1779-4812-90ff-a2ce759f261c,-11.172648300342209
6b7e470f-84ed-40c4-abee-e13947e274d0,-11.178441667953306
c8cfb730-389b-4152-af33-53b65a5f6211,-11.188615711975796
b9073f06-0815-4947-91b2-bde9c8bb909e,-11.179317770464817
efd574d3-f9a7-4938-b7ac-da16dc34fa30,-11.185863502100885
b0b3a9fb-9bf4-4749-bc7c-9c2baa222787,-11.17032504933048
eca5cc98-048b-447e-94cb-2e4d0867c371,-11.177597707147031
79c0535d-57ec-4b48-9f75-f21f1fe3248b,-11.185501684827004
c1488e05-4032-48fe-956d-b121b42a3ebc,-11.184203505106485
e69282df-c007-4a95-8090-da680ece59ff,-11.182829992651907
96080076-ca45-41b1-8a07-9f26f7029fcf,-11.18054467255122
25855b8a-ea04-431b-b3b7-cdaa52fe2e87,-11.176521694160408
e4acecc5-6403-41c5-928a-2d9de7f33fc4,-11.183714657855912
5fdcccd7-e434-42c6-aff7-b4b63d9ec958,-11.182363421631392
7c8a4d19-2c75-4b94-a8a7-45daa0b532e6,-11.17821819243966
131ab78b-84f0-44ed-8d87-51ee65c9eb34,-11.175923869341572
42b80a5f-9154-4344-bb2e-d80c24248fc3,-11.1797646978527
56a9e300-fefa-49e2-a08d-9d5642b29550,-11.182988132243398
3dc69c4c-c070-4fe9-93e1-b804455467a0,-11.18549224425919
b9d288fe-59b8-4ef9-87ed-af97d4b1241f,-11.183959029535927
78f84ad6-fd88-45ed-a094-6c513e473132,-11.186849112602422
08c4ae2d-e451-46dc-9557-1deec93f0d4b,-11.180411181451772
a1383fd9-52f7-440f-b22a-d493d536c3c0,-11.17703849638239
0ea49af2-6e0a-4466-850f-da8bcac450e4,-11.186747682166205
df7d7f04-3204-42f3-9a53-c28ecb1d43ec,-11.179319704490885
c6543bae-483f-41c3-b333-244591f65b9d,-11.187176767484392
9beb72dd-baa8-4ae8-81de-9bec46c292ce,-11.178946759164026
b411410a-4cce-40f4-80d8-d26da2d645c6,-11.18690986423686
0dc02a88-f6d0-44c8-a1e2-5019b282e2f0,-11.177495003716048
06c37abf-9098-48da-8cb7-299990f7b98f,-11.18754962019517
f716a6f5-a077-4d04-849f-b6365a95e271,-10.388489653963632
057810f4-29eb-4f1c-8c4f-ba9c31273847,-11.178724692147496
ccc1b3fa-4476-4c03-9858-f3dc71f35171,-11.180531869676646
66aa9c57-a8d5-4db7-ba4c-ba8d4daca18f,-11.1824859408147
12a12a4d-35bf-4443-9a41-4bdc39e079ab,-11.18452827905099
d5b7d4e0-840f-4da9-894a-9d5f27968c08,-11.177767539853283
6ed1929d-5b50-4db0-8d24-06dd51ea820f,-11.177589243318488
36b27fbb-c88f-4c39-88b8-83bc76c8b553,-11.174407449030197
772728d6-eab6-42ec-8509-dea0295807f4,-11.186827185315794
2fd8eb14-4446-4144-96d8-986b8308cf6d,-11.17824188132596
b685aa1f-16ec-4a37-b493-35854d056bb1,-11.186731682278554
6437c7ff-1c83-4316-aa26-3b6cf9ab6ad1,-11.178919744119254
bfee0c34-2d8f-41b0-addf-3ec456ee65fb,-11.185374207180148
2d21e743-a46b-47fa-bbe5-6cbb09d0ed90,-11.181467903176893
de2dd5be-0984-4dae-8b67-c5adab827d0b,-11.181795537173471
6f2687de-e403-4c58-b4e8-a78adb6c9721,-11.175721009809228
07b924d9-9567-4120-932c-296d7052c56c,-11.168344931355056
a03ee3bf-f226-45e2-a8d3-543d65e88773,-11.180298593366086
55a71551-07ef-46c0-9c0c-04ef2a3c3eb2,-11.18286685538168
78c2fb53-b6b6-4149-ae97-956f3a437df8,-11.186121415617889
1382c107-f3cd-4816-9450-eab5fc8287a6,-11.179983592316514
f49cb69f-a67f-4158-8a09-7ea62057270c,-11.177959902542389
6e6588ea-4580-47b3-bd42-af09968fdd16,-11.18596616857148
dae452a3-4216-49ff-ba6d-767518a805bc,-11.180984765918067
42e19d71-c3e5-4052-b180-80b3da20aabe,-11.17256607496969
1d4cf0cc-0960-4382-8e39-75f33e907124,-11.181400840700327
be511189-30ac-490e-9c79-7d23dced3814,-11.178441916952645
78fcf724-fad7-44c1-a5bd-6bf37efd2765,-11.184546031706764
6261b239-d9cc-44d4-82d4-461b8335a309,-11.183624693360384
2865cf88-1c41-4957-bf21-686ff0ebff5b,-11.18014454195542
06324c50-e163-4c4c-97e3-7cc3a31dde11,-11.186302516096958
56bc6368-8129-4557-87c1-38f4052bf6f4,-11.187616242379884
c32670a4-7400-4d34-ad68-7a6f215391f3,-11.182332008545188
4d76f854-dde1-4a07-a1cc-88184f07724e,-11.183192358865432
0924711f-1eae-4a0b-a45e-b940c7f0b079,-11.176220228535524
116b194c-b505-4eed-b162-32e405cffdbf,-11.178206468463806
4a6cd716-879f-4483-9708-b0d63d514191,-11.16922120595788
70156d65-4751-4a28-a611-cfef4e275c91,-11.177196182036466
a2ceaa94-178d-40ac-981d-4e5cf23d5a62,-11.178447429362285
69803950-8ea7-40db-8510-5c0427c32c50,-11.180495180622373
563ae3af-b0d7-4f0e-a49f-7bbae034bff5,-11.174866466639957
6900aaae-59a5-423e-bc50-9d72d3e150da,-11.177973702927549
3d9c4202-20d1-471c-aa2c-b3878afd58d2,-11.179467944659445
63fe4946-43f6-4f26-9d7c-390009b234ec,-11.186226566778108
5386cf4e-6577-41a0-9c2f-670fdbf4c4ac,-11.173358396999651
32bf2604-818f-474b-92fd-8e7c70de9c35,-11.182601676328716
c0435030-7f03-4b2d-9f43-09f21be059f0,-11.188555366629842
61712383-2ede-4d6d-8f61-58857525c47c,-11.189345136160505
1f91928f-baa5-431e-ae4d-ce5ff8ac3c79,-11.181237716317218
7608272d-a982-4432-b6ea-5fb3b96f3789,-11.184791403550474
cae4a790-248f-4d52-ac56-d6e1e51a140a,-11.184926476288847
edc52c74-78d2-4fea-9939-7bcdd234b385,-11.17585058529674
128a526f-b1bc-469a-8668-ad815d955153,-11.180319555062306
f940013a-b409-4975-baba-5f1e2aa3b374,-11.185152031453615
aee15c70-3b09-48c1-a01f-0f79d7979e9c,-11.182585633077194
65450a88-27c8-48dd-ab53-d453eb19e819,-11.18411066287808
b6a7532a-61bd-4e38-9889-62687b2cbeb8,-11.179219335098912
f4d16c20-7516-404d-ac28-cf78737852ba,-11.18594851867271
531ac350-4841-4d02-90d5-8f883be8062d,-11.175895512023803
4bf282e9-40c8-462b-890e-1746b4aeb3f1,-11.18254169834475
439301be-a746-470a-b8d5-5cb9552bc578,-11.18237000003179
cccb39d3-27ff-492f-85cc-de3cb36ee5d9,-11.181705526203164
2437c2de-c3fe-47d2-8e18-5b04ec35ed8a,-11.18265725835645
c573680c-0f98-4f77-b1b4-11c165bd465c,-11.180750768483293
ad93ab54-a52b-435e-9715-fe18e1bbdc9e,-10.390284502636575
e9ab39d4-c85c-4c74-981d-77f15ba32931,-11.185534010562954
20206a38-e80a-483e-8f2c-fb6fd1236372,-11.180745988609557
4a6f475f-08c0-49b6-9b8e-a01994a599e5,-11.181549794015252
1da8370d-c6fa-467a-8470-f08b6e678520,-11.181291314922674
a84f414d-d72b-4c79-9e29-6cbeceff8044,-11.180529716149206
67db1b33-41fe-4975-acdf-b97d0cfd946a,-11.185827354818842
e83bbabe-59f6-4d0d-8a03-fa7db515a15a,-11.18745220103258
ae71709a-9077-4259-aae3-df2c41a03482,-11.184449650749167
bfcd3327-265d-4ae0-860e-0ebbf56c31a2,-11.176506691021782
8ca6c07d-0bd2-4f83-8361-87d0d6643d4e,-11.17485882032264
491c648b-c3d5-47ef-a657-f70061d46376,-11.1725879455052
bf541e2b-e602-4cfa-9903-32581829bbff,-11.186240959209576
595c32cc-9225-4396-b71c-03a1516e52a9,-11.18042166009216
17e40cef-6e6d-4b6d-883c-65335496a03a,-11.179031829131164
a12cb33b-c636-4bee-9a1b-640cfaef70d0,-11.18437619879606
83de384c-f47d-48f0-90ec-c5ff272143b9,-11.175074955336951
36f5a03e-aa36-4fa0-9422-3b9361e20834,-11.179008541781606
29c67ed5-a4a4-4039-a7b9-866910719fe9,-11.187509888770444
bed93f99-4d58-46e2-a28f-0fa46947073f,-11.178131879881496
949f689b-5bfa-4521-a9c0-25c817d835ce,-11.18392730494594
70fdd0b5-2000-4333-b89e-ef6e76c81ba6,-11.185305479585438
45628cf0-08f1-458e-a3f4-8900bdeee6e4,-11.181473371091574
0f5835fe-01a3-478a-ad1a-649a8345845e,-11.178278609799152
6f80e844-c56a-459f-87e8-5be6eb41f1aa,-11.17711404915996
2b7ee821-5807-4994-b6a2-74cada084381,-11.17805162092675
401086a8-53f9-43bf-b12f-25913b98783b,-11.18422548853052
457e9ed9-2646-42e5-960b-ffd9079ec1a4,-11.184441384899092
9cbaee11-f4a4-4b1a-9ed2-384e2ed0f605,-11.174842294656669
bffac7a7-a260-4af0-9cb9-9923a6ef3f51,-11.181933315037732
8f200c6d-81e4-413b-932e-c702891b43f0,-11.179881107557952
75d6af8c-2e6e-4e86-98d8-ead2709fe09f,-11.187480615533817
1a33926a-0294-48e6-94ae-9a8dcdb87c4f,-11.18159341038594
d34258a1-d4df-4814-8666-90e7cddb5fde,-11.173120745552874
7bd73087-5a4e-4019-8782-06adf0cc1577,-11.180490005893772
c7f5fc0b-addf-4b2e-aabf-f0438e552f6a,-11.18027077984911
fcccb718-ed1a-4ebd-af23-0627778e842a,-11.171001148671497
67372ec2-835c-4f1f-ba8e-311f0249dbad,-11.183780315644809
805d1c1b-2bea-4e67-812b-aab941ab70aa,-11.181300905144171
eca6f14e-9ef3-4d37-946d-67fa062b0346,-11.182525288270948
fee88fe2-ae80-4d93-9c9d-385adb6f7d2e,-11.177570890982192
1376ac9b-034e-4dfa-b55d-230afc47dc3d,-11.181336662650946
11b088bf-d998-41e2-80b3-8366afa3de7f,-11.176158347597609
9c61d8fd-da14-40d5-9660-7533f6af0dcc,-11.182816364034885
388f5523-32dc-44fb-8470-b3fd151b6ce4,-11.181847435942194
d0e20118-aa9c-434b-9371-1b8a14fb3bf8,-10.390435350447529
57cb916b-ecc9-43a5-908b-3edc45231624,-11.179115759662624
1e352856-cdd4-46bf-a6fe-ae3376766831,-11.182566522425324
e2feebf1-c2eb-4643-a70a-8fdfd2f6bbcb,-11.179469901780871
3e865915-f825-4f6e-a0be-b4d29458ace7,-11.175558803312182
a00a9a9f-eaf8-46d7-8ea9-6421ff04343e,-11.180104383763831
9b1da025-1774-445a-aa70-2063d4520961,-11.179172313243871
81e1fb4b-27bf-45b2-8d2b-3147cacafb56,-11.17714837717843
999b194e-5905-4910-a549-ce4d37d3edbe,-11.183556669441318
a418e086-fef7-462b-8963-4c73591b486b,-11.180689741143976
5a479724-f5f6-4210-a826-6471f74e830f,-11.1827814708255
ac3202c2-1a93-4280-a8b9-73b26ec2edd5,-11.181406281111675
af27f7e2-9fd1-42aa-9fc4-3b88dc6811d4,-11.184008798059912
6706ded2-9746-4e23-9e03-b2af8eb8664f,-11.18507026603796
b27bd5bc-5708-419b-9e57-62e68472ada2,-11.172831900192223
46851d8b-0a62-4ce8-8083-de97a907b9e9,-11.187344399489309
72ddf2e3-8472-4e54-861c-5f5abbd51db4,-10.389144601562936
81473673-d15a-4a0b-9431-31e5101d54f4,-11.17880090342292
d1f99dd7-95ce-4d56-ba4f-1a3999a8820f,-11.188352315934432
3f2134d1-6b29-4b35-b39b-81110404213c,-11.18556419529439
8d50840d-5fde-49af-9722-96664a1e573e,-11.182944002893224
9e91187a-fc74-4807-934f-0b866e12579a,-11.17074842020176
ed3ac156-3146-4745-af74-88e48ea293ea,-11.182888041540815
daf006d8-1b4a-473f-a4b0-c03ea3044c39,-11.185635818722698
8122c23a-f3b4-457f-9635-1d7dc5f31fa9,-10.387729034140415
792e1f6d-ff0e-4720-881f-0939779bcf25,-11.178491200735706
25f79311-78dc-4845-9407-8aa050b07bc3,-11.180424518864616
5b19651a-47f5-4403-aa33-db1644e90a0a,-11.184424124956896
8ee35522-4a06-43b8-8f18-3b15f11cde2b,-11.183865603950728
91938863-eea1-4cf7-96b0-da3907a710da,-11.174066610449712
fed6095d-f87c-4fea-aa17-39daa6d6212f,-11.177054964453164
a414d09a-a7f0-4b64-baae-3a09ffa62365,-11.179241112949276
bec23de2-e83d-4cf9-81fb-80eae648703b,-11.178814254141226
c2b36593-7891-4045-9105-d2ca52faa530,-11.177267856085352
2e241391-af9c-4ad8-a422-a735aab0b194,-11.17932117063066
029257f4-222c-48da-b6c3-3c4b7e0cb9ef,-11.179391793513734
1c01e496-0398-4dba-9252-06822c805413,-11.180339103181044
382e9210-7e8a-489d-94c4-66fccad2f636,-11.18479972823275
d337ab66-aada-4f42-ad18-f215fc39c285,-11.187217641437655
aed5f01b-7775-4ec7-b279-679c7ec066b9,-11.186847459955723
bd162de8-4c0d-4520-a66e-f5ef7a45d899,-11.182536597575998
1500c9a8-4fdf-483f-82e0-4eac09ce30bc,-11.186988805505395
e578cfa3-6497-4d90-8b4c-ca7907974426,-11.183382008062008
395046a8-9918-4595-8d99-77d37a332fa1,-11.18029844465642
97e7d82a-3764-4582-9702-1c819246855d,-11.180963596772116
d2c31b80-2913-4ce7-878b-0e0e32e25663,-10.388058303489617
8973d74b-72cb-431f-8ffb-5ddd41df6e32,-11.18261532011209
75342cee-8e7d-406d-a99d-589dc0d44f18,-11.174411932289914
de6f3f89-5f7f-45b0-9803-656bbe8a74ab,-11.180333343753086
9146f7c5-f47c-4d2b-ad8d-709acaa0ad40,-11.176511139037324
5d356d09-dd64-4c15-b4a8-6f5fbbf0f6c6,-11.182233710341835
c0d49546-d75d-4f2b-95c8-e3a2126c6e51,-11.181145842946345
d7b728b3-7f2c-4144-9fd1-74b093e241e8,-11.185539865190645
fc90e4b9-4903-44b4-9199-143fd3c7228b,-11.184193745212056
94fcddb1-1ae2-49f8-8e3c-292956e9385d,-11.183690796132082
2ac97bd0-57a8-4b7b-9dbd-3d1a2c32c3f4,-11.183728151740944
b16e11de-e01c-4560-b367-bc51f78bd57d,-11.17310061821642
1843a87b-05b4-4c6f-a74e-e6cea236e207,-11.175973063041212
bd8225be-a8a0-4d54-b5ea-d380f3d1debf,-11.184688635209106
8e2d323a-f431-44cd-a3a5-842d6be005a7,-11.191620340299638
8996d749-9e26-4d16-9df7-552a65972f18,-11.181927241971849
30a7247e-d714-4178-94f9-28f7acfcd4b6,-11.17757803267486
a110d86d-b818-40e7-b7b5-f566022b3a23,-11.17412074141344
eb0f810b-e957-41fd-90e2-451467d0d478,-11.174790466712471
47c20e87-95d8-495a-9ac8-1ff20d673f2b,-11.185511317074717
e070917d-00c2-497c-9f6a-7ba60667fb7b,-11.182020459747315
78f1b8a5-c814-49dc-b0ce-c9774e7c8da1,-11.183016080825778
a9b9f7d2-4935-48fb-b3c3-8de0b20b0d90,-11.1848927082428
d70caa1e-11e7-493c-b915-dcaa31cf6442,-11.181049789655535
9de44bd7-d3d4-4aa4-90f0-4e5ab370fe65,-11.180009395867032
90d5cf1f-d00c-44f1-a623-9564ea19f3c6,-11.177980572131926
911e027f-1f58-45c5-afbb-54477fb74a7e,-11.180510705856488
ed74d479-219f-44ce-87b6-144b989984a2,-11.181721724554642
954edfa6-a257-4a52-b1bf-11811ffa6a55,-11.182688041156148
a588579b-5ca3-446a-b17c-1d90a7f02705,-11.184542621636218
8df135f9-87ce-4b13-9b58-80653f21dffa,-11.178761630713458
43c06917-0bf6-4674-b28e-26c07d58c9db,-11.181963705865154
f4efcef3-7ddf-417a-86ed-9605941d80ff,-11.184568595736469
b3bcd71d-ca17-42cc-976f-286e85d84e72,-11.183753061214071
c6f1f02c-028d-4a49-9b0f-71df4cfc7f86,-11.190020150620372
3ea04e91-3862-4e34-8c99-0c4e53968d9d,-11.18605305060708
eb8757c4-f99b-407e-ba31-6578c2d3c82b,-11.182615163337
3d6d2f07-1fd0-42ef-9954-61214f14f4c9,-11.174547011408768
dec82a44-ce28-4613-ada6-311d68859a4a,-11.181149392626944
e4300b70-dbaf-4d7e-8f89-c7d8743e2a4d,-11.182912341382018
7ee705fa-936b-4715-b976-169096ba5b8c,-11.179457089256736
bac1c433-89d1-4764-8d65-32d0e484f730,-11.182653807034082
80d16c7a-ad0a-496b-892b-1f75b66f00c0,-11.186087153370488
95855668-da78-422a-be27-41f3fefa88b3,-11.175135263468652
3d97cece-c533-4fe2-9280-15b5d029dab9,-11.185340991792687
43579fae-25f4-4463-bb46-b48a0b588fb1,-11.174493076913969
063d0572-436c-4b34-bb59-d2d569e64be8,-11.182023509820834
bf811363-4fd6-4202-b961-76890e79759a,-11.184181441990408
eacb6da7-a599-41b9-a6d4-a4293abc2c9b,-11.180621130737258
625dd734-4c9f-48ce-a4f6-16a9b61899db,-10.39080010004922
89ad8cbd-5563-4b4d-9b13-23864183989b,-11.174680611240976
309e4a03-e337-4d38-bbf4-4da3701bf718,-11.1798917356602
a87e3d23-83f2-41ec-945e-e412cc8af6b9,-11.177176393474044
4fb525d9-cb19-4168-84ac-b06317386272,-11.179957667753149
85ceb908-f59a-4630-bd3f-1b10c936126c,-11.182753495621665
cfb2939f-00dd-4941-a4c3-c3addac29025,-11.18550224210907
acd25bfe-bcea-4b28-a2ed-5be0c469e275,-11.18347357213467
9d56be4d-1a13-4051-9f7c-5546ce75066b,-11.182982806424256
89952e1a-a64e-4ef5-80fb-cf99f00e65ec,-11.182601766846377
e502d56a-f4e3-44f5-8f3a-e7767fb854ff,-11.180604584015164
6fd9e970-2aa9-4cfc-afa4-becdcb66a399,-11.185850458416416
17f414fe-b261-4274-98d0-b808ef443958,-11.169100592360204
a577c777-fcde-4425-a225-0da427cd5afa,-11.17858585971176
808a2dd0-971d-4bba-8407-2fe011977034,-11.179587713197751
fa6a4160-f0f3-42a7-be38-a8a767ba91a5,-11.174429155895435
16a371fc-a974-455a-be7c-d7b60a6b53a0,-11.17545768123276
69a6f592-bcba-4c7b-8921-35a4386a502f,-11.185629211862317
6de4f2b0-458b-4489-99ed-a75074a43e8d,-11.178226757961628
14e54a1f-b739-4934-824c-3032122470e4,-11.179827375455496
3469a209-096c-478e-9b75-8c54f9f4ea09,-11.186346772275902
c725dccc-d26b-45d2-a650-82e5136d96c4,-11.180917386095317
32a3a825-d272-442b-bdd6-bdc09b7e377b,-11.180702608765152
f82e29bd-522f-4ab1-b55c-e09853ee71ac,-11.182242898286626
21a79b7d-5638-4119-8b0b-60cb96c0d302,-11.182999534404493
94172e19-6019-449f-8587-c99ee3736ff5,-11.1840812281923
23faa8f8-1a56-48f9-bb6a-0e025120f884,-11.183382854645748
e00c212b-9201-4e67-8fb6-56bde0629f56,-11.180638864992494
c19decbb-86b6-4c1d-b4b4-7f68306797bf,-11.185395848874627
1dd43c10-6209-4b92-8249-e2c21d409a51,-11.169372590556698
1bfbdacb-dcca-4e7e-b725-5f414b4c88a7,-11.182582245103188
de1db825-5d1a-416e-a4e3-c0a8fa99607b,-11.186817642733695
db06feb7-ab35-4847-9537-b4a42ddad792,-11.184102307245286
c655137f-e08a-498b-9aff-b4c04ac88ea3,-11.182754925947116
42f2d36c-a8e8-4fa7-bca9-0e85c54a4d1b,-11.182850408299403
8606f821-7381-453a-91fe-fa17acc76d2a,-10.387678995823464
5adceee5-70f6-4aa2-bd11-5f8a22b3f932,-11.172811662280708
4d458d95-c8ef-4fe7-aa9f-bb1ca942687f,-11.178479373227631
c37be15e-10c6-4814-9fd9-03ed681dc575,-11.175739353412878
46402b21-0e2a-4a68-b1a9-ec809d7fb5dd,-11.173670267770923
b63deda6-efca-45b1-9cde-ca0469e4c447,-11.182454583670006
5cf57435-9a7a-4002-b8fe-624a1911b469,-11.178597983039106
2bbbddf6-ef2d-4e86-be4d-a24c071a392e,-11.17596234316562
c406554b-54fa-4677-a098-80afa9c04452,-11.175960020217271
153ad4ac-a0ad-46a5-8bf1-f13fb9fe43a3,-11.17571826639635
b9c26a11-b807-4807-be44-018953ad3fe7,-11.173544150127888
c5f6d248-3603-4cbe-8cb5-6a0f146d6cfe,-11.174081980561128
bf957d73-555e-4953-8a57-f23fdcd61ea7,-11.173883933938148
b8c1c60b-5241-4014-ae3a-0d3045a4e725,-11.177261338233192
347c8a54-9d1a-417e-b6b8-16e83be6a1b4,-11.174109997590724
d62e49f8-1cc7-477f-b430-ad85064e56c1,-11.178523700016829
d0d9f82c-c5e5-4b49-9193-f9e14e09dc5c,-11.174554357896202
d0f8e028-911a-4f2e-8c36-d9bde50183aa,-11.181605193052402
bd290853-a801-46e1-b3aa-c6aea533c055,-11.175374612809245
8fd1adec-bcef-449e-bde1-3c630fa6a2e0,-11.182707225039032
fe4ed9c0-a9f6-4a60-b9ff-e911a199ac72,-11.180188702170623
f2c60458-490b-417e-b30a-fc0e272269b4,-11.182977920453348
3ffb1534-fb8d-42f2-9a94-dd9cf591de0c,-11.18213255998586
a00bc628-9aa5-4e44-800b-7ea36ba99de6,-10.386159158533578
41423fe6-1ef1-49c6-95f7-72eadc29a407,-11.179460437642753
8d40c21c-efd4-4dfd-853f-b653de4d846b,-11.176847960721872
e3b70740-82e6-4995-99c9-c8bf8d16e8ed,-11.17803636984498
8a9b640a-870e-4a5e-8d2b-5a575f405a0a,-11.176049968387815
c21ed710-a0b7-41ff-9292-2bb061fd929d,-11.178733935299826
cb0543bb-0e5c-4389-b0bd-d53365d23f6c,-11.182017481032783
261a2353-8f3f-498c-bb12-7cbd0cf08042,-11.179848730703576
869fb3e7-9427-4466-a661-d7b74522cc5a,-11.186030573605665
70fa7ac6-079a-4ef3-ac73-29c4249ddaed,-11.17540026562522
e2be1ae9-1726-4b6b-b890-978795cc1859,-11.176462348007744
0cccc842-0d39-4373-9e4e-da4ab8c5f393,-11.17977952901478
77ea5175-d5d9-4fc0-910f-4a0af705dc9b,-11.180071314760465
95f25447-52e0-4173-8db8-96ae1bc906b2,-11.18364853480605
c5ef2d00-ce39-4023-be10-6c999936b143,-11.180486803284976
2a0a7a8e-5a23-4802-adc8-f705f6e37666,-11.178666587788816
fe530e07-237e-4826-8167-70c2049a8fee,-11.174183012402272
1b1d24ba-4bc1-450e-934d-e22a957964db,-11.176380060888652
861ccf94-1e68-4506-80e8-d43d664792ea,-11.18110504463654
e1e443e5-19e9-4b83-bf7b-27938991ff29,-11.172733470374324
011948c0-f89d-4cdf-a960-682469a0f5c2,-11.179206936320508
f503e76d-6035-425b-bb46-275633b1fb40,-11.17982478098394
56b39a41-3e9e-494a-be6f-eba3c866e79a,-11.18019510888541
07a1a0d8-856c-4e89-8e93-373dcfe59f78,-11.175930754341474
bcaf95a8-116b-45c8-b8c4-7fdb157e8a9e,-11.186682429272508
edb4cc20-d3e7-4c47-8a15-33e7a6790f89,-11.182143836617158
a6291338-3c7e-4fd9-8340-32d2fb390290,-11.18350220234825
f28367ae-e26f-4739-9650-8027851af9dd,-11.182670952622372
4f1260a4-7696-482d-9150-fd69804fdef4,-11.174342026365409
abc1d914-38a9-4eca-bc46-22c34d3fab59,-11.17859598448596
eac90221-65c1-4e12-a7f1-71c4b06debef,-11.174931907646876
89b1ab18-65b2-4940-a2cd-746d189a2d02,-11.176772565749213
1b7ee3b0-1051-4aa0-b2f2-3f3c003f1541,-11.176658456215648
fb00996b-fe9c-449b-8c59-09d9802c681c,-11.17500747630292
2f60fde6-898a-4361-a5cb-15d0f7b55293,-10.388010977347747
e2c58e6a-844f-40f8-8619-16c4eca34383,-11.178914512959656
b96cf626-4f8b-4689-b632-4affa6cf22c7,-11.178155672222411
0dd72c36-7f49-4ff1-a256-eea590094cac,-11.178555435367024
6e51fbde-0e80-4dc9-a22b-79d53f175992,-11.17981598428316
943aa0e7-217e-4340-925f-313df1cd6abe,-11.17294968609156
866544c8-2214-41e6-a597-86159014dc16,-11.181270351266722
2ff60cf6-82d0-4964-bc93-c190da919a45,-11.180650090072987
f127bbc2-af6d-45c2-b91b-f66724b2a9f5,-11.173941058646456
1165bf1c-73d5-4ce0-8b06-3d176e8559a5,-11.1775873161935
c1abcccf-05e3-488d-a159-45fbbf0bef0d,-11.181493048098192
e605d0c3-0101-41ad-87e1-3092d9bc9c32,-11.18065578964634
3ab826b6-1d35-4b17-bd72-2974d8fab116,-11.183287661245084
67bfe253-bfb8-475d-ab12-1991273672de,-11.176746512817708
688defdc-af8f-4337-99b6-c9433958fdc8,-11.178943123510347
71e82637-44b9-4956-87fc-1d94a7abeac6,-11.174922542170652
162dfdee-a3dd-412e-8289-9a8d9cdfef63,-11.18176380458534
1cc2d1cf-b915-4ed4-83ee-2b0fdba87576,-11.183894265337912
0e34ab37-1c1b-491a-ba91-9c7398b2ec65,-11.176072439903182
e85e4e23-7b17-4d58-a8b6-65c51358b807,-11.17669825760997
2049d545-1089-43dd-b491-e0b6669d9ab0,-11.18444050488644
bafce25e-1767-469e-b3f3-2b418ea7edaa,-11.185324771695214
a4b1bd85-3341-4bb0-8e56-0c7a3049ec7d,-10.388681402178886
5ee14765-b503-43c0-a441-c8950ea81679,-11.178903772058415
1c0c9097-69e5-4a26-a5d3-740cc373533e,-11.185488827392582
9ebe24c3-06fa-42e9-824d-2096c7c90216,-11.174189322941078
de4dd713-8ad0-46f0-9365-b3cd0f856b56,-11.17562516585107
2d207531-22d8-44ad-a840-fcc5b5dfd133,-11.178224057518806
86682538-6362-4bb8-af50-0a0d9fb82d20,-11.176466494387892
5bc0beff-4345-49c9-8541-0f226d492d3d,-11.181782518876808
1a0682bc-8b6a-4334-9c07-2c9f944da70e,-10.391038467877346
3b4c265f-6474-4d82-ad81-36dcb6d8527f,-11.181578698218775
489480bd-7f26-4ff4-8b33-ec56223203fd,-11.17729410476197
e32dd9d0-79b6-4890-8c43-6bfe23d8ef1e,-11.183108309276326
0734a3ac-2bf7-4351-854f-1572b611bb48,-10.38766576570266
f5afc08e-f4d0-42d6-b499-eb82bfa3b009,-11.17450282335398
4764c59a-b7d8-49ed-a81d-a074e965efd5,-11.183842013918104
bc715a17-daac-4281-b0bc-9d017a8282d2,-11.176156282306264
6c885b8c-b285-4af1-9f74-f43172a53aee,-11.177438569465242
e2e5db9d-a9a8-40f1-b82c-e2453e58de7b,-11.178990748211657
42e8ebe7-81a2-4ca2-9d9f-fa60f6adbdf0,-11.181230545202936
b1e191c2-71db-45cc-9524-29aa9159db6d,-11.172850564201276
f1c3e1be-2968-46d3-97b1-65eb4c50fb29,-11.180504396033088
531c1289-6b10-4101-a45a-8908da48683b,-11.180160198084431
7e296815-d235-4ba1-82bd-889bcb41eb45,-11.175321020807528
f3cc279e-6db4-4975-838f-8601a542f52b,-11.175113052323193
18a7964c-fd8b-4743-af9a-e7bc196c90af,-11.173001398890609
45e59cfa-ceb3-41f8-9066-c040e50a4429,-10.382661734420964
67426bd7-96e6-4742-a92b-67f5debdd10a,-11.183525018009368
3f91f52b-8b0f-4ef9-a584-51a6b4023e7f,-11.181705504091603
ea48bd7d-a9bb-4a88-ab26-9a306182b4fe,-11.172509962664645
aa25ac26-2fca-4b70-a830-81b8219f5a7c,-11.17926603281999
6f3e8931-06d1-425b-bd96-97a5f6bf2483,-11.17504241072929
5048a68d-13de-44f8-bb4c-65f23259e2fd,-11.171277927159728
09724ccd-69c3-41a0-8b60-971d07791331,-11.177902726355432
a964f928-bc23-4fb4-a90d-5a34203e390c,-10.388117114835117
446f2551-baa1-4f69-abca-a7a714d507cc,-11.17920628358464
a809c29d-a80f-4c32-9a04-082b574e3873,-11.177743653889392
d63b9d81-ee7f-4da7-9c93-022ce8f70a6c,-11.179720802035495
cbbb9c13-72e2-4bee-a5eb-27b74f8fb4e3,-11.184364256963075
bcd765d0-ef73-41ec-bf82-e15b6aff06a0,-11.182084683891418
a5154945-88b6-41e3-8908-5a3b06f74f2e,-11.174313887057512
c7c7b8ec-f0ac-4815-a9d3-3ee4d7dd83c0,-11.192526340954602
4ddf8f1a-87a6-4622-9b9f-52c6fd8d6163,-11.184429815021716
8db186a4-1408-419e-8ad5-020353886d16,-10.385581700582197
3bac8ec9-9ba7-42b5-bdba-eb7c84078a15,-11.18204786774532
112e79ab-62d7-4c1d-8a1d-d4c896b1f2fa,-11.177467061422046
10b7953d-dbf3-4427-b212-f224866b57c4,-11.17314123817804
f20aed83-c08e-4da4-9120-e407142abdff,-11.176215241501522
9666b052-47aa-4d98-be49-efba1791c74f,-11.179243387020025
4ee48332-cc46-480a-9988-e688bb2747ee,-11.175453720968958
8aaa8076-14a1-41a4-81da-c60a13555086,-11.17282948786998
24d386c9-9a89-4ad6-b7d2-e4391c2901ab,-11.18051875629886
8120fdb3-922b-4f2c-9020-79a60e4ae4ab,-11.180819325077502
3d774ee7-8b49-4555-94fe-eeccdb5d42dd,-11.176864328313158
256d9bd4-da53-4b4d-abb7-7166aa3de616,-11.176898377091224
5d8489ce-8d02-46a5-8720-b418b9479eae,-11.181766565685296
b274de96-7447-45a5-88c9-99e5cad30afe,-11.179352857125204
cca0c2b8-935b-4b52-8dd7-952f5ba4e4af,-11.176953804004546
8f6854a6-4561-485e-a89f-6b0965c465c3,-11.170638874464638
dc17f8cd-3bfc-46cb-a011-58f2611f6d34,-11.181438891410696
d2a2ca4b-6ee8-4a7b-8c2c-7c4e2449a35c,-11.18032871967142
69608ffb-d847-4751-ba8c-c15eff53bef2,-11.17932124075544
c01af761-82c4-48d9-b31c-17b6517d7c92,-11.182651364795262
b60debc1-0412-4fc9-97d5-0e24803282da,-10.389699399774734
ee3ae1f5-c94e-4ef7-b06e-a132305b4a04,-11.183135392271192
9d8026d7-e7db-49f2-88c1-42218226eccf,-11.182234057037938
69dd3726-9727-4bb4-bd40-c642b2b3c161,-11.174426456904952
8d662f11-f0cd-4d71-b29a-30d4ac01b28b,-11.179917617695663
dcbf40a4-0dc5-4292-b07c-301aefb02246,-11.181228685105998
ac5e36bb-45b3-4d3d-b6a6-5b5453893931,-10.384525063986615
49de5cb3-80f0-4c58-90af-be9b118a1b50,-11.180822187162686
4acf4f25-e141-40dd-9557-376998e9f444,-11.185357462730623
a73c1e48-2526-4482-8b51-5e3e9ba7ff66,-11.181057343655516
85da4875-bf96-4b55-8a32-ebe3be8fcac7,-11.185967247080391
e60df7ee-01f1-443f-a189-e44764303323,-11.17817452879376
e3614f8e-b089-4c39-bf22-f9da2a162311,-11.183826257046835
a89482c1-8735-469a-9f54-78aaa15925c4,-11.179453337068043
e3603d14-0b6c-464c-bcdb-f226c69657e5,-11.190328216459328
fd6b9b00-8a30-4ad0-b4f9-7ddc7ec93e71,-10.385924722233572
6562196c-fe26-4e5a-a8c1-62c7053434af,-11.183379454568732
84093791-198b-42cc-b82b-660e69306aa6,-11.180215691569138
6e0fae56-b396-42ca-88e0-5686d31aacb4,-11.18495248465451
287d26fd-374b-4dc3-8e04-781c642fc752,-11.18266721345268
912361b8-e006-4e72-80b7-a69bcf78cf21,-11.184802751739053
9c74f225-b08f-4ae6-9af5-8171e3751e9f,-11.176532249071023
ebb7b400-e5c8-4a61-9135-6a144b9b9901,-11.186859559057918
a2e73dc1-6854-478a-a07c-327b2ad2bf29,-11.184024695253894
26803f06-c4fe-402c-aeaa-f1de79421b79,-11.176091016738493
5ab06391-cf6b-48dd-bdc4-850288dde7b3,-11.18069715805175
81e73d6f-1a2e-430a-a10d-38714008eda8,-11.181531075428516
3eddaf32-162a-413b-88fd-1cf91d300d4c,-11.176192362212351
4b6989c9-3511-442d-9510-7945ec975ecf,-11.184716081564806
c1d53d2c-92d1-447d-9125-53c05035de96,-11.1808665653267
7aff79a7-c025-469a-8a7c-f04bf64bdcf7,-11.184083319224907
2081b828-4278-4869-95d8-b5e144288ed8,-11.177500898967317
61cda176-1342-4473-aa58-f8747da37a5f,-11.184937472466878
e7cfce6b-50b4-47ab-a120-af34e37b7062,-11.17930837225644
d052bf46-1ee5-44a7-a836-32b1139fe31a,-11.185940655188755
463e0123-d493-4272-8410-85e0f2034c27,-11.18166015761515
64d2b1fa-fe65-47d2-aef8-d7b3665e7ad7,-11.185104911368974
89c4ee03-c5f1-415b-b066-ff64feace7d7,-11.175643100106894
1b9bb64e-4fc2-4fc3-a8ca-6c7b437d501a,-11.183567166722726
80e0bae8-3f4f-4de2-bd85-02d6d5cc21fb,-11.181295329967332
2e491f75-600c-4c7a-a4b1-03f94882a459,-11.188555487370069
7568ec88-3841-4f8b-8566-9bb0aaa3e8fa,-11.18265461079463
a7bab02a-926a-4f08-a387-2eaa7f18b86a,-11.17494922404972
f7292c2f-6757-494b-b209-6dd81e976384,-11.184009616410648
70183592-0b23-4fb9-a43f-b503cd86689a,-11.17472854150004
226a7eea-b4a8-40d8-921f-b7c5eb1954b3,-11.188347352271524
d705f039-4f3d-4c18-8acf-aaad35b4de47,-11.177604963849864
d7341124-c5fe-4ffb-9aa0-04513f81bb85,-11.18685699608424
1a7723dd-c3cc-4d14-9492-943ee0fc294c,-11.18094888930606
9e525f95-0427-4ee8-afe0-58cfe3bf132d,-11.1766967122044
34fc156e-6647-4fe9-ae17-4ee4f178f896,-11.179415575105882
28c89f7f-c29b-4cf8-8a9b-14593f0dadd4,-11.177261401306335
194799d6-af8a-43de-bfaf-69b5115a236a,-11.186665378158342
81405724-c356-415c-b5a7-d4ff88a76813,-11.18065532669031
63c30ba4-a334-4298-b85b-248aa991a5db,-11.185279267891906
078d6c23-2d79-4400-b4f8-3b938c249a4c,-11.182527421512964
5b764c5e-bdc0-4b4f-a3d7-33b96a18be5f,-11.181680536975623
4fc793c1-9947-4c49-961a-8490278587fc,-11.18334469963918
4ab52df4-bfce-401c-8627-33aa4e27f6ef,-11.181306654993657
c1b9471c-6d61-4efe-a939-8d2bea299657,-11.176644081345522
76bf517b-b48c-47ec-b596-62520caaf373,-11.182329099108292
71dda78a-70a0-4d71-ba7f-e2cde9c5a3a9,-11.18116399151446
60d3afc2-34be-4496-abbc-fcbe96e575c8,-11.182694840467152
2bc2c18b-5ce1-4afc-b664-637f19657395,-11.179258429855436
a1137f5d-28c3-4059-baae-e18fd221686a,-11.175410243638137
cb1f5a1f-fe95-468d-9862-133ef1ec9bac,-11.173436127041867
453de813-d79e-4dc8-b492-2deeb7ab9b09,-11.171443658347128
f82f1a8a-0608-4b22-8420-e75b8f309356,-11.192798803400276
d201a5e8-5768-454b-b751-dacee8a444d8,-11.180897243042816
6a607cc7-79bd-4662-92e6-062507538875,-11.18566314593624
6975778d-75d0-42b2-97e5-4a7ea9ae6a7b,-11.186405459093388
19acbb6f-fc3e-4144-a21c-3728ec48976b,-11.185152057626349
0ecd4466-cab7-4d3c-83bc-aa8d8c38c195,-11.18334714831808
7fda2e79-8659-40bb-b977-24e902c853f4,-11.181060512941189
b7919517-6965-4d08-9700-ad4d5ce57640,-11.177698044752466
659d9ae8-3478-4f1d-adcf-4313eabe153b,-11.183428888704483
e1d5e2ca-b704-45dc-9ecf-ab9ee23291cc,-11.18555513324589
70b93fb1-18d6-4cd5-add7-477ce6ddbf13,-11.174641480137655
49ef0649-d229-429c-9706-285a9a5552e4,-11.183247267991636
692beb7b-4ff4-411b-b519-f8217f910b97,-11.185375034774111
1b4ac557-c278-4797-8708-0abe440eb6b6,-11.173494412134543
d4d404de-de84-4088-ac5e-4a15e347605f,-11.182400831446502
0a838303-9146-4412-83d1-2b06cf6adde3,-11.180855734484844
1ecb4d87-cd79-406d-a39f-26b903a9335c,-11.180747458743316
209f7f7c-7985-4297-8a5b-de7b0e433778,-11.178320211421973
d9f3aaf8-d640-4e0e-ba4b-5c85421a7fa2,-11.176484709434408
004d7f94-4e25-4214-ae66-625bb54ade7a,-11.178335684264948
fdc36366-5542-457d-9315-ea2d97d6d862,-11.184158293710478
ecbab1a1-3d0a-400d-9679-0908001e7af8,-11.174669930494742
e1b1441c-3957-44be-af17-4b5aac2a899b,-11.182084897853176
c6853215-2fb0-456c-b936-61027a63f36f,-11.184605980290304
1fcb3e87-ed47-4bec-b931-85852ca843a2,-11.18302065141178
84be7f02-86e8-4a61-a297-a3b04a005c61,-11.180604807895318
10fcb72b-2972-4535-881c-a48eac7f4ef2,-10.38234378713695
f189bdf7-4618-4a32-8a7c-0dc296d00f26,-11.181171960544075
b08c85dd-a760-47f9-8dae-87da6b89d064,-11.187877207930567
b693dfc8-af0c-423c-9554-25c464438a44,-11.178727075105892
da4ed0c6-5305-422a-a779-db8efa59ddea,-11.179429642917611
157f8774-6853-4a31-96aa-b0d1bd06a18e,-11.18016862148775
55d465b9-bc44-4076-99c5-8c0ad72ca680,-11.181966109310164
34112875-b0e4-4a5f-ae40-ad1d5c73593d,-11.187680225247975
a9d5952f-720b-4c75-a8af-1c3f26ec282c,-11.185460321581774
cc0b8d63-0e91-4d0e-8dca-de7bf378765b,-11.18214974568512
90cfb706-90f9-4761-ba5c-3c0f48b76fe4,-11.187952065410371
020d0346-42ca-4792-ab32-8ecf7893b710,-11.177943298431725
55ff1031-cd49-4cc3-8497-3ff53eb0b4b8,-11.17699919914608
f04439de-8732-473d-9968-da32a15f72a6,-11.17984505765764
62b74856-641f-4b26-8755-696fe3e90e86,-11.17470315342124
220aa0bb-7c2a-42b3-a693-0624cf4d41e8,-11.1838213163862
fdf44d75-a75a-4987-a977-28da582d64aa,-11.176439975335027
0ee2e473-7b76-4e9f-a612-622483563b28,-11.183211625715522
02538bd7-5a8f-46b9-a444-25d0c9090ace,-11.190521788740714
cf8c8ec9-d7c7-41bf-adf1-f424ea8b1bf5,-11.183824421597569
c770b50b-f686-488e-8002-b05c9312fc79,-11.180410963380051
c88860eb-a9be-492f-8967-2aad808e4e58,-11.179294241772029
c92d0f1d-1249-4d5d-88b1-ba3912ff75ec,-11.179583840169352
c95c8d38-2515-4a45-946f-1cb2ea103d26,-11.176031715273943
343a7920-e29f-4656-a69d-77b440b28303,-11.183732011572864
1b3b1b9b-92bc-453f-82ae-548dcc9fece2,-11.184622697995572
782b1ee6-6352-4334-808d-f774bb6f19f3,-11.180031980357397
91db447c-980e-4a3d-a027-f6deed81b8d3,-11.178636918674018
971ff7ee-e4a8-4c15-b470-59f0465a9318,-11.1807647057714
c8e39715-c6b3-4c39-af95-46f3b351d73d,-11.176671720318884
00f52c1a-e2f1-44f4-9f2e-fa8f6470f1ae,-11.17926059174619
cb46a6c7-4103-4442-9d67-a7f57c809726,-11.182542758805027
9ca676a2-9e27-43cc-93b1-107a2968e09c,-11.175597737831904
d0992a38-4285-4ba1-aba9-ab5c48996826,-11.176918347122443
ea89d5c9-479e-47cb-80e7-83fa3376a5dd,-11.18059357170466
6d5c547b-65f3-4217-8b04-1deea9edf566,-11.177978327452069
bc286594-5459-46c5-861d-13903c6b0ee4,-11.185096847916416
6bd2cf4a-0a10-4b66-832a-a100ce2720ef,-11.181110291677944
932dd491-a6aa-4436-88e9-75603d707503,-11.185171383544306
fe947bfd-855c-43ed-9b19-b293826767af,-11.184173590966257
a9e69cf5-4006-416e-82ad-523c69913f6a,-11.176534037866093
761175fc-b8b8-4851-bcba-fd3624dd03b1,-11.177096303308762
01176c4b-5638-49ea-bc93-f8f0eef7ae13,-11.187237581017072
a3a2173a-a1da-46fc-a2ea-ea777d74ce76,-11.179298407128002
9c97146f-7adf-4705-a0f8-34b68dab898d,-11.183468318236622
a39787fc-72a6-4b64-8e81-cf95dd2e5f5b,-11.18169878465909
9d4bf7be-5ccb-4ab7-8fec-604c7689832f,-11.179280897729909
c245a63c-4390-4917-8059-f86919c01955,-11.185277527101771
cfcbb45d-e1a3-4aff-a004-6f50d7ff3400,-11.184736126702902
afeb9c14-c0a8-4bba-a387-55a1cfd9071e,-11.18155925034656
2e057c8b-791a-4600-8aaa-145b3812b17b,-11.183070212573226
9ee23105-6e7a-4bb1-bce8-5643e2c881bf,-11.174578790811402
65094254-b0c3-4ab4-9464-8c840f502be4,-11.180307341065603
d56ac64e-4f54-4d9a-8e56-44ec1dbb25e0,-11.18279379972345
2372c4b8-0d43-4866-9dcc-c06374367a1d,-11.182715838004864
58f62102-2a47-4364-bf74-41089ab08509,-11.187447049667531
4fafe7fc-604a-4d9f-b2a1-c025d37088b6,-11.186185802118262
375339f8-90aa-4446-82b4-5ba20c0b341c,-11.184054995283146
7420b59e-deff-43f5-9337-2980e320ec17,-11.180770809927353
638b6e7a-1826-4a6c-a7c0-7a5ad5fa6d88,-11.18420826324949
e41dec31-51b2-4edf-a587-8f566a8ecfd9,-11.175568048967495
7fdf7b43-a229-464d-a960-6ed9ec394660,-11.166903995163947
ba6b72a8-dc4f-4520-a092-e9fb8dbd5cf3,-11.174695469788684
898f5963-2906-4fa3-b38d-44b70a6ea2b9,-11.18081175655674
86143fa7-b739-46d8-b7b8-a6ac06dc737d,-11.179719367660589
eaebc2ff-a36c-49fd-add4-c2d356b7395b,-11.183453078321204
0ccfb4c8-f984-44f3-8af1-2e4d159d11c3,-11.191164498127849
99de077e-d926-4dbc-995f-761a67cb109e,-11.175244044619092
f71006f3-8d8e-4995-8c1d-f4e6cff56ab6,-11.183922573867806
466694b3-1fe2-4eff-950a-7b9d61f37ff9,-11.182536569291816
c1c93e2e-0253-4e6b-8aed-2662a51de1c4,-11.178448703014713
197038ca-899d-47da-b075-102b4bf783b1,-11.188521014113949
cbe0ba39-5c64-433d-aecb-dce91a39c9ae,-11.181428713519384
f1974822-ccc8-420b-89de-e33ce7b51cbf,-11.173355497308478
492af107-1eff-4aee-8639-e5429b8e6f84,-11.181794185035828
419e0fcb-1d18-4f46-ab40-1377537b5001,-11.1851941139571
b1f92afc-cdb6-4900-8d44-d79c085ffeff,-11.170597789249316
8ac618b8-4a57-4f4d-934a-1ef395c129e9,-11.187916377619535
7da8a471-bede-4b54-bb65-8ac843f4de7c,-11.181713128917528
f279a664-3209-4693-8b6f-01383782966d,-11.186157315187412
501db023-8e72-4302-b7db-b0c93f86f58e,-11.18745608029324
52cd2f20-4415-4d4d-941f-7acc45aac5e9,-11.17933916798409
3f9ebc87-74c1-4a15-a4fb-37128008033f,-11.181160310252585
f632ef65-a08f-41c6-b801-81a19fe27cbb,-11.178843154638862
0e7d920b-772e-4bbd-bd80-dc2e09f85ab0,-11.183882560998605
ab0fab95-b186-4e22-9ce4-937b3d6ceb71,-11.18581179275606
86d21281-41f9-4c3f-812d-252329e43687,-11.186966576747114
af4a20f5-cb6d-41fa-b1c4-3c1d0cd0e31a,-11.1813044912202
9f05942e-6baa-4c81-8cea-d6d4c51bc242,-11.18635605531644
ac191c18-1a75-4c22-9126-f561f993572b,-11.167924959776848
fb9f13f0-d55d-49c0-bcc5-ad0ff0a44c0f,-11.183090659814518
059a1825-f68b-459e-81b1-92b904faa512,-11.180142574561946
bc4ccf5d-a5d0-4840-8082-3051a191afb2,-11.17642336009222
3740e886-6b62-4148-8bf7-11e72a02ed52,-11.177468419303452
6030a419-e8dd-4731-8402-a64a36e87a10,-11.176920529047983
432ebb63-1369-47eb-a6a7-c2427ad91e3f,-11.18216367357882
7e791b84-2ceb-4fe3-b3b6-b7c9db8386ee,-11.183086378459633
b7f3252d-c428-4190-959a-3210f550beee,-11.18186199637315
1bdaa313-b3c9-4069-bc5f-2f1796351d66,-11.18029698037104
e8c5bf44-6a95-4daa-9c01-1de431a7b861,-11.171063338001495
995d6e73-7382-4766-8485-9c53d15c5e2a,-11.18259260430906
227ac4dd-1bc7-499e-a452-0da63481bcb9,-11.18565704336756
eb39bb3b-2628-4eda-b654-17f8117da16a,-11.174782332086048
497b71e2-2722-4834-a63a-bc2b02729beb,-11.17483923433922
63ee3a27-5cb3-45ad-a322-3fa836a3d9f4,-11.176245017185408
4ccf6733-c5c0-4876-8538-9e42e5638bcd,-11.179257388731289
cb9ffa50-e865-4bfb-81d1-c62feb2c7f1d,-11.181288444629468
05d784fb-7e57-4ba5-9223-a5a13a455718,-11.187257576885171
7aff52c7-fdef-49e0-a5a6-7824912e125b,-11.179616286939282
617d150a-5489-47a1-86a7-4cdc1e86e18c,-11.178284093971794
489ce13a-0b9f-4a60-af12-805ef08a79dc,-11.18544758956703
ffdeb275-735d-48b5-a579-5b0133e510dc,-11.179584393425982
d78be736-4fab-4ad7-9e2a-83edb57a574f,-11.181803368214116
06b7d962-0aec-40f9-8795-315293ac1568,-10.386571457390792
18918bca-b463-42b3-a970-e86b4ae28a78,-11.179922765699224
965f457c-000b-49dd-8aaf-473fd06b9c84,-11.18060093426976
ba541d26-838e-4fbe-b07d-31a6b0e31613,-11.185751887415904
b96d494d-b54f-4492-ad43-cd9e25f7d6be,-11.184199323949246
f68d4110-16f6-40b5-aa0e-cbde19493d51,-11.179971906731804
de969eed-d333-4086-aec3-e147954b4f0b,-11.181654443847387
0386af07-1ea8-4086-8d2b-4f9a6ef6cd87,-11.176719467098552
e6bf65df-bc93-420a-bc1b-466127f2deec,-11.180334835640387
afc01ef9-9f08-4161-af80-9fa6b6576eb0,-11.178440342494934
f45ac596-21cf-4b81-90ef-717b2578b89a,-11.185017307081647
543a7544-7527-456e-a5d7-1f38a7390b81,-11.181162866814905
06eb9036-3f86-4483-a09f-ec6e81a1445b,-11.186422820790268
0ba73332-f30a-4bcc-8591-499cbe421238,-11.166903995163947
794ec250-04c5-4da2-aeae-2eb9e66635b9,-11.18644780563487
b5c26fd2-54aa-48bc-937b-0da286ae1305,-11.18482150234648
2485676e-4ebf-4877-af36-90c60365476a,-11.176994962575687
a684f886-ba81-488e-a4f9-3b7e7631db02,-11.176479670344929
6a8fd1f0-1df4-499c-9242-83bc6df37acb,-11.183304448579136
433280cd-ed5d-4f7d-b7a5-0b5d952e5042,-11.184464976671345
0198d2b5-d3ed-4fae-895a-b3eb6af2f558,-11.181452513592353
8ea0c19e-f0eb-48a9-a317-8c7734bdffb4,-11.189796185610897
cf1b16c4-408d-4dc7-a4d8-ffd5b239cfea,-11.180402305643618
b7426898-d101-49df-9684-617f1824274e,-11.176173803901031
c11da9cf-cf9f-484b-8a52-14a1d70534ec,-11.17681024590333
cb049a53-2c8c-4bdc-99c9-4a0255721f30,-11.18238490181848
c5ce77cb-6e1f-401a-9f9b-18624770bb82,-11.183295035637611
066382bd-a09c-4d45-b06a-d543818a1153,-11.185269499943892
2826da10-b6f5-41cf-ba05-458a56353713,-11.183513160393138
bd27ec8d-27a4-4eeb-a83c-088e741291e3,-11.18292347287435
aca3fbb3-c3b6-40b1-859c-786c15d00795,-11.182013267919611
3110af3e-dcfe-4898-bcdd-4367befcb747,-11.182528367021693
72a679f1-b1ca-4e22-895d-62d0ce467b1e,-11.17682023371868
b0b16b26-0f1c-4001-b3a6-2e5cfc14371e,-11.182975510885631
53b0b517-fa15-46a5-a944-66dd5ec95311,-11.17752944830288
fb36d8f1-e2b9-4d4e-a346-498544734c75,-11.177584110736428
983bc1df-ba5b-4eba-8939-809878a6cb82,-11.189254078632995
16ae9ef6-b654-446c-b64f-f5c97c6a63eb,-11.173394866558802
51728572-5fe1-4444-9572-c512dcd61f99,-11.179623092168864
2b79b385-ad1c-4f4b-8227-10e7bcb89d33,-11.179795556000524
1e85b964-b93f-433c-90d1-7339bc8dd736,-11.168729247503908
d59d63e3-7ee5-4ad9-84e7-e66450a4a9cc,-11.183058958961777
f2031b53-a06c-460c-b3f1-3ae1771084d3,-11.185066707527495
1defd68a-24ec-4de1-b321-bf4588282aac,-11.181819140940094
3a7d59cc-c966-4f1b-b424-9e0b63396a24,-11.183648442697573
167b190a-2209-441d-bc2d-2b8f569d337c,-11.18076332554506
9e47a638-634b-478d-af4a-92a4e96f7bdd,-11.188862164136808
16ec3f3b-23fe-49f9-aa3d-1e1e38f622f0,-11.178791724648852
a2989b6e-9299-4ecf-8f76-f1558745860b,-11.1850023681821
e8a00b17-b2a1-4493-b894-d7a2c3f4cbc5,-11.177270780090565
10feb7e2-8c98-4b07-b81f-28365eeb922a,-11.184822475147028
8d3cc938-c233-4900-96a6-e3de17bd4482,-11.18349072523592
187fcdad-1d43-41b1-925c-eb2df2574d3f,-11.172438644489096
c9352ab8-1609-4294-ba77-aaaf47f33a32,-11.17741985435886
53075f5f-d695-4ccc-bfd2-2dc9f4ed3595,-11.19126821386073
bb188e35-3e02-4410-a608-1c719b032de3,-11.177656713317528
53eb9d60-9abc-427d-b97f-f05d288ce664,-11.180597831576366
be81cdef-6479-4755-82bf-3ddef06e79a6,-11.171491689397598
b474b34e-ab3d-4541-85f0-c4485d2ad555,-11.177236979724055
f24e9372-eb1b-4131-9140-a74f777a8b28,-11.180283028765574
d1a556c9-db1f-48c2-9732-cb85392191c6,-11.18168005519833
4e75c50f-21a4-42eb-a621-fecccd78654e,-11.183123621413696
3893f59f-59e4-4d14-9684-d1b5de5bdf7c,-11.180243871029845
d45357f6-0068-4abb-8d4f-4452a182a35c,-11.17281008359532
4bf0fd66-9a00-46ce-8658-213db262b213,-11.18242816467561
4f470a2e-6b30-40dd-949f-ac77367c32c3,-11.179309902811813
c0b4a3dd-a435-41a5-8e7c-ef2f77b1e02e,-11.180640392266884
c472c24a-cfad-4705-9010-300f3e0fb721,-11.180205030953616
c5a4ee85-c9be-46a5-a40d-3069e1789f83,-11.182342074174471
633e24e3-6f7f-4fff-93c2-ef675377095e,-11.179721237083324
0d3c1d5e-28fd-4a46-bf07-ee69ace71e65,-11.184542211162288
109c3f56-3c8a-462d-a6eb-099365bbfe88,-11.168080179570422
9b2f3021-d2b0-4ab5-b3ea-60b6904518b2,-10.390654303703542
36541b16-4924-48f5-bd91-ea2a18d7773c,-11.18230009603767
f36e5729-03d6-4639-8ccd-53ceffa9f728,-11.18020810443434
11184380-e966-4d6f-bc0e-502108fc7f0a,-11.17947493834012
4d5b2629-b644-451e-b447-212ba79a971e,-11.18034489160728
053564b3-a497-43a6-af60-4e0c981689e2,-11.1805911424959
9061859c-ab42-47dd-8741-27f5f48fc595,-11.180980317138545
ddd8f402-9bff-41a4-abcf-87c8e59d5702,-11.181464141760506
0a6cbe9c-ece9-4891-a570-a14ed21cb80d,-11.179977909942636
00c31425-db20-4580-9990-471ac1582206,-11.183495930041843
23c3f240-f840-4b1b-8f7e-1a092f36cc5c,-11.18385447040087
ebdd9fce-fd04-4b02-a5a2-66239b82285e,-11.171330357581295
c36e9111-40b8-4495-a9fa-c6a19351d730,-11.18312701801066
64967ba8-9a35-4103-b0a2-8e29205a33e6,-11.179236469354286
141650cf-70e3-41da-8506-d36a296a8b2b,-11.17921741381571
a6b9dcbe-bf24-4819-ab32-e884e8ea7a3c,-11.17817337590319
bdb5a076-f67e-4d04-bf85-1a0af022660f,-11.188102103283471
b4dfcdc9-6bf3-4054-a38d-97fae5a1a632,-11.181493836892177
e37f5cfc-f8a3-4940-a4ed-d5c7b6882d50,-11.18251833395713
c9a08aed-f5b8-4ca1-9ba2-02fda2a901f0,-11.180909987153738
d804cd53-1418-4601-8005-b9ee193ff185,-11.17965069871316
14e7d390-f8e6-465e-832a-330dc918bf13,-11.183806665680487
f069d255-dc32-4a8a-8dae-1eda6f6552fd,-11.174997714105295
2af9f47a-cf87-4065-b3bf-ac5fc1122f34,-11.181604189365764
5726db7d-76fb-4a74-820e-5add5a0dbee6,-11.181416044208758
03892f33-6a0e-4ebf-b502-419534bb3941,-11.181034700704195
811ecb96-b8ab-4eda-84b4-980ae9c08791,-11.184768793523492
7fd84b57-a6c1-4fa2-bf6f-43ed6737435f,-11.183889075181153
56455909-a01c-4a7f-8780-efc28c1c41fd,-11.181444450022743
edb0844e-54ab-45e6-a6af-20cd64d105d7,-11.190035317809212
b696e38d-3be3-47c7-a1b1-4e564e448c21,-11.17936534870022
4cb41706-7d0b-49b1-9130-3cc2a8102ba6,-11.180902424046495
994735b0-c8e4-494f-b1cc-71c1dd0a354d,-11.18195380948809
08a09bbf-dfc6-45eb-9753-1098af673c31,-11.18458619501569
70b45697-1c0b-4b4d-a478-1c543f43a127,-11.183491571551397
64171ff9-acdf-4ff2-b120-b3e0f9fb3bf5,-11.187526082881645
4ed5d9f5-4c88-4226-aaa7-e79e31aac1f8,-11.182311216227996
19e50e25-6b4d-48cd-a821-2dd42322ece2,-11.178802546263508
0be1fcb0-261d-44f9-8e0a-092b98464886,-11.176606560355086
ef607960-db65-4a2c-9b68-e50865b81345,-11.179441370681204
f510057f-024b-4ef8-ae20-67da718d4fd0,-11.181041944888417
fe01be53-1cf9-48b1-aa7b-8520af2cbc19,-11.182526349749418
ee89407b-32ea-43a4-8451-49ceec262f74,-11.186506435261077
41f9a473-a55f-4af6-a348-01365747089c,-11.18906634328725
21f33107-94bd-4c47-88c0-0d69289e1cc4,-11.183663986724396
7ae1e927-82a2-43a4-8833-c8f9feaecd85,-11.184671118706977
2d776707-1f7c-485b-8f66-06d7e0039c03,-11.184424176404566
74a11a31-1274-47c0-9b9c-8e493902c5a2,-11.189122091938522
e1a4c24e-86e5-4ac5-b97f-7b5f3cdaa43a,-11.18336083140908
ed199d03-3d4b-474f-a8e5-d6880a751bfe,-11.181834805676532
1cb4e95d-4eb4-4c4b-94e8-76bc77eae763,-11.182060709257286
af7cc806-d316-4968-8f38-d17065cc254b,-11.183680934175172
4be62c2c-cc76-4620-a005-7bf91218bc10,-11.177794589947784
77b16c71-4fb3-4c05-9f8a-c417f7a71b68,-11.185957736490815
9b15b338-d130-4890-b4c1-4acc90086b1d,-11.18116971108812
72460d45-ea61-4cc1-b0b4-54fe71bfa29f,-11.180795465190062
7f6a14f5-fdf5-4e31-8f70-b9f24e30c6b0,-11.17909136585196
ed5269f6-b051-43fd-8775-476386390c97,-11.175782088261048
a1605c1c-fa5a-43b4-be07-7990eade10ef,-11.180711177297315
03f6c8d1-5831-4811-8f64-6e2206af19a0,-11.183273963030825
71353722-376f-437f-8b6f-f8161d58e411,-11.175998945673872
dd274814-7763-49f4-aead-fd7d760e08ef,-11.180574332510016
973056e6-e482-45b6-aefc-5eb5815fb34d,-11.181354871423029
756a1471-f942-49a1-9fd9-81125a2bccc4,-11.184658505678694
22caf6b5-ea4f-44cd-a176-2301b585627d,-11.178229922057556
642ab6ae-6e41-415a-bb77-cfad621b561c,-11.179291325266451
f7409d26-4215-4513-b6c6-d064b61cfddc,-11.178267843933147
a6c8b32d-1068-4c71-a43d-746a0aebbddd,-11.182401959890734
0a0cc57d-59c9-46c9-bcb3-06b5358e823a,-11.17104777240844
c4f9f90d-6d95-4956-9794-89523acfdb82,-11.18237335946996
806a5e87-5db4-40d2-8a74-b51442b87c19,-11.184024966124642
3b00d3d2-2151-4369-b976-52b1953f5fb7,-11.178590403537749
3fa6c4aa-99f0-4f68-92a1-88ec60cedfd5,-11.183751783427518
3dbaf1c5-643c-4cfd-9f26-5efbf182e736,-11.182148966024346
75c7e64d-143a-40bd-81af-ca9f6e027230,-11.178656899796753
22f6393a-2a22-4e56-9189-f40f7c97a064,-11.176296062630035
da676c72-403e-4f96-b0fb-66bef3e969ea,-11.18383573749809
792cf4d8-de7d-4c87-9833-b87cdb246e2e,-11.182430226561111
c36e50be-c5aa-443e-95fa-67e690a12f90,-11.176973272591054
f11d1cea-c7c6-4089-9c47-35c3cd2a1d9c,-11.179281622054573
55350577-1144-4450-9b2f-e686e7eb38a2,-11.180981459535232
838c02f5-2b7a-43ef-96bc-616609f65d01,-11.178990708701876
a9468fb0-f307-4f21-8e88-40de6046ac86,-11.17837206422871
fa9e1285-0397-412f-afc3-8f4f88d17ca6,-11.178257702737907
f6703b6c-0341-40f4-88de-d51000612ff1,-11.183297556898584
34d23ff5-0953-403f-8e80-4ea7c1dfe8e2,-11.180886590088722
f69473ee-5ff8-44ca-8057-448321f78529,-11.179305402252258
f27b9977-1989-407f-8efc-2b4cc7d7eda2,-11.182256681869854
c49d5e71-b33f-419b-8ea4-06023c08ec86,-11.183758985103427
9a7bd5fd-ec6e-474e-95af-fa420aee6384,-11.181277706623476
b38cedd4-b0a0-4499-b8da-cc92f8696ebb,-11.17994193640517
59c6bc15-518f-45e2-816f-e57088e000e3,-11.177839861338292
0e60c011-a9b7-47be-95f4-4473a86de8b7,-11.182443744336382
70221432-3cad-4f3d-b7a8-fccb01ff3d9f,-11.185700461639245
ac82d5db-29fa-4406-abdb-947ad34a20f9,-11.182024837688536
8fb28b9b-865b-42d5-8f79-cce851994be8,-11.177507381264142
329836e8-1458-42eb-9530-4550a00d3054,-11.17568922806859
c50f77fc-1c76-40b7-adb1-ba1a643d111f,-11.185203123489334
5bc3b815-ca71-416c-9b68-fb05d0ae9c9a,-11.181137424938402
317ed89e-2f8d-4d5f-b9b4-3f0b96c24127,-11.181726033920825
038e92fb-f2ab-4388-bc37-e91f1f9f61b6,-11.185501246626382
b3e1dee3-5282-4218-a7a6-5484b78a0235,-11.18469739852821
a3355a34-252c-485f-81fd-63af28dbe562,-11.187746354527468
a4d5230d-4680-40a3-a812-348a192464cd,-11.18196699212817
d776cdd0-3864-4d63-8161-07771fce122a,-11.181810740431596
a0670211-9ea3-4926-92dd-4dcaf96621c6,-11.184873076454547
ce350e0c-e617-4bb0-a40b-0431b45fde56,-11.18088114103558
80c4ed57-23f0-41ec-8ddc-66b9818e9050,-11.180703259740223
89fd522a-ae2d-42ff-b373-d7b71ed46bfe,-11.186174172001484
cdd1fe4d-79f7-4ec9-8a6a-0962a6268c58,-11.181276979489777
c5f4bdc0-d977-4f3e-853f-f52df9b520eb,-11.177157241880778
cc81ba6e-46c7-4b4d-b9f9-769eac445c15,-11.182968624528066
99789c0c-1de0-4ab1-bc4c-95322caed694,-11.173963786422124
f2792861-ca7b-4c0b-a4d9-d9e0eda4891f,-11.175510544298724
fafed63f-1376-459f-93c6-440050ebe7e9,-11.179578529683312
d5770fc5-2135-488e-b81e-9dc5afce8426,-11.180872889082824
69fab098-cdbf-4c2b-83cd-b71208d8a4b9,-11.187862504134609
00a53562-4d08-4274-90fe-b05fb405d751,-11.180311137830149
b5919a87-44a4-434a-88f7-087c6156338d,-11.18524237979706
00cc31e3-58e8-4cfa-bef4-66d2e730d290,-11.177199438414869
ff1422be-157a-4e4a-a1cf-d2e8650f5501,-11.18209761806806
e006fe3a-15ea-4e20-9128-e1d7cf699890,-11.182816795639296
db837e56-5b92-4128-9196-331b9dd9b7a6,-11.181923802082826
3618d701-d341-4e15-99b3-0eedae04b626,-11.18095036081181
920119dc-b02c-46f5-9220-011c3261bce0,-11.180699682348122
d600cec4-3488-4486-9438-bf239bbbfb19,-11.176409006052753
79519a11-0be8-4e32-9eea-f91a77ab9342,-11.186127187884823
f7218b56-34f4-4584-9d42-9d8a2297b7ef,-11.184235377502578
a4346204-3712-4d30-a0e6-5a6fd4dffff1,-11.186096508502064
5c4158ad-03e1-4832-99a0-0fee51c791ef,-11.183622899456983
27d24d9a-34f9-4c04-80de-02c5bb14c932,-11.186821031073716
08bb8d75-d51b-45a3-a556-b10bf48a97a4,-11.184913462748376
f83a98d3-3e30-4c97-8944-f7b453958a18,-11.185535418143465
7540aef7-762c-4c7d-b07c-1cd70a86a0dc,-11.18205109488931
688c1eba-8e1d-4c20-9787-0b24f2a703f2,-11.181945700752028
7d65874d-b6e0-4901-8f44-b1c779dfedc8,-11.180247042445275
36b3e885-1012-4367-b91b-bd3e23ac8a52,-11.183312197564687
f488534f-5823-4fe7-9a21-3798f85f34fb,-11.183753974578565
f96731c4-8853-4999-8c21-393b16d7b837,-11.18271248359178
ae65d4ad-31a3-4044-a9b0-a614457f8e85,-11.1787242921299
3e84ff1c-75f3-4cb1-9672-1a0265330803,-11.180972402955012
ea7bdef1-4b12-466f-bd79-c1b20473b42a,-11.179752082039904
cd285e27-ecf6-4b54-9748-84e52174bc84,-11.17828257119866
ed8a2517-897a-4157-bce4-76211ba3e6fa,-11.18114048301748
be6b2134-4f1e-4dde-849c-f0191ad8c86a,-11.18290087158353
52657d95-f4c3-4d5b-bc04-8f9576b0c55f,-11.18469254361668
739e7cc9-86b0-4e18-a22e-33d716c0e7da,-11.184988843917717
2192e185-3aff-4726-8dac-ef4729f20986,-11.18638115913577
7d776b3d-5d67-44c6-92af-80ed3585e672,-11.183611380568632
4c70f7da-e4ad-4bf0-8d98-0d407f4d0391,-11.185302109542176
7b933192-db44-4bb3-bb13-d72bc8474e76,-11.176570698036183
9b54a681-319f-43a0-a95e-ec8009dbd4b5,-11.179003016812825
070a737b-df3d-48a0-9d57-56fdcd857e3f,-11.184767658405956
ae1fcf4d-89bb-447d-8a36-07438a8f5720,-11.185510978653534
9ea7ff98-94ff-4cf1-a167-f507513c6abc,-11.178216118798623
93562308-c635-41ac-902e-8ba58c97ad28,-11.181383230936232
ad780c2d-f63a-4ec1-a154-dca9c71e2a53,-11.183605928096757
9bd2fe5d-8305-4055-b97a-9444a33abb28,-11.183769449719858
b761b64d-16f3-407c-b684-417729b22c0c,-11.180541549053096
6e25fe78-ab40-4531-b0c8-5e2733553db7,-11.177869507745552
2fc7b2fc-be1f-48e3-b6fa-56809c2627ef,-11.189123000961466
c0e4ef7c-165d-4ee4-95c8-a791b28b448a,-11.176702783602437
499cdf85-e4ed-453e-b096-37f0a0f7ea16,-11.186618365213915
20576190-b4ac-4bd5-93d5-e2e1331f7cda,-11.184759266789095
51788bed-b384-4c65-8999-9959fd6e30cd,-11.181429169343822
9c9ee320-daa7-4435-b53f-251c751348f3,-11.175264827371253
cec0b676-4461-42b2-8134-afc64ec072ac,-11.177063961125272
85b6349d-4858-4f38-9a1b-71859d209239,-11.18289481801632
562a273a-59ce-4fa7-aff8-c987e11eabcb,-11.175606409517204
93df208d-fefa-419d-bc44-922c1146b804,-11.189229558301346
51f4a8a7-d116-4b7a-be40-980c772ba1f9,-11.179722919095685
3682786c-1aaf-4e46-a4a9-c943d8339f03,-11.181992705789463
b6b9d152-e6eb-4476-b1ff-2948d1e14bde,-11.187008335004894
cfca9b37-33c7-43b9-a090-0a6f1d9653ee,-11.18842239532134
16366752-8040-492e-813d-093c41bb7c3d,-11.1814784493137
a0f7c54f-5048-484e-8d9f-3745c8886002,-11.187024112010588
a4a56024-4c6d-403a-b504-acb910466b50,-11.186056857780532
ab861a0a-f875-499c-8c91-327aa87116ce,-11.168652122961106
0c5096fa-ca2e-4197-bb9c-2d7dfd84614a,-10.384673757936469
d3e8a073-8c36-464a-9e8e-d6fd925b0edd,-11.188706448689931
2a6e6bed-6fec-43a4-a358-1ba39a8b8d7a,-11.18259823317073
2e3aed29-ce5c-4690-8e49-50533fe3de8b,-11.179422053766672
9ba48d13-0381-4fab-8ed8-b455945afa4c,-11.185638986688629
0961c61f-4b8d-4d2b-acea-8c0332bfd94b,-11.178222349122835
e5720a0f-53c9-4d29-880d-8fe527ea6455,-11.180075588955145
2fac87e4-3228-472d-aaeb-07f0a9afe0fa,-11.183783584991597
e4561539-b7a8-4b65-81a8-d543661589ef,-11.17995160697996
d1c31234-dec4-4714-a12a-bb2eae25573e,-11.18572127178173
c2ce5a21-9be8-497a-8bdb-4e1a3492a3a0,-11.185088497269511
4656f42f-b68d-4f95-beb7-70363113ba61,-11.176807372105184
308a597b-b8fa-46a0-8489-42173f80bf2e,-11.182307594730624
1233b769-afde-4b0a-9fd4-df3e2c638d1a,-11.18265742133405
fef00928-7011-4697-986f-07d9cd79df90,-11.18398861177386
1623e645-afdc-4e4d-8b62-330729098308,-11.187004045888566
8735f697-9de8-485a-9c81-60cc5b4c2773,-11.184910864863856
cf337f58-4157-4e62-99dd-b3fd0a69136e,-11.174272335742833
2bf2f275-2b55-46cf-b9ae-ae33eec2e613,-11.18126415093226
a1dc1e18-ab8c-4ac0-b056-f9f8a969bc76,-11.184012603675846
3680119e-e3f7-4fe1-90ad-2bc665e27a80,-11.175267323000348
18461ef6-d41a-4a8d-9345-b958bebca9fd,-11.185310659737622
79ea2f02-44b0-4035-8a4c-1d45972ddeaf,-11.1825116870183
d0d6e9e0-4904-4bf8-832e-ce5a3c6b4f8b,-11.17517640737394
49128263-cab9-486e-bd5e-c0e29720db00,-11.180923815451491
42666950-f36d-465f-b724-ee009c60fce3,-11.187170898014235
01a81201-893f-4d5f-9ad8-3591b6ee6ce5,-11.18654532855406
d591cc9e-0e42-4f9a-8943-942bba14071b,-11.189260069585432
ce3dabe8-05d2-41b0-9dd9-01c2c767ffe3,-11.18361196256332
352f40e7-61b6-4a41-8e43-a84e1e553cae,-11.180024832163031
ef5c9917-3cbc-4263-b382-1c8cd9e7a69e,-11.185102846141747
e3489079-a853-40aa-9fa8-4875406ab0c2,-11.186637703568696
6a4bca81-ded9-4d91-a4a2-fe19108eeca7,-11.186924524069248
24f34a69-426c-43a8-9c4a-c4dcb738189d,-11.184026992890727
d5910d23-1a95-4351-b5f4-bddaae3eced3,-11.182073601603324
65e7f661-218d-432b-a787-7e9378f5c973,-11.180641781180098
e17e6caf-5c50-43c5-9fa4-7faaa135a890,-11.184245086122305
6d5f63fb-fc02-43d8-a358-8547292d5e41,-11.180989493924216
ae68b287-4f74-4105-a1e9-09c3734ed176,-11.184818464769938
ebe27657-2ab8-49f0-bb42-68da5e30db1b,-11.186269193094342
32e851db-bb96-4abd-9926-b4ba1772a733,-11.183975934161166
81d43a1e-4935-4c0b-b794-f7e34c4f6dfa,-11.173978252326034
ae132706-5e90-44b7-b78b-bab1888cb1d4,-11.182655334947556
27f6dce8-00d5-4139-aa2e-03a0ee663fbc,-11.176845517849747
f7f5d762-205b-4871-b4e6-f719fc884e54,-11.184331267056471
6288f2be-738f-47b5-8903-1ca86758127e,-10.39542667234864
76a7a0da-9b49-4f76-9980-6faae862ac40,-11.180600066209015
65721731-9d27-42c9-874d-fbc3698ed799,-11.179395251171858
54fb89a6-82b4-4ed1-8c78-abf1e6d39da0,-11.180161426408764
48527c4f-722a-4cab-be13-d1902059e046,-11.17771319115926
436f4e9e-d163-4c21-b565-4c261b66f067,-11.186407077575778
0e28344d-f75e-49be-a1e3-67d078459de3,-11.179550854226786
c1ecbefc-a9c4-4a07-9fbb-9ba3bee07ee9,-11.190792937000436
f68ab31e-c9cb-4d30-8051-3443388809b0,-11.173497614738096
4c58bac1-ec92-4e19-99e1-7a0e3568cd55,-11.182121531373197
0287e921-f2a7-4c4f-be3a-0b4d62117be0,-11.17973694523362
fdd2ab38-f353-484b-92d7-c05703018157,-11.18353585308791
bb31c838-68cd-44c5-ba72-db528c593c21,-11.176751805671328
884a3165-b0ae-4273-8588-ac7e2be6c9ca,-11.18246211712685
9140414d-df9b-4e51-ac75-5ab3d130b6c0,-11.18688963342801
dae6b771-ff88-4480-a809-26ce0a44dc62,-11.18737721858754
1a39c553-e624-46b8-956e-deb522bf0817,-11.185652934310792
d3f83fc1-29f7-402d-9d3c-75e1af475f05,-11.176293652772424
21ee6492-10f0-4187-8e33-a3d2479f9de9,-11.17783610243866
b9cc6e54-de2d-411b-815d-953b04218b6c,-11.17918972145256
94c74ac5-c81b-430f-92f7-05afe76157e2,-11.1844122651305
3b9f1223-e989-4bb9-98ae-a8d7b05d21ae,-11.181662463327124
335f312b-440f-4e74-adfe-68077012dec9,-11.177063420286292
6d08168a-5b03-4226-acc6-cd1ac7e10cc5,-11.175350747423948
667c0c5c-0b42-4c9e-a095-0dd17e333b93,-11.176386785919725
03b993ea-be77-4bad-a9db-9b9dabf68612,-11.1829468731491
10b148ba-5726-4ee1-a48d-a607b633888b,-11.18176296927458
30852c95-1171-401a-8949-6353060261e2,-11.188692704465131
f03e3b80-69a4-4210-bc53-056b7cf60e48,-11.182938067534035
3278d0bd-987f-4862-9dfe-e2648ea6128e,-11.183963548920952
b42ccc22-e5d4-4a9f-9653-14ea221a05c0,-11.18376425572428
10be07ab-ecc7-4aed-b2a6-a6511ca4f20d,-11.184315802531072
e4bb2f76-0a04-4912-a303-0f5b38b8d742,-11.180891053690427
38c9b92d-2e05-401d-9687-94ee03112f8a,-11.1767808454822
5ea00a54-3a76-4c6e-b104-be68348ffd5f,-11.18622382363128
56f9e5e0-1e9d-400d-a562-30afc2955a59,-11.17917521139506
2fdaac81-c540-4731-95d7-9d9541f95d27,-11.182541189098911
d345c3c6-e798-4ceb-a982-15725ab6b688,-11.178851083086384
d1ac744f-802d-44eb-930a-e735735bb6ed,-11.1776800982497
006d7fe7-1867-4bc6-ad8f-482e03064457,-11.178278482907398
96c9b0cb-4714-4f96-a9b8-7d6c8e540b0e,-11.17948477261592
0f2f399e-48a5-481e-b60a-162d3bd42809,-11.185003446301012
ac51e6f3-f3fb-451b-9f2d-562dfb5f5ca4,-11.186453856142844
7da729f9-d3e1-4eb7-9e66-dc026340cd6d,-11.188793755057016
1dc3c46e-d6a1-4d3f-a2e4-abc40b4945ab,-11.175962122807997
d0489f67-fd7d-43a8-8472-7cbfe9d3e43c,-11.186775210791676
2e00b21f-2ce6-4a1c-bb13-8bb20e67412d,-11.185569625900696
126bb289-d25b-4774-ac5e-4590ea785e14,-11.18306256914348
c5c4fa00-cf06-4670-994e-611fa67e68aa,-11.184295567414622
7dde92f6-a1db-44eb-b950-1955881f58a9,-11.18180801552972
3d74e258-e069-440e-8653-88be595c1244,-11.182693118522536
329fa25a-5b39-4513-bcdc-e171c2ae3a0f,-11.176845437000072
39c409c5-b1a4-44e7-b096-4c2d37cf2f9a,-11.189641468415967
5cc19a20-09ac-4494-a977-5d2e90dd43c0,-11.179889183440208
68af2f53-b10c-473f-98ae-8ed461214db4,-11.17276188014662
1e618127-e66e-4412-a66b-ea4dea7dff96,-11.183003933422995
5a5fed99-a5d5-41f6-ae88-fc97b5ff4a12,-11.176900532656664
96f3a02d-a0f8-4f6a-8d06-49482875aed2,-11.17759712571251
9a1720e8-8423-43e4-882d-10dbba60bb11,-11.17762909403516
8c6de66a-ce08-4a50-ba21-460430b80994,-11.174784394862218
ebdfca6e-a57d-428b-a94f-690704001e4e,-11.186102255131154
1fba10ec-546c-4830-b5f9-4ce3b89e5c88,-10.38106258667789
13306d13-b05d-4352-a7ee-eb4a99a272ea,-11.189450897539675
68feb82d-7517-46ee-874b-955120105ee0,-11.184406326868812
afad0ce4-936a-492c-81fd-f579d64cff96,-11.181290276053389
50ae0ad7-1cb9-49ac-aa50-90af8a4b60ba,-11.183194847838976
1aa3ac3d-3933-4cef-9662-e7edb7c94403,-11.178255352867682
9eeef542-afc3-435c-8947-52b4e004252e,-11.178973510152218
05fb4095-95f0-4e16-b146-bd45c02358d0,-11.18082244861095
4c81cd02-61b7-4576-b7c1-d0ff33b5a9bd,-11.187679059507406
8b577073-6380-486a-a389-8a08dd04d58a,-11.174577224061045
54060d24-ec6e-49e8-b76a-42c6721f4d26,-11.181273929607404
51bf6a5f-a2fa-4603-9541-f5f92e2c8d3a,-11.179325332098225
f8dfd1be-4a0f-4b3c-81e7-6f1756f9e1a8,-11.178264005947838
60a713a1-7350-45b3-bdff-fa39c59f0104,-11.179071001865829
5d74409a-fb38-4d4e-a489-f0ccc123702b,-11.178733868906368
5d026849-1ee0-4cdc-b5b4-d466a4248bcb,-11.181816084427384
9df1f725-70ee-4c21-bb13-e90a358ad7c4,-11.187989087812763
1191a0e7-d41c-4e73-8385-2892a32213c8,-11.179030044861248
86fc20e4-5884-4364-920b-34c6962d5d6d,-11.177147916376974
aca7c014-bf5b-447b-b469-4980ff403e96,-11.186240166609611
37282d8d-49c6-4d9b-833d-aa7e68efa420,-11.180079255833189
e626a2ed-f2c0-48a2-8d9e-ac53ab56e5fc,-11.128086655579343
afd4414a-91c1-4171-9256-8adf89a44d04,-11.184570038783368
0d720037-7cc1-40f5-b7ee-61085004cb64,-11.18638205394056
4a714685-d9d9-43a8-a720-21bf53a36a42,-11.183278866514833
b2393e8d-b4bb-4454-a4c9-f73b44ac0833,-11.180727090868483
2967562b-54dd-4071-a5d2-2b5cfe35ac64,-11.178674850015106
090b6cb8-9870-4c3e-bc84-8d61984e82ec,-11.183383178012251
3d5fd214-a323-4c8a-a7ae-40393386bcc0,-11.181098120218769
f6963855-b276-4052-b23b-472c1a77370b,-11.173864876840804
a2353e76-0183-4200-8f6b-3d26245a20d0,-11.174694456279637
b5032049-6ad5-47f0-9be9-1ff47a220622,-11.183490670792365
5f4d1653-ebe2-485d-9dc5-20726812927a,-11.17827648163012
f44b100c-0f2b-4e10-9e06-48ba342e3a7e,-11.166268635655024
c11dd4de-f8a6-47b6-a0bd-544db82fdf57,-11.178260200149367
4477b699-29dc-469f-8596-ffc666424b97,-11.177310763778248
79b4cd06-003f-44e2-a86e-730879e31b09,-11.176530378421136
4263f1dc-0702-4ced-abc9-a70cb7bd41cb,-11.184178004158436
928e1de4-592a-4800-b5d5-93beb8282313,-11.181717581909837
70a8ea43-e5d1-43d8-9a08-98e4508acfe3,-11.178971624171576
6d400661-08b2-459a-a4d8-d10c0c93bae0,-11.184108622107436
74f0a64c-f60a-48bc-9b65-83bc89e3bd1f,-11.183178283203135
d712e201-b1a6-4370-846b-f017502bfeb5,-11.180168257650331
361255d5-853a-496f-9dfc-c0b150277253,-11.179893799236606
c36e6695-1ac0-44b7-aff5-6ed3b31548ba,-11.178105878456572
7d041501-a3b2-496b-bd96-e2b01bf0b33a,-11.18143138269632
6c56f5cc-96af-4d08-9e5d-f5523b8466b5,-11.180955116449589
3bcdb5cf-8fbd-4c3a-a2e1-fd65c1728dee,-11.186372420622522
371b91f8-aa8f-41f6-b61d-8366c3f0a8d6,-11.181775258406685
e09e19ce-eb67-495b-b495-76377a956146,-11.177458074544251
2d12b3a6-b520-46a2-874a-6ef545f0ee88,-11.17480033915708
afa5bb5c-e893-429b-a499-98986ae697ec,-11.17293683856141
6e1033bf-c342-43c9-adab-0c4b463aeb63,-11.186265729522631
1ff705bf-6cf5-423e-881d-03b9132969b9,-11.17821172363063
f5bb88b6-52f1-4d3c-8433-ad959e6e9db6,-11.181165018436706
19d26e55-0f9b-4d78-8e60-089e69d6b24e,-11.184049637505993
85a7029f-849f-40b6-9a3d-265a0efedf57,-11.188440905748058
290562e5-71e0-44dc-8f91-53b0c25715cc,-11.178142188702015
8b2d701f-19fd-45c9-835a-ca9204152f26,-11.182348687755889
b2fb5e29-818d-4ac2-b028-64b0e2a6b6aa,-11.181863231032157
d8ff46c9-cbbd-4600-89dc-b18d1745d8b6,-11.176102720840213
229a28be-9e9c-4a5e-8021-49279716c63d,-11.184924460403748
854c4c5e-b07e-45a7-a110-6c42fceedeb2,-11.185656863955812
1893bcdf-909b-42d7-8372-aef62189d446,-11.175349209189532
ab89c15a-693a-42c1-955a-11d9067734c2,-11.171661459260353
c075be81-8d29-4dab-b62a-7f507d1b5e83,-11.179875482256502
367bf81f-cc07-4958-9790-3db37675405c,-11.187373603213151
6ca5a662-b9f2-462e-a30e-7ed8d4da4ffc,-11.180887203570164
a196e638-f21c-428b-a9eb-c6b9061b11da,-11.18283145225512
da982f6d-a78a-4b30-bed0-3211634320cc,-11.18254595803909
45befb55-0c01-44c3-81e3-f3346e76ab49,-11.181995817524683
08f76633-3fc4-49c4-ba31-6ff35cee29a1,-11.168652122961106
87332a5c-7326-4217-8c00-b63b53120ccf,-11.185599309033584
ec28361f-86ea-4a9e-9273-472dc53d3c39,-11.18009905617212
b12f4b20-fe90-44da-bf50-634f1228f657,-11.173210626682447
7de8a964-256e-4834-baec-875116b4e4e0,-11.183858066847169
bccfff53-8684-4f41-bb9a-288d6aa1fe94,-11.179552444444022
b558aae5-1961-4e21-8ca8-4f468cc4fca1,-11.182510168414831
5cf5c9de-0394-469f-8723-b69d1355e5f3,-11.182294782220708
9cba322f-02c2-42b5-9ab7-dab3872ab54e,-11.182614368319328
c83b670b-d8bf-47fa-a1ae-4e2b5e9c6f8c,-11.176408595627729
18ba05e7-a1c6-48f6-88db-ce10a936c79e,-11.177090339168556
9ead7291-1ca1-41cb-b2ea-00ad1e1297e5,-11.18371053671456
cc5f575e-2032-497c-abca-dc3121fe0272,-11.184803939476442
372d93e9-1db2-4ac1-b3e3-7c97ec3a5b34,-11.177011692070332
2e91febe-033d-4a14-b6e1-c0fbc0ab5d9c,-11.178359486090148
1dedeccc-f98c-42fb-91da-98011b0af58d,-11.178346333020253
393f3bb1-1304-40bc-a0ee-dc814ef4013e,-11.184069956478526
fe234d18-496b-4d2a-9b1e-5d76b343a04f,-11.17531612668095
11a0f929-0fe6-4b80-8a33-679df7b8cdb5,-11.178916521285892
95b1e5bf-2eaf-45a2-a013-55c04f190c3a,-11.180911179971629
24a5bc8e-be65-4b98-99b9-1fbc4529bb54,-11.180266943872034
08702f0f-fd9f-4ea2-8d64-9d4d8502cae7,-11.176099872065851
b16bfa3d-4844-4bd9-88a6-d9f9625fb0ad,-11.175705772717626
ed8004fe-04bf-4367-993f-d55fb89e589d,-11.178690980100194
a48898ba-8f1e-474b-9baa-0633e14dcba9,-11.175605700198258
210f901a-8144-4547-8eb6-4a19f0a94aa8,-11.181281132457212
3ddf741a-2f12-4423-bfb9-f9053eed566f,-11.186722506531838
03e766f8-b84a-4852-88b9-b352feb612aa,-11.180358292291151
c094044b-85ec-4996-a271-8e07dba12f5c,-11.18126149948976
93e0db4e-83f9-43e3-a14d-0a034d954f07,-11.177629853085104
5e8cce53-8682-486a-a113-683cfc1e0c1b,-11.182098202539876
c60084b7-fb28-4d88-9453-eb56d828d2e2,-11.185214625920787
c41ce802-2d56-4a58-9098-d531a13bfb60,-11.178689835742809
df4c788d-6d04-4ebf-8ee5-53e42efdc3cf,-11.177298966292636
7fe040e5-f2eb-454c-9303-03ea126290bd,-11.18240643329563
9178e388-c6d1-4130-b936-d7ac63d14715,-11.183488657731528
1cb1f0a3-86b4-453c-a0db-2f9db88093d8,-11.17951723249478
0d5cec9e-8965-4ff5-923b-ce559875f7a3,-11.183433582898529
cf7bc593-2950-4428-93e7-fc8c66955523,-11.17801941928773
813938df-cad8-4063-aba0-3d5ee38f6a49,-11.17820216859264
a01e4aa5-4d04-436b-bd54-312d9331d81d,-11.177694500673228
001151e8-8802-4d51-ad6a-f92250e04a7d,-11.185919896960636
e0152e13-5765-4392-b213-df79b78cad5b,-11.184293679389238
97a4ca08-60ab-408f-b676-b78aec1ca776,-11.18352662029885
d53cfcd1-f111-42eb-ba44-5904ce3e00b9,-11.1784954748171
450dc191-dc26-4953-81aa-f84add401443,-11.173831688045274
a4c06096-dc9c-4cd9-b21d-74f792f1e072,-10.38536740409406
c415f2b7-f8b5-4f65-810d-e3b3854bac7a,-11.178557961332414
4b3a2189-2676-42aa-941c-964486b0dc99,-11.182061371061009
12ef00a2-4c75-4da0-92df-f88ff0c5942e,-11.179786460570131
f1eb46b2-9a1e-4455-af48-c76c44cf86dc,-11.17351045705339
8719a49c-3cee-438e-8615-f749edad5c1d,-11.1769818697288
2bf77362-de56-4d89-bc34-361150b99d3f,-11.18143823903378
68dfd9e2-ac69-4d74-9092-4d63790f7111,-11.174467666449058
f3648b84-8a9d-4459-9e02-e992d06793d6,-11.187899400242928
482db79e-0746-4505-846d-a2c7bc58946d,-11.185852273872989
2cf59086-ab44-4468-b730-4c2d66a445dc,-11.184574153623135
d2fd9e71-3a54-4c6e-9c4a-71219152b656,-11.185827483018322
44d87abf-e9d9-4f68-abc7-541114b78065,-11.179196528404567
cbdf4f79-52b5-44e3-809b-2e0cb27b0df1,-11.188781695342
5b57016a-059f-40f8-8b64-167ce169af67,-11.182445681721752
302cf466-e85d-4cbb-b36e-79521f2d68ab,-11.182623878123357
d29324a7-2753-44d5-ba0d-b5acb4f148c8,-11.17582561508524
d6554153-1fd0-44dc-abd6-ce88ca5c5408,-11.178815961905473
fc13c966-1621-4f25-a6ad-a502a8f4017b,-11.178215934054824
080e5c28-ba8e-4fd8-8af5-b78a98514dba,-11.173847743951818
78e2584d-3595-4995-8966-6b6cba4ad4a7,-11.177253257005631
d4c640c9-f0b3-47eb-a8fa-e03765bb066f,-11.18459449277684
9ec4b6dc-6522-4d81-a8f8-94e609ab004a,-11.182039121857065
619042d6-03e0-47e7-a28b-a6c6e5ff30dc,-11.183930104820409
10c5e092-84bd-4274-b0a7-f1c37c2f857f,-11.177796934860986
e0cd17ac-7281-4288-a551-d655a2b44cb5,-11.183933958813885
182d3731-43a8-465b-b327-050b3ba62e2f,-11.186838721571656
51ef320e-400a-4c8c-a7c7-0b075beb3163,-11.186063478410036
3ae4f8f5-21a5-4691-99ba-b6831579b19c,-11.182802281195512
1cca733f-2292-40f8-a5b4-3d60524c0275,-11.177066983844153
7463570f-47ab-4b11-b417-aa6af5add870,-11.1783334565921
2c8a2115-99a9-4fbb-aa28-54c8e0ca01db,-11.179705407412484
de93c9c5-c9ae-4565-9f1a-52822df7d78e,-11.184466578240343
92d4c3aa-f7e4-419c-a372-356de34fccb6,-11.178539815558524
e618a11e-5856-43d9-b4f4-744e9d889a86,-11.182958436677584
e18aeb04-f515-4be8-a718-00f45e53dd2b,-11.180988839156834
0e4bc328-b5cd-4710-b13f-ded980effb32,-11.181178617990003
a0cff68d-d253-4e2c-803f-a453c075462a,-11.174796131118615
271757b8-e0f6-4e2c-ab0c-29cc3baec9ec,-11.182733276331469
e1a7cf90-f4ae-4207-9ba2-55e2c66bb044,-11.188947715505154
a69a32d8-3372-44ed-b720-b5bcea4caeb6,-11.177723727449498
1ef3db42-9fc6-4346-af81-88fb837157c2,-11.18386661197118
612e9cbf-1f3a-486e-9665-b59d8c09033f,-11.18291864073217
c553d36e-37c8-4bcf-9029-417e97573a77,-11.18105112302576
57095767-6555-40c7-bd3a-0107d2b1f6a9,-11.17996106225799
ceea8a5f-ec1b-4308-9304-0fb1e5582e4e,-11.1832096862326
11c4dddb-02a4-48d3-926d-ab80c4d9c9cd,-11.181474429021993
4682402c-2e54-43fd-853a-9d5a3a5099fc,-11.174878415184873
0154520c-6381-49a9-9216-cade21da6ea6,-11.183260609946997
18050747-554b-4c13-9e4b-d74217c7f886,-11.177738042657566
36fb8778-104b-49ee-8881-feaf124f487b,-11.183711736690324
5610efa6-4302-48dd-9bac-1315664bdfc4,-11.185659925719404
014087c1-d7c5-4a3c-9047-ff510643d69b,-11.186892199648804
d63209da-9b33-4767-b971-a58cd2d769d1,-11.183497611472529
f242243c-a2ee-4356-aeb4-5d55f977a5ab,-11.178592896204648
2f10f501-ee21-418f-83b6-7c4698f148e5,-11.184289777012228
9a13a6a0-0f15-4b24-b7e8-73330e6d43a4,-11.1831764045809
8a9793c5-b105-4b26-9ab5-e3b0077c012c,-11.185315352255886
3948a430-fe21-4b7e-a687-dbca2c774c9a,-11.17609405233942
ec7520d3-c9b4-4b45-95fb-8997bd7cac48,-11.18055606013502
994e7a14-b4e8-48fd-84cb-d7b43a8a4fbe,-11.17617592923044
85bc77c0-06b0-4de5-8399-bc58e421d206,-11.186426040265244
18b6bfb9-89fb-4a1e-8dde-e4cd853567d9,-11.180547517958855
479cd983-63ff-4904-8047-e7f0b9e4b786,-11.180114710103892
dd04fa64-3224-4fab-be6f-68c4ce3f5663,-11.187997251506596
a6e50812-be2a-4405-af6c-02ffab5e02a8,-11.180686545848724
ede5bc20-8535-4f4e-9aa2-4808318525c7,-11.179168411973214
cbe593ce-f6f5-492e-8eeb-438012d90e2c,-11.184300420113493
d7ad2529-0ad5-49b1-ae35-111ea313d0e3,-11.185726056691728
78ed95ad-8f14-44f6-afbb-08aa2a1a8390,-11.184457837273245
6f1166b7-38c5-4b5d-b052-8976ccb53abc,-11.182296747955956
d41d9405-dce3-4d66-8e38-aa023db6108f,-11.178011934553172
ef1c37e8-bcab-4661-98de-95226b6b146f,-11.18349223210798
831b442d-c765-446a-875f-b7761d5cc923,-11.180502197344062
a8397d3a-c4fc-4547-9f55-5cb69f2d0fbd,-11.181091033396193
fcdea5ec-66ac-4048-aa6b-69ad77692b19,-11.179967400591307
458fe49e-e1b9-4101-9266-6ac43b339c0b,-11.17809671449698
108c6c19-3d5e-423b-bb0e-658361fa9751,-11.174219995162598
875a0cd7-313b-429a-aaef-69a8e9e3ee07,-11.184829059297993
31a47041-d547-45bc-8892-01fd3f852de1,-11.176819097242785
32699c14-611e-4a58-ac6f-f7afbc6f4114,-11.183553542960844
5be0caf2-3698-4d8c-8cdd-4dcdbfd09fcc,-11.182107309282088
9ed3b87f-01d9-4e98-9a05-3c1b0108be3b,-11.181676492018711
73ab7efe-9d77-49ff-8db3-84863c42d1fb,-11.18370779064204
c9b97030-85dd-41c7-94b0-5046aad6a046,-11.176218721949285
dc1ed871-dfb5-4f5f-9f3a-eadd3ebe61b3,-11.18114744294984
5085cf68-f32f-4775-857a-d650102353e5,-11.180757697385092
e871ece2-db43-4231-ba82-a623f76f50d7,-11.179312038190028
ceeeb890-4d49-4e9d-8e83-18c009dc0490,-11.181622422364942
d4d53eae-e8f8-4d58-8e85-5a5aac12ef78,-10.388182194510184
b5d86344-e927-4916-b9f2-b969e8e86609,-11.181436298348835
866ffe6b-27c0-4b1c-ac86-15b360be4e30,-11.183112567614376
7072ed4b-b3b8-455a-a1aa-fec7d4b05868,-11.181925948699432
f56c9475-6338-47a4-91a7-d8ccdefbb222,-11.177526541753638
5a9ed7f5-7828-4977-908e-487f0b4a4a2f,-11.177328224930614
aa57b411-afd1-440c-81b3-a4cc3ddedec2,-10.385039734255454
a3d23f94-6d7a-41ec-bccb-5c1cda480709,-11.17771819203913
3f729483-8999-4af3-bb0e-ebcd7df1ac9c,-11.186695967697434
a82b7330-603f-4bf9-9095-046b5b8f1eb5,-11.183885563296602
109e98ff-50f8-4aab-91ac-539ba5662309,-11.181074803193416
a5768a07-a741-46ae-a2e9-5c4acf16a69a,-11.182219673275272
ce2f2fc7-94a8-4945-989b-e3ea16c78ebd,-11.18926511117013
d1a1d058-daea-44bc-9cc1-850d8817a4a6,-11.184868078363667
cbe72791-8cfd-45f9-8af1-1116f78e6c49,-11.17725140425245
616cb929-00c1-472b-a71e-a8bffb1f9497,-11.181272690316902
37cd7bfe-6fca-47a6-82e4-93fc551976e9,-11.18554356916685
e5c21bc3-017c-480c-97a2-cf1ca036a338,-11.186039297503502
c7886b96-8bcd-4f0c-827e-da0671e7be87,-11.175242611200227
a7af0d0d-daf4-4e6e-b36c-e85635363c24,-11.175082989297618
fbeb850c-3d7a-428c-a6a8-ae80a0ce3a5c,-11.18103414532994
e5be93ea-4f30-4f23-953f-d662e110c839,-11.185500785710367
eadf00bd-9ada-4ddc-94d0-2186138184c0,-11.189493811689958
25abd721-b2f0-42ea-a4e4-a677b0060dd1,-11.190957603483684
bcd8c0d3-af9c-4085-9c95-e521926c0096,-11.174797632836135
9bb8c58c-d994-4938-bf9f-cfcb8bf7b9eb,-11.1865534470829
ea264237-4fe1-4228-a112-c249d89981cf,-11.182199906215784
67bfd4d5-5f14-47e7-9dfa-351435b6b577,-11.179396941639958
139b4d9c-bb12-4c41-a7eb-c8c89c8bd6ba,-11.180569316675314
63223b6f-46f5-4855-b912-abf6f93db07f,-11.186738498282692
4304e6fc-44a5-454a-ae37-080bd7b6df42,-11.178988169918664
c969fedd-0eb3-4238-97bd-04f6cf4adb24,-11.182646169846542
7b8da289-959d-4a4d-b249-cdb928ac0c7f,-11.183322193983068
2c77dafc-a1c2-42e7-bbe9-f49bbd77be85,-11.179737398341878
aaece44a-2985-48bb-b4cf-ad7c57050e10,-11.185700064706696
1ef6a7ca-5b26-41be-a5b5-da678748f5f6,-11.176286689650835
489f81d0-65c6-4df7-8457-9306780f46d0,-10.388538368105548
b6d74434-38da-45f8-97c9-beacd5dfe8b5,-11.183800797532475
71b513e0-75cf-4411-b232-3eae9346ecb0,-11.185649590320226
b74ca4c9-023a-4344-a762-f1304ff3b59a,-11.183042214219125
aff2aa94-ce40-41b5-9d43-3e18e1802b68,-11.1860550134491
0c003d99-89ea-4a35-98e8-afd8a8cbb814,-11.172467853875249
90b858fd-bfa0-4044-a625-409359e938e4,-11.179604711452711
a6fda37b-f960-474b-b73f-146019d115e2,-11.18563194224324
bdecbf30-8f63-414b-bdb3-8d5031dacee9,-11.18938143492796
2928f5ef-ed00-4045-8292-36f9b58216be,-11.185288499704065
11a8d905-bbf7-4e55-aa24-2d031f94e7c9,-11.185132665668515
ad5f6d1d-db2a-4c4f-a6aa-54b7dffbf0d3,-11.17843419504998
2112fb88-f1a6-4209-942e-16e09760b80e,-11.184882821225449
3d8be61c-83d8-4843-9016-8cc62f79fe8d,-11.18376219975141
af034fc1-ea04-4d59-acd3-7be2ae131cff,-11.180267864929736
5c4751dd-b304-41f4-99a1-421780792d6a,-11.183505274571385
e4a59518-d4c9-4bfe-9614-a42e2117ae42,-11.1763316431731
8cc4f974-8d10-4971-b903-4ab77a704e7c,-11.18594052547988
db6abdfe-6d79-43c1-ae9d-740bcda6a006,-11.1827994079453
9121cfda-6f82-4f28-817e-d92044747f9a,-11.180902864372367
b7690d37-c77e-4fcf-a907-c5cdd569a92e,-11.191924118891588
e719bf04-58f9-4236-a910-53e04dc746d2,-11.169419653273792
25758a95-d6de-49ee-937d-49d6bece4a44,-11.176407879901914
a02842f7-228e-483d-a18d-5fae806de66d,-11.17956795620436
7f283e29-c247-4e12-b5c4-edf43a2208cf,-11.178156385101724
53641f3a-fe07-4e21-8134-ee2b70f88130,-11.183442218438554
325a9cd4-ddf6-4856-bd15-1c0318ab4d97,-11.18518699325171
8fa1f9c1-2073-43ef-af0e-48d388d196df,-11.179717461810434
16ed12b7-92bf-40e2-899e-dff9909b10c5,-11.178772748456804
8306e500-7a43-447f-83c3-1b8452a03bfa,-11.182769567130366
3ed36eca-5746-4dfd-801f-d924385ce991,-11.178789241655055
6db54b4b-438c-4bb9-bf27-b0cddc71161f,-11.190138189542209
c499892f-2e54-4cd1-9446-def135536013,-11.177625369442088
97788cf9-57b2-42f6-86a2-2623a48f582d,-11.180948031845364
36251e18-e844-4482-9d20-33db962e516f,-11.179834561522476
2f8bb273-0265-431d-b4be-b5b27490d684,-11.184139135981264
5a6eef71-b812-492d-8d45-bd523188d86a,-11.183367639604588
83552534-9d32-433f-a872-d709e4ce3c88,-11.16302713970892
cacd83fa-4d79-4c53-aa25-65d47c0047a3,-11.178730495670791
07aef7e3-dc11-444b-9867-a01882ee722d,-11.185191210884192
9113d5bf-5453-44de-b2bc-c9cc34b209f2,-11.181821373985212
9f36dc44-a3d1-4fa3-ae7c-6b312cf2f69e,-11.192670127441913
69c7692a-4fc1-40f6-8814-f8fbe0649339,-11.184426276186937
1cda7808-9133-4c8e-8313-5f0eb65baa28,-11.184917649410906
690fd557-3557-4572-93f7-c770a26b125d,-11.179053918610729
4ec96038-fbf7-4398-8330-99d15cf78ec1,-11.18586219761244
936a427c-a373-45bd-bd6a-fef6087f70f2,-11.178420587696538
3e8635b9-8c58-4fb1-bb41-1146d85c668f,-11.183884970332269
a0f52e14-2e77-48d0-92e6-e357cfb53c5f,-11.17911392803381
373c1a65-be58-4b60-8135-3c6892d05103,-11.18556656340558
20e38630-b12f-49b1-8a2d-153d097aadff,-11.181331448868074
74589dae-bc87-4137-aaed-757dca96b3c5,-11.184301079773867
775e9534-2a3b-4bce-bce1-47507741510a,-11.187484826828973
7b39da1a-dec2-414c-9a3a-fee15a9baf88,-11.182411668592264
021e82f2-dcaf-4435-bc9f-332a89b80d83,-11.18845201413598
b6daead8-4d36-48bf-8d5b-47e24bc7f052,-11.1877096531955
3d776d26-4257-4d35-9e1c-3173b1d3095c,-11.1768722993821
c498bd77-2fc5-43d6-b2ae-a49a2f22a1e1,-11.179132669148167
60069e3b-5c45-4a08-86e3-5ba1376eef10,-11.174333093255218
7f8f112b-e330-4b0e-b5df-8d74e409e6e3,-11.185000457363254
a9ac94f8-39a1-4cdc-9b15-9d3bd6837515,-11.17514065844424
6f5c73f6-3379-4ad4-b858-dce0e5e26dc3,-11.18305580239802
a51df2be-8073-4356-b4e8-8f8411b7faf8,-11.17732894832048
3371f0f2-bcda-4033-aa28-a7440dffad21,-11.183185822137323
2b7241bf-b221-41dc-833b-d4f6ba1763e8,-11.180643061894672
16928634-295f-42ae-a7e6-a2df98bd4c82,-11.178222009948913
2c224773-f2de-4c14-83e0-169fe96aa7e6,-11.187010219322236
7871868e-c0f6-4820-a791-a2cd93ed6ef4,-11.177249322153775
bed85247-b268-46af-aa8a-9c5ef5823803,-11.18288666002465
118fa031-6ad8-4aac-940d-ff0eca151272,-11.18198202534703
2519c5c2-9543-4787-94fa-14a7b1974c51,-11.183068192171987
82cc8eef-fa35-4023-9b1e-b70b44d7e452,-11.174888110482984
0218281e-be2c-41c7-a916-53c233192341,-11.178091258464352
d4ff8f48-1d5c-429d-b463-c75be2a81675,-11.184599332399266
69739a21-aea5-4186-a00e-84162891f717,-11.187749266527028
321cc3d9-fea4-404d-8fb3-1243398f3ba0,-11.1854007652226
ece2df95-fd5d-47bf-a013-d99be742e23c,-11.18137832092999
0ad4fe02-3862-4397-94c6-8660f7af6319,-11.184948921959712
983452af-42c7-4c63-aea9-00278ec3b9eb,-11.185249238690435
741d30a7-96eb-4e9e-85f7-f320addb7274,-11.184752509702903
9faedb2e-8430-4420-bfca-4a86fb6a0348,-11.189563471991988
59e2d64c-629f-4211-8147-156d1c7ff81e,-11.192147566621948
2d59142c-3e3a-49b5-89a8-955c8033154a,-11.182906062569607
7a685b93-b2e1-45e0-9b5e-f2f87c783b1b,-11.18310960172268
fba53c52-8d0f-493e-9f9d-fe5663f22b17,-11.180407402195277
afdbbf9a-4f8b-4deb-8ad0-fd311a0dc491,-11.181844955870549
7778ff0a-12f0-49bc-929b-019dc91f6512,-11.180699989696189
c9b69065-9478-4f62-b3f0-f717da190e24,-11.17857160296384
65f93301-9ed6-43db-8a47-845856c165fc,-11.187694420726816
767c4470-56c2-49d2-9b8f-819b405ea324,-11.178675736442296
2783c158-ff2e-4074-96a7-754099f10b16,-11.186232006073272
b816b3c1-4068-4e03-84c4-f5c616faf12b,-11.18266088854794
c55fa92b-5295-43b8-b052-ba807edb7094,-11.175142804186212
09d7018a-7514-4fcc-a6c7-221a0ad34555,-11.174904614253837
4390559b-3d4a-4118-9f45-3a9c006330d9,-11.18504236536719
20cff169-99c9-4bc4-a53c-8b61466978bf,-11.180351603509129
96f1e491-610d-4692-93dd-dc1c3711c7ec,-11.182001849910884
d435ca44-73ec-4fd9-b09c-8e268e05078f,-11.179318369954808
b35a4930-6cd8-49b3-899c-e86e8397ff31,-11.183983427579442
ed06deb9-9816-4f7b-b09e-6482794be523,-11.18087085290325
8fde2c10-f018-4cdd-a899-d1549c995c9a,-11.18245250633137
ce91a80e-1150-4c36-9ab3-86a770bd34a6,-11.176642387355148
34dfb51a-7a8b-47d0-b36e-5082e20e41c9,-11.177236067588648
3f4fdb76-0b64-435c-8dd5-14f3eb8e4b77,-11.183525249393895
f14bb51e-e6bd-4a09-851f-7621c5702484,-11.18371604412454
3db63666-5d84-4b18-9b1a-190a45a1cf6e,-11.180820177635836
260bbd89-72f0-48bb-864b-cb7ff8dacfdc,-11.17074842020176
976cbe17-369c-4488-82af-4233834453eb,-11.179670111271504
5a4ec85b-3732-4449-9d24-2d9b605ac727,-11.18182237947137
5f524c80-99ea-4338-bdd9-07c9d6e81eb0,-11.178605654970404
52dd8e00-880e-409c-89e8-faee7098a1f0,-11.176545993913509
c88f2bca-8ba5-4392-b9bd-5b9b9a36f6a9,-11.185359139633954
bb2668a7-7139-49b3-94a3-0bb109bf1c04,-11.181761578867116
0289016d-e662-457b-b33f-3fec9cf02ab0,-11.179828636954422
36677362-4861-41e2-ba19-7b5cecf13697,-11.183073089586069
0ea0d79f-f644-417f-b89c-53c1e757ed01,-11.19221702337792
2a2c497c-665b-4ac7-8a76-8c9c6e578a47,-11.18212946272296
0e0e1e6d-306d-4c5e-959c-eef9b4ba8cac,-11.17074842020176
bd09dec0-a6a7-4f07-8a84-5c422f8a7dac,-11.179198793139944
1681fa2f-ed76-4344-ab8c-bec35432bee8,-11.180088835944948
e474c5d1-d631-4b7b-b10e-941f0e050bce,-11.174659514789544
cacbc2c6-e838-4ba3-a4b0-c8f285a698be,-11.17936560175012
6eb6adfe-176f-42d5-8f32-41777d1fb6b6,-11.173659468825967
5568f2b8-7561-4dfb-9f27-9ccf1c9ae72a,-11.183111152274648
741c3a2d-4985-4b73-a64f-142bdd9fa635,-11.181262106691934
f5c31d22-822e-404a-b81e-338aed6caea8,-11.18904288533577
820c0b7c-8fea-4810-9f85-a7036054def2,-11.181400954936349
4a89d306-35cf-4b39-89a9-65490507bd0e,-11.17830434723384
3586714a-f39d-43ed-98c9-3d2d31e2ec8c,-11.179151058778316
003fb517-c2a9-41d4-a05d-3537aecb5367,-11.17915613394018
0b085ea0-9439-4978-96c1-9df278f07b37,-11.182070859322293
0fe1cd97-f996-4b5a-9a39-6a14ad32a59c,-11.17901711791701
11478858-f5e7-4065-bd36-95c26f7342a2,-11.168421419642076
42fe84a1-8883-4ba3-a811-d6f5dac95167,-11.180409270719712
265b156f-33bb-4356-98f9-fa4970bbdaed,-11.180685378581565
7bf49f43-13d4-4f7a-8766-6b8091fca56c,-11.179982055578709
d6076364-7892-4d31-8ddf-d5c0ff30430d,-11.179664926565632
be347f19-5753-4c26-bf51-ce6975f2d5b7,-11.183504334433236
75483c43-7c35-46d6-9690-b286540178fb,-11.1850037013644
469a637f-89e3-4572-9a17-1d64885f6228,-11.181192378142136
4e2506d3-4393-4fbd-ad49-642e1c6012dc,-11.178319013568853
8e8c1c40-2047-46d9-b286-4b9949dd535a,-11.180026895878056
307069fd-6d33-47ea-a7fc-9901102deba5,-11.181954810387996
358cfdae-3edb-46e6-bcf7-360e1cb10836,-11.175263928622552
f1fd3cb1-2668-4a61-b442-50b2612a8c22,-11.175241841116897
6dd9062c-983e-4bc0-96d1-89c6ec2a9488,-11.183799953153668
449d28a8-f624-4e8a-89ea-0df5be7c2613,-11.18309267042156
c77911c5-d6eb-4f57-966c-acd868579f32,-11.171803655663036
0f8060bc-1932-40ca-a1e5-a63bf2db3af4,-11.17667442100882
4ae58e58-49ba-49ed-9697-b7a32243b1d0,-11.182666765718578
5be0cee7-29ee-4851-9305-a821cae06a82,-11.172963921619957
78a5a455-3524-4171-9c7a-5dacbbdc79b5,-11.18650653294182
bc5dd358-274d-44af-b614-b6c58e20b835,-11.177766789502025
78ab14f6-ebeb-4a73-bbce-250dc2af75b7,-11.177189229143202
9d176b5d-2512-47c3-b32f-5012c5fd455e,-11.184139382272871
9332be0c-98dd-48ea-bbab-7c00735a5b57,-10.385921066049963
d755bb59-3082-4da3-8d30-ac007b829aec,-11.17890077182292
2b012247-b2b8-4931-8958-9d843c35666a,-11.178988195173538
7aaaa295-61a2-457e-a1a3-3db321dc54b0,-11.18656009059868
eac68687-8264-4622-9770-d765f26bb004,-11.181899797115118
7c29b35c-455d-4c4e-870a-6d9523adff62,-11.183313503907645
61f1caec-3744-4028-b5ed-f252810f0b00,-11.184125683435676
ee4c30f8-239d-4814-88b4-3e7159428542,-11.184129175983266
3856669c-4534-4884-a1d8-aa28b3744c01,-11.182056026205084
ffaffc6c-9fea-465f-933a-422bc720431a,-11.179847964666024
2d5ab496-62c0-4029-8e06-f3d7ee606921,-11.187737239801931
8c9ae001-e3ec-4f1d-84ee-f83e8dae1e77,-11.177342802283418
7506a4c5-7585-41f6-95e9-ea2bd05c1265,-11.186237964728184
94cd96da-863d-4f2d-8c5d-02f187715ec5,-11.178748475153178
9e25445e-ece7-49ad-a9c0-bdd5b46d84b2,-11.185646678236129
808b112e-3a56-4bd9-8db6-0a963cae9003,-11.178024705572843
694ab633-8089-4ac8-b3d4-c4055cff6e80,-11.172901162194186
6f16587c-201f-4c38-ad89-6a9bc6339dc8,-11.177949183198724
e569a0d6-d359-416e-830a-31ecfdea29c7,-11.181966790396825
76dad22a-5367-4057-8163-9ba4cdf94ccd,-11.17768716341036
154da455-1179-43fe-b724-44192b049493,-11.180804735410144
0843a11c-40fa-4035-be74-58b8a244c461,-11.177038779475408
ba68d912-4c8e-45c0-af93-39e869242d8d,-11.179284341134236
f4ccc677-7595-49cb-8c65-1e45344b0be8,-11.18675890392748
67f2a1dc-1c94-4114-b604-cbafaf5e0707,-11.178302965653918
67bd5478-2d37-48ea-a5e1-b2d4c6a5b7a9,-11.18151563104468
1136f1a1-fd4c-47c4-bd87-fb465fa98210,-11.179176470313289
43b99ed1-843d-444d-9ccc-763a892bfe2b,-11.188508749079672
89e9dbd3-94a5-4a6a-b1fb-3c246a4a4852,-11.178877234982249
cba3123f-9137-4034-ae02-bf1c209d3007,-11.185814162582536
05584aa4-7ce3-46f5-b897-e4cc9bc2513a,-11.169813043392852
c18a6463-4914-47b3-a297-ecbb7a18a72b,-11.182765519743777
8122311b-bd1b-4944-89ba-142d030a737f,-11.17924330827811
03f70d76-cd20-4552-bd2b-74bb075ddb8e,-11.18045838548783
5e97daa2-549c-4650-a527-7b2a07bba9d4,-11.18637159671839
c6a5cdad-fc93-440e-aa87-ab5db91e43c5,-11.187435730049968
58b52470-56ea-489a-baf1-6fee45aa514e,-11.18349274028651
413bbb54-38a3-4db2-8200-bc9f91249248,-11.179560057638472
0e5cb229-095e-435f-93a4-a726bdc779d8,-11.178386265718546
1b4b5bb6-1241-4ea0-9ae5-891bbf195962,-11.184315704239388
398a22c9-f50a-4ce8-91b1-b99ddb957bbf,-11.183937850383868
4977e687-1ee3-4968-a8ad-920e27e0dd2a,-11.185111814527922
adf30004-9ab7-44b0-b514-ef9f97e0cae7,-11.179272904146002
21aca309-e23d-4e43-9bd1-09d117cb723b,-11.174617695368813
d0510dc6-989e-4969-b23d-dc7579e3b93a,-11.186298269783425
87826ec8-3b0c-4784-80bd-aeae0ee4e7ab,-11.17617792606218
2ec0eda6-9f85-471d-8123-df509f9d7dd1,-11.181727776983251
9a9a3971-9621-4d25-be27-4bf37cba5f38,-11.177351591727524
fdf8635f-173b-4af6-a230-59c03f573acb,-11.179228949836702
60347a7c-a8bb-4717-b145-61dacf06968c,-11.177530874829872
f9314fd3-d8cb-4b2c-8be8-e770183a68c9,-11.188226959903036
1b7657e2-9582-4996-82cc-dd278b12a0e0,-11.18469332670406
b77e93a3-ac0c-462b-bc57-bac3b8029bce,-11.179606398594933
8951774e-056c-4008-becb-56fab7ab1990,-11.177528835183974
512dac1f-3125-4281-94c6-261fe67aaa29,-11.17468065246516
bf5e1c6e-d071-47ff-9fe6-5ec1c32d98e9,-11.184863588398546
d4b012de-a775-43b5-a9f0-53269a55524e,-11.18086654662802
511788d1-415e-4a1b-b47e-9a8c6b83a438,-11.184249336710629
76480f69-e902-451c-b3f3-2b3a38b8f251,-11.1828202409202
70aee5df-001f-4124-8b2e-811adaebc0a2,-11.182005939993124
2a0254f2-feb4-45a5-9d80-97b8ce1da4cf,-11.18017539508637
52f650c0-5291-49ba-9450-4ce28c981461,-11.182644692079029
5f74c80c-e9fb-41ce-833e-0990680e8a7c,-11.180294945133229
6f7b22de-3587-4376-bb96-c49c8ebfd78d,-11.180459804278216
cd3a33d3-7868-4922-92fa-d4154d4c30fe,-11.179980681008692
39034e30-88bb-4bf9-afe9-908bc0b16765,-11.184608471823369
56522256-80bd-47a5-8525-093175afa9bf,-11.182213690991125
74e44800-f67b-4439-b528-28e688e2730f,-11.181348990229178
3acf333c-982e-425e-920a-ce62403dca78,-11.18762271382401
264295c8-0bb0-467f-8025-c703fabde710,-10.390134589036222
0a44ca1a-d432-4831-bdef-0441b9e2a51d,-11.18118231004146
de5a48e1-6b21-4c6e-978d-4a640dfaa925,-11.182584669704298
b4a16fee-4a60-4e47-babd-6d3e3abde740,-11.184387357310513
135e7f9e-6586-4b9a-8cb8-81fdcacf8eae,-11.180497004442088
a3256bb5-e2fc-4bb3-8e02-3d4934df6011,-11.182012888138354
049f11b9-6a95-43fb-85a8-bb233a7f28b8,-11.179703985255754
67fd5e0d-fda3-431c-9e71-f4939fb30e5a,-11.184826399116048
b8f614db-fe6e-42f5-a891-b4c502da0a6b,-11.187694415092416
dc94820c-2f27-47fc-a745-b230344d3a1e,-11.182780551163267
bc9e99a4-b7ac-4884-a942-e84c2aba010c,-11.181845550900668
5c663124-ab35-4e1c-9533-4221ec7981d7,-11.171964427668998
85b06c2e-634b-4b44-a817-f7f77b34ecd6,-11.181337712311151
3a1f9178-258b-4b2e-aab4-a6aa473411a9,-11.180888741218238
b06b68ea-e25d-4e1b-a08e-c2ac96ff9873,-11.179476328947468
5de9ee6d-dff5-4145-8c69-43ca4fada160,-11.184591958552687
6525ce93-6f2e-483f-8632-c9712caaa725,-11.188155118466597
433343aa-3443-44ae-8176-2822654186c8,-11.186201887833832
be521a0d-9f1a-4a13-943a-b810c96fa4fa,-11.17951157304811
6eec1fb9-4f75-4f44-b21f-95b29a149c10,-11.17925414270472
814d7e05-048e-4933-bbc2-1c9b853e268d,-10.388671870849496
f32cbca0-d8fb-4281-a6eb-d36479dc2fd3,-11.18433778377026
f7f8c784-0ce2-4e3b-b84e-f3b3a3a0bfcd,-11.178341548984555
d603844d-3637-4762-9509-7371f50c535e,-11.181665313040009
f79b86d8-1eae-4b28-aaf0-72ca29f74524,-11.187098973474296
0f1b0763-3a46-42b0-b537-b2e7c12c2fd2,-11.1799988419927
54ccae1b-f52d-44dd-bb87-4edcc6fcc8e0,-10.386229281209062
ea937a57-3f54-4bcd-88ca-e705ea4f733f,-11.178869714933944
01a92bac-52dd-4921-b82c-c4573ec52cb1,-11.187837995906053
cc5cf668-e87a-4282-9801-3fb6edaef838,-11.175916044213489
215b76b1-a8d4-415d-9799-3dd60a02b7be,-11.17848068096794
16077029-6ad0-453d-9e56-6a76b6e1de79,-11.17956036441778
5251a3df-f65c-46b4-b9cf-8fa81d31d047,-11.18209142454221
1656618a-81f8-4fa3-8057-411474928555,-11.184206871903498
68bfe033-89a0-4478-b0e8-5aec87798ac9,-11.169106627462712
1f0dd7b1-68b7-497e-89a4-2e72c602228a,-11.178784494215725
003b4dbb-3867-4fc7-9262-2430e81b4051,-11.181380157484451
b48cb14f-ea7e-4564-9708-9d58bff750cc,-11.17650542192473
d0b2308d-1b21-4f19-8f0d-5db980d7fcf5,-11.180167048055392
2a143362-b14d-44cb-80c0-1305dbf18ec5,-11.186483140461291
9163f9ba-963b-4822-be5a-a9a89595a1e2,-11.188070608009104
8a22a82e-812e-4d0c-a96d-766f434fb60d,-11.18735405398665
88d9a77a-62a0-4590-b58e-78dc2a814433,-11.178804477722732
b912f138-b0c3-4051-b77d-46a302ea3df4,-11.179247134227872
da4d2248-0eb9-450a-9563-9066dbcacea9,-11.184113719261896
150d3bbd-d0e0-42b1-9db6-002408c3af3d,-11.18188999442356
7f8799df-df11-4a28-9d49-6571a0b2d3dd,-11.186203567903396
fb799e79-8ff7-40bf-b372-d4ea4424ea51,-11.183379748229346
68a23359-fa4e-49bb-bf83-29cf96c5eacb,-11.177078150095932
cf0d6c8d-6991-48ed-adba-b1388ce78c4f,-11.18170980156466
f6af0de8-0b8c-4645-84ed-08b2fee5a98d,-11.184335430583468
03d8ff20-c7f4-4404-a1b7-c472b998978e,-11.18617593641059
9564a577-444d-4e39-8a03-c50f43374e84,-11.181342202520904
23911aea-56f6-450e-8d80-3367d7579b05,-11.18391721217482
99ec59a2-639f-4262-8431-107d1a14a991,-11.181021913404322
64f42047-1dc9-4005-9d6f-65ef2e75c55c,-11.179120595602583
01ea100d-4171-405f-b751-9f1d9c00b72f,-11.181748914161146
bc04f7ef-6090-42c5-a2b0-a54d80b077b5,-11.179016052041549
390cf668-de30-4b64-9f89-0f08e3243e3a,-11.18123542219742
5f3156a1-1cb4-4b4f-915d-acb22c587691,-11.179577176894924
481ffe9d-911b-4e77-84ba-b5297bcc918b,-11.184667271950994
b650fc2c-7217-4410-bb1e-794e7ac678aa,-11.180928180171888
2a55a723-8bc2-48fa-bfe3-bdd22e0fcca3,-11.18425470903638
5181ee80-4473-4c21-be9a-c65d79db848c,-11.18280773470378
f30ff871-a7c7-4e6d-846c-c219d4896743,-11.181142922337978
e4b2ed1b-2f7c-4c67-b7c8-64317053b4e6,-11.178059001442922
1bbd549b-56df-49ff-9191-64eb7bbe52a1,-11.180108009427409
cccc2775-ed47-49bb-a0ea-2178184e630e,-11.18160465423514
29d84f3e-48be-45d4-a781-e58a3e393683,-11.17784643011654
1cb055e4-711a-4ec0-b1bc-a4680ef7e237,-11.187155069676052
662ca45b-cdf0-4afb-ac95-df698102ebb8,-11.177898245018488
99aacda6-c8c0-427b-b574-19b46cdc93f0,-11.176503202748645
bf8be5eb-f180-45ed-9c2d-ca910ae96169,-11.183239719271985
3557ba20-74bc-4c27-89fa-7f63d7cf9940,-11.183051196989396
2f1ea52d-9828-4587-8a15-45068e6ba5ec,-11.188136327776723
0b5aff38-d729-4f67-83c6-6792e06232db,-11.189459071111118
179b6100-eb20-4be9-ab67-b31f2240149e,-11.177195468652204
b0a80e0f-a293-4977-b0ed-11fa730263f5,-11.1815103864892
89f739d1-61e8-439f-9c43-46cc481005d8,-11.181831178543442
73d88410-353b-4fb9-913c-3e6b1854c520,-11.182341610231582
24c01f48-7034-4a04-9a1d-19c280545617,-11.184138410571403
bd881a5c-fce8-47f1-a3db-eedf69eea050,-11.176338734198168
c48297d6-743a-457e-b035-f2e677207fe7,-11.182911272510967
2608ef31-62b4-4ff2-adf6-83874678b3ac,-11.18131095171024
825dbd57-e998-4d81-b6d1-5f27c05ee1e2,-11.181253585373836
11638a98-05dd-4d52-b929-99ea5715ff26,-10.387931121509313
aaedfe02-8b10-4bcd-9b8f-079e59883169,-11.188529386257322
19e59a14-be7c-48f0-9162-96e7dee113ec,-11.180569546585698
481cef6d-4472-47c6-b5f3-69a77d58ba9c,-11.18418421536219
f99924dc-a2d2-4ef3-97b5-a1490e4e75a8,-11.185256566521891
a31e65f6-554c-4e9e-b037-6922db609938,-11.18193756372556
72559364-c06b-4f3d-8005-12edcfbcd485,-11.188555236944818
630a8d0b-d934-4a95-9c8f-18863cdafe2d,-11.184170147787
0beed7b5-907d-43bb-b0b9-dc76831ba4a2,-11.1820501996558
e8400340-cddd-4e65-8bf4-02dc55122919,-11.18253830691672
1ff4d6c8-b908-4404-bdc3-51eb10cf74a6,-11.182927314545266
05a3a036-4205-4535-87ae-346c9b0f017f,-11.186933423279696
70131031-c237-4746-a7b8-8bcf1c6a6bbf,-11.182040570999598
77550480-f243-4aa4-9d2d-81f318f31b64,-11.178553637966663
99a9f0a2-bb31-4014-9944-381b30e1cb8a,-11.178291893129636
bc8128d5-a238-4afa-a013-3c6e353960f0,-11.183904346186004
28cbe99c-9911-43cd-83ee-422a5446e540,-11.185161631787391
10b7f0f0-2d3c-489f-9d22-689bbe06d001,-11.182456937779486
db2be3e1-0ace-4ddd-a615-6aa4a7707169,-11.187612009602296
90c57543-22c3-428a-be92-c69a6b0dc32b,-11.182402977594004
3bb0d6ae-acb4-4276-b279-227f33aa21bb,-11.181324502384587
9e0849ed-8071-4ce0-a686-093cad858f5f,-11.182386347771018
4500f69e-ceca-4b60-92ae-043b5bcda27e,-11.185378524797198
bb058e21-f849-4787-a55f-8e062ee824fa,-11.173285350243058
03a40817-9540-4cb6-aa26-aae23da05f90,-11.17905256134968
c10b4fab-84ef-48b6-9a2c-7a1cc0e859ac,-11.18275233147106
c343942e-26be-41c3-af7f-6c4b7970535d,-11.178168904442236
6633383e-9fe7-40aa-a14b-2baa47bb8b20,-11.180454687217086
de0bdf40-bd65-4279-8770-f56a316a3f7b,-11.184508468173174
b01efc0c-9a43-480f-8411-8d5ad2e414fc,-11.189899359087876
fd1b52a1-7a21-44f5-955d-250c69b3af67,-11.183272087298098
cafb5a4a-9c54-481f-81e5-272c49d650d2,-11.182707780982458
0a1c4a81-b1dd-4da6-9533-9921100f16f3,-11.177927870957925
658d382f-2e16-4aa7-adc6-0b44815359e3,-11.17783873139276
44e4abd1-88c1-469b-bd8e-861ba583ade9,-11.183268685479128
3bb24a44-9f73-4c00-9697-c67b53a72ce1,-11.176780040585513
e7cf6299-9cb6-4ca8-9d01-4b147b9135d4,-11.186009045670584
0c4998a6-70e1-46cf-acee-6cecbeaf5ee8,-11.183861235527168
135b286c-3e82-4242-9db3-00dc5e9990c8,-11.17651722292356
50634d24-6d49-45d6-bbd6-5074e188a9ee,-11.180132134069607
8854ade0-44f6-4092-8703-587f5a354e29,-11.185629101089535
e3505787-4837-4118-8cdb-259113362654,-11.180065766578531
c1303b75-4762-4a0f-a7f3-0c86e36c3c4c,-11.178599915720918
3d4911e6-4ec2-447e-8e8e-22cd9078185a,-11.18099356870156
ce6672fa-5c2c-47f1-ac55-7b33624c625e,-11.183320586556167
0daaa583-e65d-4f3c-af33-d063c9aa5585,-11.184941182137932
dc6470f5-1bd2-4e8b-b96f-77bb546ca331,-11.175115978161806
09312411-c9c2-45a7-a72e-005d53f66809,-11.18241494721972
16d3a4f5-79a2-42c7-8a61-eba422908527,-11.175007799197616
a4d5e65b-9a50-407b-9be8-5d1c77a39980,-11.183787817973306
7217ead4-5c38-4599-8f63-50a236e7dbc7,-11.17671885806742
081628bc-08df-4e8f-b59b-fee4de9dca52,-11.18270729635145
ab26e43f-15e0-43b8-97b7-8f97ef9f713f,-11.185512893744642
920b6a59-e787-4601-89de-5e5f2a5a75b8,-11.1758358387071
7b610b94-a115-40df-a6e4-321b17b185b9,-11.184635914649723
aeda0556-5bf4-489a-8edc-ed57944bf5f2,-11.175711741231677
525f4f89-d77b-4932-bb3a-66df51d07615,-11.179764933938102
21bd26b6-3078-4492-8729-a11e92bb1925,-11.182224756267289
310f5fae-6f81-49af-9a31-06f9fdd48d4b,-11.182218326599484
3858be1f-3500-4896-a3ca-2eaf6f8840ba,-11.17527981055704
f79e6bea-9921-4022-98b4-5b27682db2bf,-11.182398669173452
d7cb8596-1080-4298-a372-334d687c26f5,-11.181137862873696
eebfc5c3-e95c-48ff-8110-a0aa487e4eb2,-11.183548498848763
6bc80dc7-c5b0-4a0d-8c50-25d4c650ac02,-11.176949401927512
c2d4966e-a7fd-4d10-8e5d-38ca19fb1e71,-11.17935284654694
919d0c41-49ad-4e9d-b959-086e5d6b8d83,-11.185633586202618
3688a490-0b51-418b-b9aa-d20103a38430,-11.182605974006565
fd07ff58-f07a-4131-9475-c83fd2909d40,-11.18906490739304
f0cda8ad-2016-4417-9bbd-f2db6ce8f7de,-11.186066179819193
a67c3641-0748-4ca9-8477-da7d6c760df9,-11.1788063224449
3bd0043d-71ee-4778-aa2e-7aa26b37c423,-11.180436846545396
6ca90c67-acff-4edd-93a0-ca19125a50f1,-11.183907608109475
c238cbe9-252b-435b-a307-9496394cff76,-11.185541846027286
c11b4e0a-25e6-473e-a0e0-aeb46ece47f3,-11.182801108580032
71f8c94c-983a-4af5-8040-4537f7a5cccd,-11.178529674522435
ba16dcd4-0732-4885-885f-fddf238d45df,-11.182332299846214
b5356164-20c2-47b7-93ed-103d2ef1819f,-11.178878002080312
6290addf-eb28-4321-a143-6ce0391a5c42,-11.182776257841295
53a147d4-baa0-4369-8b45-737c593573d8,-11.18357986313536
23fae6c4-f77e-481b-8ac1-3cba9462726f,-11.188683972101009
65e791b0-1fc7-437f-95c4-2d718976280e,-11.180785536219467
c7ecdd4b-0b2a-4e2e-8f4d-e387b2f2742e,-11.181194615884223
c023b7fa-8770-449f-b0a5-7e8c87c1e46f,-11.18612892958548
0177a631-f3ae-4e00-a707-eaf090145fcb,-11.180119507891908
f54efdb1-ddf6-4f55-b7b3-e06257f8428c,-11.17968916087969
e4394680-a3db-45ec-a094-a8bcbb00ca30,-11.18484534559897
7bf6f0df-7898-43ff-855a-bc67b227fddd,-11.183475669739328
0d94e889-3377-4274-8779-65aa3aed2666,-11.184084781830544
0214b485-137b-4d3e-b32c-c04309415e36,-11.185627521179454
d86907c2-2e57-4590-ad61-4791c26dced5,-11.18661189826414
4dfbceac-a9e1-4bfd-9aa7-d3a64c2a1d10,-11.185823798680818
fdfd94fe-b7db-46c8-8951-235468bee54e,-11.17042445341197
f93f981d-901b-4db1-9dd8-12b54920e27b,-11.180998553485562
6f74d8a1-14f4-43b2-bfb1-56de79bd89b0,-11.18408538666796
a3f50398-4a25-44c1-aa4a-c30df17965e7,-11.1814168816335
8fa2d177-3870-41a9-af56-61c64d360de5,-10.389347821290402
5ea90b08-5565-4ef8-aac4-fc0b5a9ef900,-11.182158505868356
177d06cb-b141-4177-8aa5-50554172d692,-11.184064227771689
82c5eabf-4189-410f-b9e8-e71f1753655a,-11.180883047790363
c5d3a574-49de-4234-bc3a-75a8de669fe8,-11.182874861334485
10d73db9-9d80-4e49-91a3-4010a188e8ca,-11.184712169518212
21b991e0-5953-4921-9aff-7ac35dbf22ba,-11.18453434828918
5f0e10d3-4945-4036-b4ea-a747a4e3cb14,-11.184786499520673
0b3e1c4a-1d2b-45a1-9b24-917e8bd3dccf,-11.175360965889832
76b7a899-3c87-4e58-a7a2-f0a41024dffa,-11.177735011468272
b7d7af7b-df12-4d63-ad7f-a93df22b36a5,-11.174950766971556
0c17ecd2-9913-4e5b-a2df-a871b399a877,-11.178599762472338
46951100-5c3f-418c-94b9-09c0538c23d7,-11.181614007377943
dcd908e7-05a5-4bf8-80ea-4a72245def76,-11.186925426187932
6841940e-464d-40ff-a6e3-1580d48929c6,-11.18568460591072
8fe60d32-ae8f-461f-9643-4b04c7427ab2,-11.177779562281303
dc91f6fa-4fb3-4fa5-bbce-45be1440041b,-11.176028767663606
09d1cbb6-f48f-4f7d-b8ab-f2e35def133a,-11.184748318516611
2b4f79d4-c896-4e57-9d78-346bf98f09c7,-11.181991145359897
70e3b396-31a6-4d42-8998-8d79feb15b76,-11.176111227204473
e3371bde-a8df-48bd-b46e-4defccb6b07c,-11.174749126776298
b0d8d744-0981-4aa1-a9bc-1a6129112788,-11.175730457797089
80fa931f-395a-497f-9bc0-ff07671c02e8,-11.180107547832227
d6550fc7-7430-4145-a908-a7f88c2c8305,-11.17074842020176
8b237bf5-246f-478f-888e-e2dc16a30dad,-11.1892750624051
7f444445-0f6c-48e8-a8c3-58d148c0c769,-11.175292111322346
fa280d08-c40d-4401-aa86-1b3d90a7727e,-11.183813135726751
34d7423c-da88-4baf-8541-49afeeb79a22,-11.185326363622082
ec4a400b-8ae8-4763-96ff-8a0b5a44d9a2,-11.17370783605801
0f48f791-ecf7-473e-9ac3-fef77276dbcb,-11.181002897681038
26999c2f-0900-4c89-9d03-38b0c08d6cd9,-11.182062569585936
8f6d73ca-585b-4ae4-91ad-e8f10aed3901,-11.17809524693751
85421ab0-b731-4fb1-8047-2c7ad64bb4aa,-11.18185144149111
5b074e1c-338b-42c3-80a6-f1ca1cd3f7f4,-11.184266098150252
5eb83be3-7862-463f-b04e-75e87a12ff9d,-11.176534023870014
ad060e43-c90d-40f9-8f2a-dbfafec1cb60,-11.175858390583132
630c167e-32c6-460f-905c-b6ecea121030,-11.185199386844465
36fce239-c6f4-411d-bdfb-70b99ab04dfe,-11.178710916338083
8f611901-6183-4fcd-9e72-80b52be6ac80,-11.184126518745014
f3f653f7-7d5a-49b9-981b-752db6eefb19,-11.18242759571875
f44fbe1d-7493-4d3d-9b6e-22294e70ec54,-11.182337171452524
a1ffa082-dab9-4d64-81f7-4001222a8d2c,-11.18556678361594
197e9e14-bee8-41ad-81f0-0c9fd279f53b,-11.18178733135261
0bf8b1ff-fb23-451a-bac9-b018f4881a0e,-11.183602489669209
29b04f8c-86b8-4ac3-98ae-ce07ced160bb,-11.191501303630648
09661f4b-ce39-44fc-8afd-c457850aef12,-11.184837715002152
3bbb423b-7a85-44ea-ac6d-5a1093bf17b5,-11.179676695032136
0e30b81a-7a48-4026-82fa-4bc18f8ce518,-11.184081721896057
0426ac14-9b79-48f6-9770-b55f71c9a7ee,-11.179123758067004
17f4dd36-6068-442e-b56c-88670318fbbf,-11.17809640516845
19c48d79-e287-4c85-bd4b-8bc415f25ec0,-11.176687786045743
7dae20d9-a664-4699-ac66-83c75c45e3e9,-11.184719693979806
973e7575-693a-44c5-ac58-4e77aa1335fe,-11.180437917025616
e19f49cb-bdf5-4d47-949e-e19100923e75,-11.18058164095014
2bc08a72-d3e9-418b-8617-2012178e5d7a,-11.18124169542024
b7d4950f-d894-4f33-943f-172fd7ef3175,-11.174773810711493
94c4b130-b368-45fc-98d1-96293b55d5d0,-11.18088201374144
baf013b7-f856-46b6-9caf-1207cd09837f,-11.181247784477206
8da240e8-4970-4145-bfb7-bcbc8526afa9,-11.183308209680757
e918369e-deb7-4766-b2da-7bfbd7a89b12,-11.179806743333929
30748030-9208-4c56-8ead-a15cf2ad4a72,-11.183048623909936
c8a0afd9-da04-406e-8f99-429bd7a734c6,-11.169968448711684
a8dc678f-d035-40a7-8cc6-e548f2144cc0,-11.180302980511089
91b6dce4-72d3-4114-8ea1-2661b116cc72,-10.390198383201124
84029d6c-1639-496a-8f33-0a586e14244f,-11.187196049500129
9243f3ef-b55d-45c9-8d2c-c3f3ac306404,-11.185827618639337
f1117019-3110-48b6-ac66-9983b1b5d946,-11.183279773970042
34621c12-3e7b-437d-a128-1f6bcb1dd60f,-11.178334630132246
5859b3be-2e07-49ab-b3f1-2f5de5bbf4b8,-11.190084885936365
afc39046-746c-40e8-bd63-53553c4d7072,-11.178445763443255
95ed749f-acae-424e-883f-c720d4dcab8b,-11.189421643512029
5c40ecea-1c3e-4a43-902b-0756307163ca,-11.182285910716924
bb9b91f3-5a16-48f3-9c9a-d4865bcddbf1,-11.184398105933164
8e9957de-d6bd-4aec-994d-972d071f0b24,-11.1843726574927
b025fda5-23f8-4489-8d63-95f4a7a1d34a,-11.181001654950734
557eef64-cd96-48eb-9f86-0bb3948c0ef3,-11.178598476861136
b75f89a6-49b0-4155-b9ef-5891b8546bd0,-11.184533517681738
ee63a2d5-05bf-42b9-a4fe-f09c29620c48,-11.184009116356652
a4e879d0-c84f-4348-8413-2089278a8cee,-11.180510664825784
4ac48ce2-72c9-4c33-891e-a61ae8ae7a7a,-11.188224669503729
1b156c77-276c-456e-98bd-e1f70375cc02,-11.179864715306673
0bdad213-a95a-4238-aff8-962ac753159e,-11.177873671475323
8434122e-137f-4d93-99fc-d9e67f6bb245,-11.182376380321086
5200c3ca-53b5-40d0-840f-1a1939cd676a,-11.17899642743219
892beaf4-1753-4eed-8d82-68817d9d211d,-11.18706552372791
dffae355-9940-45eb-aba7-cffe22ea7316,-11.17352012635642
49de2951-ad6f-4fb0-afba-af422065d0d4,-11.186228626581396
6d2ca16f-e322-4d61-b3e2-de36d0ac7189,-11.18649119355686
191d78cf-090d-43fc-87be-34c5feef8703,-11.17615990118052
335e7bdc-9c63-4213-ba25-1411306eabdf,-11.18005133775494
0c12416f-a380-4eae-9e3d-318de23c09e4,-11.180477003521512
b9e2d2ec-70f0-442c-aef9-4652584ea4bb,-11.178675862894142
c9e5aac3-076f-4de8-a6e7-c3f3e3c5c426,-11.180925183979742
001defba-b4df-4941-8993-8c36e15b95b0,-11.187188288614108
29ac4bbc-14a2-44ed-b90f-09bc83464e8f,-11.182579375597388
66b8df24-8158-496f-bbcb-cd8437d8a357,-11.185396980992229
15a944e6-f6ba-4687-845f-fbe1b9d8df06,-11.17278930061896
7f1cfbd8-f934-4ced-8bfc-3b6c354b0b0b,-11.176989333292385
f633e9b5-209a-41b0-9b00-39ea34180e46,-11.178230160641704
779938ad-350a-412a-9ee9-bb961cb41c96,-11.182656990973824
b3f29749-8ce4-400e-8a26-90958bfd7c80,-11.17672012606715
5f5116da-5b01-41da-83af-f6a41df16c44,-11.17444072054649
b0c9f930-0861-4476-9db4-3d433142b96c,-11.17712393670022
1555f016-ebdd-4746-b239-02353ff4959a,-11.181438155641574
c48153f8-7cc5-4dd1-9794-ba4a9e3b440a,-11.17931615635928
4a58c064-bcde-44ff-9944-0c5dd65001fd,-11.176333462576835
3ae29186-a471-463d-8d0d-1e3d4b3b7a5e,-11.180629743012007
bc25ef39-61f0-4617-b5d4-fb12ba34e3fd,-11.179523125195365
f1094574-0495-4f75-be8b-868243ea6171,-11.18325601774004
d2404da7-d99d-4229-99a8-ad54f939b7be,-11.18350143332638
238acbfe-fdf9-4a17-8c76-261caf8ffd3b,-11.186941670065272
eb68a8e0-6b1e-43a9-ba29-78a43df57d6d,-11.18652193239107
e26dc1ac-f73a-43c7-a176-122bae28ac3f,-11.185932289493934
c2ec1bbe-a434-4d54-bb09-f1f513f3bdbc,-11.187725397418582
b65dded9-84aa-4102-b0ce-ea868ea7f894,-11.182899953048022
c1e3ba4b-b5ca-45ab-9a15-a6e653bc9cae,-11.179478973909749
911e79b8-63cd-4678-b0ad-8aeed7200271,-11.18354181556587
df599347-1ba8-4b5a-9546-3eab59a7ee21,-11.174670600649966
625c5c3c-b42a-4027-9606-b6e03ecbe551,-11.177711715547778
9ca80392-4d07-4b14-b434-dd928ea473e2,-11.178417101161807
48801a34-f930-4786-89bd-bd3b89fcb20c,-11.177114324374296
ffcc9160-088a-48fd-87eb-1c1a3c168d5a,-11.181042612496512
c6f7f15c-276d-46f9-b078-8b94eaf7bace,-11.183769259766876
f3174bc8-65d2-48e6-8d0e-ea1b7de8b8a1,-11.185085599853466
c4186c5f-fe8a-493d-a5ed-09de75ce375d,-11.18016009194514
ec0e0966-e909-4da6-ae36-4bfdf4b5adb4,-11.184369411164004
156c0dde-ab31-42ef-8fbf-b20828e7418d,-11.182594775659188
026e318a-18d9-4097-af5e-ca9bc16090ff,-11.182782774372663
b206af95-a640-49e0-8204-cded6b73589c,-11.181510734061357
c4cc09b7-1255-44ee-a68e-0ab6aadbf4ab,-11.18387484493429
842e1c29-944d-470e-8015-db05e3e117ca,-11.17309851717738
b0af8cc8-889c-40a1-bf8b-98b9dbacc11b,-11.18048066640703
df5fa623-0423-4c37-9d2e-a55b9b439cf6,-11.183054076475802
c15de635-ea51-4152-87c4-c9587a8803a2,-11.183860104038429
1332f922-4110-468b-9bab-df48a1572530,-11.184814693888177
8991b77b-7026-4e5f-938b-83cf1b1f5a7a,-11.18058591159188
7c5b4cce-6cc7-4832-8fa2-37bbb5a22cf2,-11.176801835330116
4a04bc8c-c1cf-4b88-8949-a564d7d95e3a,-11.184535157428744
dc9ef4ce-511e-415d-91f9-59140c6520a3,-11.183932781386854
21e22488-4dcf-4a31-98b2-abd0f1278de9,-11.176737561377315
abc5a22f-582a-43a4-ad1c-df061334c47e,-11.18785975733985
f6c3f55e-42e2-4053-83d8-5ee58758a497,-11.183726839264493
2b77878e-b3c9-4bb4-b6af-b181ad502b37,-11.181124121319252
a795150b-1f6e-4741-ad98-db1126a659e7,-11.173853585149942
7980ddfb-33e0-4f67-8587-215f6f62dfd3,-11.183756405883395
10213ca6-32b4-4a50-bd4e-88c8ac16778c,-11.17024164572371
caa6d3cd-0bfa-4017-aba5-d0415e7b1925,-11.182362835515097
6a326ee3-29c8-469d-a3fc-4ea51850f68e,-11.180981924600932
0395cb21-3650-4c91-b7cc-ede1dbce539c,-11.182057164513678
cd6a27f8-9e7a-4098-ad0f-abb65ab1f7e4,-11.183768160038268
134afb50-ecc3-40d4-bd2e-1b5f1a7d69bd,-11.173156297061864
0f7e2dd0-406f-4a01-ae13-1a97811a4dbc,-11.180931462377671
66123978-1321-42a5-ba2c-9dfd4022232d,-11.181809470508613
97e6c377-6a8a-44d6-b6f6-a3ee9ba0f74f,-11.173663909552836
89d47339-2128-4237-9bfb-769850b47c69,-11.18066313221336
a90d0ec6-522b-49ef-8a47-3b447c05ffcb,-11.175645630615143
01cdb609-5b9e-42dd-bb44-bbd92680ec00,-11.17611710032189
65ee9e66-8b55-4a34-8456-d044161c2deb,-11.186906681802832
f20cd8a9-0060-45c7-b19d-3a4522290e09,-11.179047883785708
4ce6f6f9-e286-4628-a038-3652cbe78fbf,-11.181626804084088
2622f098-3d58-46b8-9cef-f6a705dd98ce,-11.180237745341383
f3c70e55-b74e-468d-ac1a-9db390eaf84f,-11.178442732292847
d84a1a0a-b520-4123-8e1c-ebd9c5e028e6,-10.387667941898288
f8b8f883-2600-4cd0-85b0-ea7f6631f2c0,-11.178825000755864
0e77889e-6297-4d1f-a007-00430b62ea73,-11.175334584964284
c778d24d-d84f-48cd-b3b7-f651fd379104,-11.17816262341884
b8c5c023-8fbb-4200-9a4d-ded657464ee8,-11.179973993862909
d7548c07-5e23-4488-9f87-a997738fd5b2,-11.176248793409606
bce4f6d3-968f-44cf-af69-e0d4893cd86a,-11.172351797083316
22aeb7fd-98d3-4fa0-9f4b-5db96f280913,-11.17112375857859
beec5e59-53c9-4815-b665-5f5d1a55b8e9,-11.18455470057422
03438fb5-b2f3-4e77-b2ed-c83009a74d52,-11.175802119033476
71cff64e-823f-4106-a703-cdb7c441bcb5,-11.178487225552738
51f66997-0592-4f44-81ee-a860e9c37cfb,-10.39063661253573
a7e82a8c-d264-4d41-9c9d-0490949d937b,-11.174041020747143
34aad3e4-6622-456c-b017-50c77356a3ec,-10.389555698856087
8e0aad7b-0ce1-4843-a6b7-89589ad923d7,-11.18522934545023
973519ea-647e-4231-9e04-b3bf56cb084b,-11.181364507900096
0f6bfebc-852d-4301-8e4a-02034e12ceca,-11.176570871395212
5dae5312-1496-4c06-a5ec-c90e9faf619c,-11.174119748629048
adf63780-ccaf-4fdd-bc72-bd228b885dea,-11.172825471174756
eac6d5e5-fd74-4778-9870-37a20aa5c366,-11.183494740142583
2273e97d-d775-4010-81ad-42ffa26d1cc6,-11.176590155755528
dd4ff8bc-7595-4f34-ac6d-d7b21918da52,-11.17453454235862
ef7c3116-aeeb-48d5-8967-b10d501d48e5,-11.17388169820654
76fb0d50-18e9-47b6-85ca-26da7a7a6019,-11.185781240648906
18fa95ff-997b-444e-b3de-42ee6bd72c31,-11.175626249980429
e87b3106-14b7-4c79-8c04-59636926ed21,-11.182454306593725
c7c57a55-6909-418f-be17-637823214ce6,-10.387006957276864
8ce2fade-0500-4aeb-badc-63ebbfe1a738,-11.175740450991327
1584dda7-0af2-4e25-8f55-bef0ebd13ac6,-11.176175287993733
1ce61c39-2a5e-491d-b0bb-7a6c687e5bb1,-11.17454280158148
935dc991-068d-4a61-80f3-410cd2c88469,-11.18065221049775
1322f966-416a-4c49-a31c-962bc110a6f8,-11.183564128431714
2cb5956b-9c63-4894-8027-88d4a9f786d2,-11.185107154155633
ac4555c9-cd90-4348-84e0-dc0b5725553a,-11.186838723052956
19ea7bad-efc2-4ff6-a3c4-6491f5d33c34,-11.186535451712803
ee7cb10f-3fdc-4c6e-88fe-49998853be01,-11.181850148763363
4c11083a-0309-4ff7-9096-4bdf8f251ca9,-11.186994458420894
5e93f44a-9d80-48d0-86b7-3ea50f38387b,-11.178579826612616
cca20b64-65c9-401b-bf6a-66e0fff25790,-11.182822216601751
11cc076b-c8f0-4f8c-99e2-d6b46c637cd7,-11.175959643235748
4ffba831-03da-430e-81f7-76b8787f2e3e,-11.17798582124554
e52676a6-c57f-4e35-8022-03ce395649f2,-11.186408616472168
bd9afa1a-5432-45d4-8110-394d4bd8ccaa,-11.181424121481358
1da2557c-63fb-49ee-ba84-181e50fdc375,-11.178780504287936
01e0d4f3-c17b-4148-b130-233948fef511,-11.176863503714518
9e13e29f-f128-4f16-8f52-6adcc7212a75,-11.188760429217195
b01b2245-0872-49d3-84ea-3371adc01798,-11.186341583866932
3cd936dc-08ad-407b-9fae-d6870656ccb4,-11.180973588909648
ef06a4d4-4978-4df1-879f-3900dc5c6639,-11.188376211111878
3b0f6ad3-a608-4a12-a1ee-dfd655213bd5,-11.178381207949911
14906327-ab12-4c9d-80da-95b265fb2619,-11.183798762278782
1aca3ac4-5390-4ec5-9464-e1773047accb,-11.17664586336629
26801f9c-7bc3-43fd-9070-3812beb943d0,-11.179325983171546
b03ecdd7-2c94-483d-b9c7-281aba4233db,-11.173411179640864
2330de1e-d2aa-4e94-bc26-a65181018f09,-11.175455501432278
c4a2264b-a401-465c-bd1e-5eac9e1ea2ac,-10.386819129026408
e9393b54-276f-4bae-8308-1591db408350,-11.16926271292116
9e84ea55-5825-41f3-9e32-6ac676d1a0cc,-11.179417721146464
3a69b861-cdf3-4805-9758-f6446b8292bc,-11.177210792358728
1e1fb32a-3590-4042-a18d-277e41b0db17,-11.18318597066932
fcdda888-bb5a-4817-bb4e-aa788e6020e6,-11.182677823937382
299e9bc4-cc96-4afe-b3cb-cc33515c6ad0,-11.190919893060046
958cd0ba-f204-4bcf-870e-2a31ce510db3,-11.176055452564972
b773dd02-539a-4743-83cd-3fbf50df2a6b,-11.175327843484764
3e888b26-18d0-4ff5-af9f-a8bd9fc6800b,-11.187735189468192
d6a6bd7f-0e6a-4681-923b-a5188ee15a17,-11.173150226201434
9041954f-0b6c-410d-9f53-bdf14dca838b,-11.18234843849712
454d25b1-3c6c-4615-bc5e-cbe49fa8f791,-11.179016292470928
6c60d236-6625-4a8e-89e0-996cdbd3f307,-11.18107875558395
81f4b412-5832-4a09-9347-02e2dafc6de8,-11.180782619511822
79448452-c533-4d0f-ba2e-eebca015a534,-11.180345603972684
7353a5ef-f256-4521-bb8f-79ce1c0dd5e1,-11.17798104329332
3c84df6a-f070-402b-9dbc-07eee276654c,-10.384442466978284
f54d80d3-77e6-4806-92d8-1d424229f7f8,-11.178142530217729
7771f18e-c46d-4708-9787-e9313182dae1,-11.181985046911574
725c32fb-6d65-4278-a288-9e42f65c811d,-11.178459566524932
5cf6ad66-41a1-4f7c-8acf-cd2b240ca80a,-11.178339321690563
efc36f97-ebd5-44f3-981b-035034e5d29e,-11.17672424348284
b908ae0b-d11a-4db1-9e0b-faa9ab9cb00f,-11.183069320138834
71033412-3e31-4390-94e7-1a1537d418f3,-11.185461628184768
2bf46f3c-6e38-42cd-9048-3cc51949c2e2,-11.183589628786198
30467999-c113-4e3c-831d-beafb2892719,-11.178456071863206
a542548e-f7e8-4150-9b5a-f76d6cc14091,-11.17361561706828
503d67d0-aa9c-4981-95dd-4fb25c9df7aa,-11.17864734205667
67e29096-f54d-4ccc-bba0-c1e56ce1cab0,-11.181811593884628
a14df7e4-5515-4315-ae94-ee66f392a4f1,-11.180426573072063
1c7d8ad2-78da-4d39-8be0-73c7b17e0a08,-11.169860595642229
6348ba1e-8450-4ec1-8184-c2d47f0730c5,-11.175673087829349
7e363ef6-bdf5-4aca-92f3-c2da5b212fe5,-11.175834422493915
bc7fa964-64eb-4193-8044-6371a1028bad,-11.17949347756497
1935044f-51a6-4417-a1ac-aebfcd33d3f8,-11.176006883042408
0d1186a5-34bc-495e-9001-a93edfa59baa,-11.178041631142356
9432e546-f89b-47df-a83e-eaf68639dbfe,-11.173880411464284
b6f2406a-2d29-42f1-8f9e-36afb8c4e52c,-11.188102796802855
2f097ab7-c34f-4309-9a89-c6bf5fba8e8b,-11.18569093686709
2805e2d9-5708-4bc1-a934-e8b7fa70d2bd,-11.175995664068212
e4d9989b-1069-485c-afbc-680071caa78e,-11.175380439824806
257edc92-638e-4a6a-a6b9-9d26b87ebd69,-11.179019410496368
609fa485-1fcb-4931-a0d5-aea8573f1a59,-11.177438099925736
5578c65a-175b-4566-b588-55401cac6fb1,-11.18058880888882
e445f928-f728-45e0-8204-29bf4b80f1a9,-11.181178215636471
89ef22ba-b094-4515-9b4e-e32c4336ff24,-11.182451852914696
9ada496e-837d-45ca-b135-d745443cc22f,-11.186374633912472
780b67e8-a635-40d4-a710-f25c00f0841a,-11.179639623941252
6a8da191-0e12-4d71-9787-d0e8617fe1ca,-10.391776364479576
b22a5222-22ce-4fa9-b8eb-5a0afc2bce2a,-11.18068437957572
4b0f50ab-a8c6-4c4e-b8c0-d6ef9cb72cef,-11.179542761640905
ef7e48a2-791d-44a0-ae28-82146e8182f3,-11.182951274044225
86812d2a-10dc-451c-8061-4291ba6e2703,-11.184789502884188
d288a4aa-66ba-4f01-ace5-57216065c12c,-11.18179852631069
0437630a-bd02-4696-a582-50024e6ec609,-11.179291808250886
34184bc6-e56b-4b94-afa3-8149fb214976,-11.177681620136354
4d7dfc1c-2ba2-4698-84fc-38a74514ed01,-11.180665952924748
7bf0dff0-db87-4f42-b462-ededfda6d01d,-11.17841992454485
ab252864-3be5-4a0f-a5f9-a2e603702e43,-11.179456208681302
c203d2f2-eda8-408b-9989-2e21a9b0a991,-11.176000347508056
54e0b474-c335-4b14-a3d5-bd911000ce94,-11.180370874445156
fffdac98-0536-4356-a94e-57ec49ee5688,-11.174249865062825
ff2b6928-7627-450f-a79c-9e134d091836,-11.182764356393196
eb0d539d-29c9-4bcd-b4ae-eb759586f99c,-11.176289239894864
edca24f3-b4bb-433e-9e31-d25b53fedf44,-11.17902270780403
b65ec213-0900-4750-a1af-80ad2ac2d0f7,-11.183203623463696
decd4ef3-3c0c-4272-85b0-0295d0e021cd,-11.183651521090122
d8c4ad65-3c91-4582-a2a5-452cd38b9c76,-11.180528746974565
49e00666-6b41-4fbc-9296-7402407f9beb,-11.178403037931684
45c827df-ef09-49e4-bc29-1e98698815c8,-11.179313838317205
dfb117df-f448-4dec-8c87-f956e1482839,-11.182183418058294
873272d4-161d-419e-a1f2-d84df67339f2,-11.18359560190254
d8509561-c217-4bca-9a23-513dc0884a84,-11.179777029081029
e11df3fa-19d2-4069-84c1-3605cf11812c,-11.179102794356252
b731f5d2-b73a-4907-80e8-567d36067ac1,-11.180367440483773
bb2245e0-ef8a-4567-86b7-29f6541f5f81,-11.175783409902866
e6cae505-5a55-4a07-9f24-86de4de6cb72,-11.180811181428195
b0a45773-6812-4ff4-9b9c-f764749300c1,-11.190965687688164
3ef7f3d4-2f0a-493d-9e7d-1e5fb48d8cb2,-11.18568247529682
5f756f71-972b-4477-86a2-c57d9f7d8cab,-11.177417240111534
8ee4ddb9-d845-426a-ac8d-d350b2ec8abc,-11.179607040485411
ce129bf3-fb9f-4bce-8660-8dc9ee6f6170,-11.182471933808417
2223382b-eacc-4ceb-9112-e26accbc9a85,-11.169977082970677
448d71ac-c5c2-4f07-8350-168a855d8411,-11.182013850070714
60e74fe5-087b-48d3-a4d4-bc256ec62336,-11.176965120239878
86af6171-53c9-4b72-ba9d-64a8ab0259f3,-11.179524645263296
bf0531cd-4f91-441d-8f9a-34e4bef485df,-11.185579442408638
610e4995-8d5f-4943-bbba-2bab546cfc14,-11.18609473859316
25d20a77-72dc-4603-bce9-762ba1043c21,-11.18064609987908
04682b46-18e9-409e-913c-8b7c18e652cc,-11.1796062719779
d9832a19-1392-4004-8df1-03daf46f80ad,-11.17992758574551
8afa7d4a-cc50-48ac-8313-f532c81c7eec,-11.18353032191293
abb203f6-78cd-4251-b0d0-3daa0a3cc8ba,-11.181004276458328
69c69ae5-df02-4915-affa-001027e2f828,-11.1702988347694
9405fd1c-ff5f-4af5-93a9-58142fa9e4e9,-11.181701213692271
f3b85a02-9c67-442a-a325-5446b9d7830f,-11.185633264457689
6ae9ef7f-f476-4ce7-bccf-137230a8b9a0,-11.176828729561953
50cde359-927d-435a-94b9-73999507590e,-11.180733223184737
20939651-6b62-41ca-a7b5-28157e9ceb47,-11.178641989346508
b10f0aed-ca7d-49af-8afd-faf1cb6073a7,-11.18470053838564
41b07e15-b06d-42eb-9fdf-f95ec6bf9c02,-11.184238905826838
91ecb41a-5671-4a0c-96e6-182a2dd7e9cb,-11.180962849324333
76037be8-63a9-470d-ac5c-f772feeab62b,-11.183394158959478
0608dae8-f12e-4b9f-a3b3-71b14d8a2bfb,-11.18256516741693
5e231e26-c237-4fe7-b749-f8fc63d5e665,-11.184768547461054
28855cf1-c613-46a6-8c77-2cac3653db71,-11.178635668959124
f37d7eb0-dd4f-4ad9-890c-cef85e1707db,-11.1725333730198
fa642a7b-2242-4bc5-a57a-a3195982840d,-11.175300045791088
108002ae-9c21-4416-803c-d42466eaff40,-11.18417276473811
0fb0eb4c-6e7b-4966-b7e7-355ffdc91a2d,-11.181423375933884
46637121-6a0a-4313-a497-05fb3fefe5c6,-11.179203392589608
9beab5b7-d64a-43a7-be16-38e55ef5338d,-11.175629845638618
fb8683c7-f7a5-4bef-bc9e-c94f81406bf4,-11.178699606175108
0907f88d-981b-487e-abd2-c3a4c5ba75fa,-11.18359537648936
873c7886-00d5-425e-9d05-b68c22897763,-11.18715343004787
0958ccd2-e878-4287-9772-f387b6484a51,-11.178242988638416
0428a9ba-f2a1-4b58-8366-db03f90d0d79,-11.17994298491335
ade471c7-0425-4468-8481-0aa25269e7d3,-11.181089885270222
3cdacc39-0a44-4ea0-bbe5-dc4db7978036,-11.18331768844591
3d9d5131-d0d6-4d5e-9df1-eb8e12ca3c19,-11.185604133606375
f425fb9a-010b-4589-bb37-ceccd80702f1,-11.182886017756571
bdea7b08-f0fa-4b3d-9cb8-9215379f8e40,-11.179396643008385
20a5bb18-eb50-4c8e-802b-f2f70fbf9542,-11.175739688206727
faff8a3c-46bb-424f-bf2d-5b3f3b98eb88,-11.183960803219044
df561bec-e29a-49ad-8cd4-ff9fbd315a76,-11.182802819020118
ce527b5e-c86f-48ef-8feb-60db8e8847e9,-11.183112249296594
00502ecb-ae63-40e6-ba26-54aad52e2147,-11.179935777126229
86740420-2a85-4325-95bc-589f410acf01,-11.178490881404556
7a97a5b1-fec4-4bdf-afff-a8939cab080d,-11.184885808184289
b2bd2810-e28f-471c-bcad-18c46b65831f,-11.173009899108196
b07e5cfb-8fff-46f1-a300-dc3729a4ff27,-11.180161621644016
82b4cffa-9587-46e0-93ae-96a0c273ca34,-11.186845107527205
ea45a7f4-6f05-4753-a4dd-fdd60d63f897,-11.180140730103956
631679e4-4dd1-45eb-ae6c-e96dff1f0bd5,-11.176387596466595
525c9b3c-589e-487c-9cb9-5322fe3c6ad4,-11.176239756090435
42e6531c-d572-4504-a4b8-23b6926a5059,-11.18178842717567
d8b1fd46-4435-4f2c-8d95-65ee699a0db5,-11.185055237391484
a582e079-6afe-4862-a441-ff9ebbdf3423,-11.174582705338825
5607dcef-89cf-4774-bd6e-a1b31c6bb48a,-11.186581054553844
7af4af1a-a122-4f87-b3f7-3ef5487b2628,-11.186974152361742
ccc2c822-8a68-4695-9fa0-96d8091d213e,-11.177200232878814
7d0c46a7-9218-4fb2-9f00-3e7ba4ddd6e6,-11.178909087110387
f6f799e7-357d-46e1-9285-b550aa5f61e0,-11.181298104429628
8834a5b3-d96b-4202-8ce3-2c1b93db3126,-11.187032477085753
a10f4b77-cf3b-481b-969a-d2741ea2b69c,-11.177991860716393
bca58480-f2a2-405f-a61f-a9364cb330c5,-11.179653965388871
5967ed12-ec3f-4847-8335-883b07e45420,-11.178532904414208
6129c4d9-894b-4e2c-885b-e4f2f192a622,-11.176867403037516
84bcc324-6131-489e-a6bf-e816a274f8d5,-11.176747490913264
940d5fae-4cdd-44a9-9572-03a812af929a,-11.188980228719444
3c9bb1e6-fded-4e67-b83a-2699efa07470,-11.182206270693424
63fc526d-537c-4e3b-bdfa-7829edc2fac2,-11.180497720562268
f6eecc99-380c-43e9-9dbb-75cf274ecf65,-11.17603307664057
4a489a65-92d3-4c9e-9fa0-9c727a04f229,-11.17995129862618
7dc6810b-af5a-47e1-9368-b30624e8ec2a,-11.189153590020831
94e4111a-da1f-47b4-b7ae-a67162f1944b,-11.184258462278532
a4b77a15-01c6-4fdf-bc34-5e7d5245c52e,-11.18070115728168
ae3785f0-3043-4b07-9e86-c4ab5d399359,-11.185582180061234
df58d95a-f660-46d9-b51d-cde8a7c13fa4,-11.178002652451935
68143f62-6a8d-4b18-89bf-4d21af199723,-11.177109038723286
5bf41383-37e7-4c30-95d4-8424859c2f26,-11.179798041589503
a5b80101-1893-4ae7-abf8-c5e429fe9a87,-11.185833429050168
a47af0fb-152c-4fc4-a20f-3a71366feb9a,-11.18706125664467
8ef571ff-a861-41c8-9e26-b99a7b5ee5cc,-11.17793437448433
e9a73602-63db-4a44-b9da-20c6fc8dba78,-11.180205005149
05102f66-80dd-43ad-8f6c-ad356546c76c,-11.181954375501528
94c74bb8-6241-4923-a83e-bc053ba4ab95,-11.178963090014866
832c557b-6792-46a9-9ed6-756fcbd86826,-11.183370146500176
bf5a55c7-2f3e-42af-b0d2-11da00292f5e,-11.175932124352784
97bb7bc4-4dc9-46fe-8de2-9398fd8f9e59,-11.17810363417681
d442f7d0-c837-4bd2-b0ec-3b6018186124,-11.18768293180864
3593cde5-3776-45d4-a95d-6189cbd269dc,-11.18756630714478
a519efa3-b35c-4172-8475-350c9d776aaf,-11.187666290331912
49e3f9a6-1aa9-45a7-a44a-2ff645ef0258,-11.182687685828316
ab4817b5-d8ed-4e6c-8432-04cc0cee760f,-11.179133746653116
4c9d8942-34fc-4dd5-a7e1-05d0e88b2bdd,-11.180403183495816
d21d8585-f6ef-4ae4-9be4-cb799bbc51a3,-11.189368208919342
82d601a3-b8e1-4b9c-9477-5c4cb0d76db5,-11.17700752213926
b8669d4b-a8b0-4673-8549-c422804b038b,-11.183717632708175
c3edcfc9-10f0-41ce-9f5a-4d51f4bbc38c,-11.18746135430682
77ebb070-1773-4272-8d4c-bea7892f5e6e,-11.169892640052076
a72783d1-cb7d-4ff3-ba62-fe29abfe1c7b,-11.18149858129216
39c3014f-be15-4ec7-b6ea-c22ae45d50c3,-11.183885656260486
049ac3cf-5ace-44e4-93fd-a52b23ca25da,-11.180407776182054
190a2bc2-42b1-4507-bbb8-4710acc6a8b2,-11.178471626455128
07343c50-b82c-49bd-bac6-d2283b2a5b4e,-11.180128055085726
3a1237de-4ba1-4eca-befa-0299cd1ef4b9,-11.180508954786834
b9d7c6f0-70f6-4d17-9486-21801a892f8c,-11.185324595038756
dc117d6f-c57e-4b8f-bd08-86a5e59c4559,-11.18377431944116
9d113513-d835-464d-896c-202f53ab44e2,-11.188012788281618
c0e734fd-0782-4ebc-a098-809089ec4df9,-11.176338904668167
9704a307-8640-414f-9124-37c0b4e56dd9,-11.178471278685167
4a706077-4766-4bfd-b380-0cb268ae7aeb,-11.184538070022857
e903c103-f0c4-424e-8ea7-35c0e3d30709,-11.182572295885382
0d089c4b-4383-4900-b4f4-7260be162176,-11.182039049349813
5442ebd6-38ce-4d39-98de-e5f4a2ad0160,-10.386103304102962
1ce80d67-4cee-42f1-affb-29a2b9169c8b,-11.186169610960292
d9534bf2-0b42-4884-8923-ce9218d12767,-11.18281574846362
cbbca685-692d-4ba2-bde3-c6b4b9047af3,-11.187033193645922
06a6aea7-bb9a-47aa-b0fe-2200e5c7bbce,-11.17893615770086
78b54d0a-c153-4c08-b562-941b5514f4bb,-11.17473173961736
af02af48-a765-4b28-b53e-fa2f0263a298,-11.181733159119268
500b5cda-2f71-4be4-a152-0d39f85896c1,-11.185805051025914
66aea8c1-3c8e-404e-93de-80d4635723a9,-11.177283331151134
34bbf6c2-0190-4820-9bd3-abee0df02b97,-11.181303633826284
ec49cf0e-3874-4f3e-acf4-be2264e7619d,-11.18694457901998
c39701fe-8329-47ff-8260-ff58b08cf685,-11.17292821401918
eb4458dd-879e-4c6b-bec7-68ac33f0aa11,-11.182806940627232
226cf1fe-5104-443a-a4c3-81a147a90558,-11.178114240112508
7f56a162-9121-452d-a4a8-f21acc7e58d1,-11.182371579331454
d8ae930d-2066-45a2-9728-22a18aeacc6b,-11.180433199484575
aeed0624-ebf6-46f5-9530-6a9da2e3c8f5,-11.180884128869168
aa950e4b-afee-4db2-bcbf-68ed7c5cd9d4,-11.174366378248436
157d7ddc-765d-4ca7-89be-fe49e06dea26,-11.18764807512041
68a622c1-dfa6-49d1-a70b-769ed72e400c,-11.18476749201132
65c7e0f7-35af-4de6-b133-40b269e173ac,-11.174349110289809
cf0da789-a149-4ced-91ec-3c090bf0a05d,-11.185887412055962
f638ad8f-578a-4150-8abe-758f591c2778,-11.183683121299463
413d3863-3049-42ed-b78d-0c3a95f79fcb,-11.183376372482847
ab8f0359-aca0-49a6-b05a-3f38eeaaab35,-11.180391979473905
a0310de4-f772-43d3-8a33-6083a23b9b00,-11.178573031712755
7eb545aa-b497-46a0-9e4b-b52e98768388,-11.18419392794006
92989c8e-b5b9-405c-8371-684e548c8754,-11.18166417164692
28d78ae1-78c6-4912-89c0-91067b7487ff,-11.179139970788878
e783418b-e5c4-4c41-b739-754fac20f4c1,-11.181985020994228
7a3e5161-ad92-46cb-9d26-ba1c4163cd37,-11.180226330628509
63ac9dc7-6051-40ee-ae71-ef4dfa0c3ad4,-11.182959557143368
4dbd8a13-162d-4003-8a0b-dc78cf4aa319,-11.175859204202482
19b8a997-e3a7-4f1f-9322-ea8d9a38d930,-11.176576005687489
6cf40c46-de5a-476c-846c-3932918f2d27,-11.17772878225507
140c6d1a-019e-436f-bb05-13c04e094a57,-11.180932874302702
47f7ac39-dcef-495a-a6f9-f2944e9e7295,-11.18906471476723
268634fe-6e86-4f51-a2cf-b43355f929fe,-11.18569231353982
b45639f3-45f4-4a18-8039-9904bb48b0c2,-11.182330180838846
fedd7873-b02a-4fd8-9831-6dce82e642a9,-11.18266907440867
ab22c816-bba2-42fb-a886-18ff56ab4925,-11.183903572567756
79c026d9-370a-4a18-89b4-0ca50b55832d,-11.179583534218832
5058b4ca-fb9f-4683-8fd0-70171296e123,-11.174027606599664
21ac6fdc-362a-4081-be9b-2a650aca54f2,-11.18321086633714
9d30029f-bf46-49fb-b1ef-8c62c9b664f8,-11.175249879589703
e021c3ce-0d3c-4f36-aa96-abe69fcbddf3,-11.187070523633103
2b101aee-8b2c-426d-a8e0-7ec798ad9181,-11.181531043510155
0829b504-e05b-4461-ba3e-490c8d7a4610,-11.179014901072646
444f474f-e0c8-46a6-8dd1-6f9da07860f9,-11.184624184407909
1cb6e6b0-0041-4ef7-8a5f-6a93939353d6,-11.18702245950049
991b6d2e-dcc0-4df1-aa85-278852288723,-11.185096859085622
4244d1e6-85eb-4192-98e7-9144a088d268,-11.176476731111295
d7448a8c-1713-4f97-b6b6-cf8af70b8f3a,-11.18134734230659
6df387fa-2e0f-47fd-bdb4-d9d8ec22c740,-11.1804819527312
166fac1a-6ec9-4209-80e2-b7afc1f8d797,-11.17251782775094
d0bc39ea-5915-4f7d-aeb3-16a66cbd4777,-11.1898189214891
a8686d62-021b-4409-80d5-f39cdf85a3f8,-11.177966773105766
604bf300-feb3-4442-be31-ca681040f7b1,-11.182059054522664
4d3a4d8e-eef6-4619-8aff-784e31ca0e2b,-11.179204614684142
4c8e82ea-f123-473d-a30c-a95776980156,-11.181171168810591
45f34648-a606-4e0d-98f9-ad21e24253ed,-11.167846838426838
bbdb5b6d-706f-4a2e-a96e-0f128ad84bc4,-11.176816430025877
70c49feb-f65c-4066-a3fe-609385ea8745,-11.183594611859602
05d560c3-f54c-48a6-a1e9-1bbca6641b9f,-11.189485259387778
08e7e7af-39d4-4dbd-9618-1996d4b7ab59,-11.181113321418003
3bc96545-27b0-4164-aed8-4ed5d7691ed5,-11.175066028073047
0e8dbf60-a5ee-4922-b922-c6441cc8a488,-11.182772848154302
a9e968fc-5353-42fb-b3e0-5ced68dc7551,-11.182382117022184
f36a60c2-4526-4898-bb5a-5a1bf010e5e7,-11.181959298615986
d700b8e0-27b2-461b-a324-748229100cda,-11.189574267173498
252f7f5d-f218-4d41-b847-951754f47eeb,-11.185730081562312
ea561e9b-ca03-4663-9362-638026494024,-11.163301033147803
6b18087a-d374-4032-9fe8-e1fa665442ef,-11.177037598896527
b65f0b2d-3174-4f21-80ac-a7fe436bff5d,-11.17643578753878
5b768af5-d9f1-406e-9d78-bf9a9bd482a8,-11.184654843209728
9052d5d4-1472-43a0-a852-59c0e5f5025a,-11.1796349698249
e0a0d375-7a29-4961-94d0-692a9a25722a,-11.181474490941255
6a4ccae7-1a77-45df-a8cf-308f2bdb2cda,-11.186406849637908
9b0449aa-da11-4c15-90c1-e940cd8a407d,-11.181264958990129
7ec97ad6-00f8-446a-88f3-c1b6d35b1401,-11.179677329334346
307ed0be-16ab-42f4-8a79-2e02e1e68fa9,-11.17939167878058
fb9db654-40b8-4595-ad6c-373547ac417e,-11.181262058036143
082d9820-b680-4f92-8d9d-50967b164a04,-11.183352695386889
2ae5ddd9-45ba-4377-9407-8b2295038e53,-11.183288062648865
30c725e3-b7db-4622-9d68-e0099169e93f,-11.177632979923931
6bee1607-0acc-499b-993f-0476e4d17fc5,-11.17927003549963
21d786e5-6280-4a1d-96b0-286b4bfb1d4d,-11.178018942256797
74171f9a-3b44-4d95-83bc-2e888b2f1362,-11.17995922605622
45b9a566-9abf-42da-9070-98c6ed4f746f,-11.187285957764082
81926728-d52f-4471-80f4-8462c2ca07b4,-11.180205976803247
97ce0012-7d8f-4b66-adb6-dc52291f500a,-11.18668509637637
ce72386c-0226-4662-9a82-8e41ba9971b5,-11.180660589792115
ce9c22f2-05dd-4164-9be0-a3d25f70b94d,-11.182437324550836
f900e0ac-668c-4df2-afd9-344950eaf73d,-11.179953559291304
3a10f81a-4ee6-481a-a230-7ad31a46d908,-11.179888934033082
ca8aa3e2-7fef-49b0-b63d-5f14c8906c86,-11.178258477429884
f4bd4a49-cc78-429c-82e7-ade8dc0905c9,-11.175982417160512
2bcdd6cd-011f-42c8-809e-9fdfce5fb1c8,-11.188472722212886
b135262e-34fc-4d6f-bc12-df67c376baf3,-11.17611053571922
af932650-dd91-429e-a628-00d719817ec9,-11.17506803197558
5801cb67-fd3d-4fd1-a5eb-4fb4f2f36a05,-11.18515897653512
66ab64ae-ce0c-435a-8f19-5c68342e433f,-11.179775259197614
19639321-a55c-48a7-b226-5b4c516195e1,-11.172674000770138
7d8781a4-4225-4eeb-bfc0-92807ede9606,-11.182448664306534
dcbf0468-b240-4fe1-b0bd-4cfa213dba65,-11.191777143997363
ca2321df-cba0-4f08-9a7c-abb728bbd76d,-11.17986276396996
5da589fb-ee58-4b32-a11e-d22df16a922a,-11.180508310165902
91673801-0435-4b97-a334-dd7aa6313e22,-11.18386405538796
2eb426d4-4f22-4eec-b2c2-de7a2cb8f2ab,-11.182192834685004
776daad0-da35-4f57-a847-ddbef3757681,-11.17681289720738
14ce17ef-4b4b-4f18-92e9-eeb0460e852a,-11.185373685563976
91ee9224-d6eb-49b3-a7cb-df263861aa00,-11.191610311852187
ed4c2a56-3698-4ee8-9378-d994146a6400,-11.184161863161265
221cbf96-9c90-4766-a16d-ed40668d15d5,-11.17958155476703
055ae014-0444-47c4-8a2b-4d43929aada5,-11.186420405319437
91aca072-69db-4ac7-891d-bbdc0e29190f,-11.182836923110994
590559e6-22af-4318-b6da-1e90f512ee55,-11.176918896440675
80f6c673-30eb-4590-baf8-2ede7d482c00,-11.178691127942017
4f26c753-bc0a-4caa-aeb8-e4bdfb5c16b9,-11.185584242530211
a8c1c045-7a0a-443a-856d-a362d9eed2b7,-11.185938243875729
6e6b1d16-c88b-4658-b42f-07910263d25c,-11.18719817666095
f14fa00e-09db-48df-ad60-ea270a3ec678,-11.180552803304794
ab76abf7-c900-494a-9494-f1d40cd3e8cb,-11.181710122632582
2860a5d2-5640-4f4f-b671-faa5b2b12f22,-11.184358851287092
3546df54-6c30-4b25-8750-c2bceb9f14e4,-11.17875517704654
3c05de59-249a-45ac-917f-8bd970cf0ea7,-11.1764423454138
0f9a2d1e-2b31-4950-a802-ef13aeb1fb43,-11.186478564068038
7641137d-eb9b-4bd7-9dba-4b6f9db20c8c,-11.179038469947631
68bb1336-1dc2-468c-af72-00d6649963ab,-11.18467108567764
7269d498-7c16-44ed-a59d-3ef3ba0d5974,-11.183138408011844
6ace1038-7508-4037-87a5-fc8b48e68e30,-11.179671612607171
0ac5e677-4277-4af1-b769-cdff62314570,-11.18046144124103
7cb168d1-3f79-4136-83e6-e2a7186d7b15,-11.180044685371854
70deac6c-034c-4019-80cf-a11141450ec2,-11.183962216988473
8b488977-5be2-4054-9c23-391306387b7b,-11.178963827987602
7da150dd-9a84-43d9-b653-2b93ff6b9944,-11.19123631051479
9d773509-2446-4e36-9c4e-7d13e132eaed,-11.181411506952498
02b67872-d60d-410c-8137-94bdbb3f4372,-11.182999058514463
40229968-58ae-413a-881d-f264c3512780,-11.185729553264071
2d646446-d10f-49bd-945c-1f9978c3c3a9,-11.183598391197815
fbcf757e-bf22-4168-a301-d42637fe2db4,-11.18933870756692
d048af61-0f2d-455e-a5cb-f4f1e5a15c7a,-11.184759242925049
44e9fe98-7b05-43b1-9923-5e141ec793db,-11.177606033360842
ffb250a0-3fd7-47fc-8e32-0997d750b8c9,-11.181120751466953
94d33ed8-794b-4abc-bb29-5b7554b1f7de,-11.184051821549764
a3d2aa29-196b-47bf-becd-532a8594c5c1,-11.182723807498128
acb0fab4-dae1-4181-a86a-821be6935129,-11.183738293996306
e18dafa2-25c7-4307-b8d7-071c06a1c074,-11.179052586822396
7acbdbc4-1c1a-470f-be01-7bfc5ad2882b,-11.1892582459954
9db29e44-3eda-4f4b-afc9-30cbf25ab86d,-11.180771455160077
48f27c97-7e65-4561-abeb-b1d0add63825,-11.181270750421175
b1de967d-b6fb-409b-b196-5e2dfc3b4727,-11.178241459887747
24b89f97-1930-4d31-9a43-bd61adb43942,-11.18178999710124
d6b1d229-2dd1-4b33-8a60-4da7002b65c3,-11.172942035643397
d007a6ae-a279-47e1-a09b-e855b4797e35,-11.179295645709
1fffecbe-c2a2-442f-92f1-a4d663cf85f2,-11.18145388633691
ed1e51a7-7519-469a-a487-fa1e06842bcd,-11.179576534755936
6555c64b-8caf-4677-b660-23cf2a865bdc,-11.187621097992665
66384bfa-d466-4aaf-8e5e-b5be37833a56,-11.179166600724107
8b41ba3c-5e6c-4a4b-9fea-871c8567bc24,-11.185751552544334
bd646f79-1ed5-42d0-93c5-f0a6b9858b64,-11.177395914587263
889e515b-6fc8-4dd5-943d-82bcf4b687c3,-11.184875286642171
f52c52d5-b3ff-4833-aadf-e9fb751f6540,-11.188416264477096
05dbc605-94fc-43d3-89d7-efc8432ceb40,-11.189102026597377
0e035e8b-5f70-4af8-81e9-9af1e32fa159,-11.179897591995664
e394bc75-145a-4dd3-b0b2-d1b5cb2aae34,-11.17284481200825
b08f4b7c-7973-4794-b65c-c76d699ddd9a,-11.190423720692516
a4af0428-fa2f-4698-92d9-75b37342822c,-11.179401091080765
9260df52-a1a1-493f-919c-3a422921e193,-11.176659401646416
a5ff9a19-35fc-4402-ad23-dee0fd6c8b90,-11.17960396742862
c2d9bff3-c7c4-478b-b183-60f341cd41f4,-11.178872851711237
b885bf7b-87e7-449f-8a58-241c6e25e647,-11.189806612202707
5e40da7a-e34d-4458-bf7c-47a2c5ab6af0,-11.172860663370592
4a8e30b5-ba6a-435d-ba9c-281a132d20c9,-11.185454085768557
647915cd-e0b0-4461-a003-1917e1538ff2,-11.177815085303925
510ffb50-cb63-4881-bcab-92572ef35889,-11.17869747408046
30b024c8-e478-4af6-bc9e-8031d090184b,-11.185228214742317
f1d95557-5a8c-4617-81f2-bb7bd09aa2d3,-11.170398890195086
6da126aa-a85c-42d6-992d-2dbbe0ddec09,-11.18098189911748
252de8f2-c933-4949-a3c9-723ea8fb6245,-11.178935895487916
f5011858-0c3e-4e6f-a329-b9ac91661a33,-11.177600702648316
e5e1ff47-4b65-49a2-bced-970a0381d5f7,-11.178099879744384
6d4fc181-5a8f-477d-bed3-7cce9169302b,-11.177900281421945
c340cb31-fafa-4cec-8545-4725a3313f56,-11.177003156298138
3b2150ed-d502-4e94-8c7c-adc959d0b65c,-11.17713692035598
3f130ae0-f02c-46ca-befb-a331d72a4a5b,-11.185633904156838
9384db3a-2130-4755-97a7-0e775e782f28,-11.183700632690726
a1694d2e-5643-45e0-9d97-9e18b93326be,-11.181338061921837
04a38f2f-9a8a-4149-b06c-f4318788b3d4,-11.174544812533346
ed5287e5-ac46-467b-a479-ca752b4e7393,-11.179971809308906
6b3cb0bb-34ec-40cc-b432-4b1e057a89b1,-11.180595901039306
e62efe5d-2c71-4bd8-b0c8-e02b5e10535e,-11.18723180075233
2c5f095a-6665-425f-9eca-24dae006f94d,-11.176309720951751
b1c50931-870e-4930-a8ab-bc93c1e98bbc,-11.17819365339256
376238f7-24b9-4fe8-a015-d41f92d41ec3,-11.176362215869949
e2c2a68b-be5f-475f-914e-d2ea5156152b,-11.180227712626184
81a63a69-c805-46d5-a1d3-54b01dd2feeb,-11.189831754846605
6602d5f4-550c-4797-b3c0-d0122715d865,-11.181597446854797
91e4a941-1b15-4eef-b2e7-e6a05f2b06d3,-11.185784471948285
fabcac78-b071-4f2a-a0ea-5878a31db764,-11.18731137009448
63e80eb0-f750-4ec3-ae82-9bca8609c0d1,-11.184178048286284
37ed2fc1-d60e-4d05-96d1-77df7ffe7d62,-11.18101449623003
703a6e4c-41d8-475f-b67b-622a518f7fb4,-11.181698489189182
8ec580cf-c181-48a6-8983-73e8129d699c,-11.177872803695072
30fc2e00-d46a-490e-8ee2-cdc72afa8239,-11.183432283423484
ffed213d-9482-4a06-913e-e47e779f4ef7,-11.181210413134798
d20c0064-dfa8-4f22-8ffa-7e830caf852c,-11.184835269495466
dd4894ff-4ec1-4925-a177-a2c70abe01c4,-11.184399076105588
6544c7d2-41bf-4578-a75d-2caa8248070e,-11.178223973946013
22761cca-ad2a-41af-b2d4-a1d38c54e165,-11.181888747273163
d05b2d4f-43c8-4c3a-9a5f-1bdfb5000b9b,-11.18324836832904
ecd27038-871c-47e9-a3d8-7746723dff54,-11.17812648007375
8c762318-1c7d-41cc-972f-fc914fea56fc,-11.185451618425082
4def3a2f-d350-49bc-b599-98727630c10f,-11.180639174753823
38849ebf-70ef-452f-9745-ada93c33528e,-11.176800578515
71202501-13ba-420d-be68-d4a18f9047df,-11.180554464723173
3da07bf4-0a50-4118-a682-1ea4c9e627d4,-11.187239295308212
be888e57-5a65-417c-b389-52b8c063af9d,-10.384398576119136
480ceb8a-8a05-4d8d-aa47-b493d3b1b7d5,-11.175890657152166
f0269256-5283-41f9-abab-4c3aae30d4e3,-11.17808275186525
99ec0ac2-01d9-4d49-8dac-bd5a7f43c43c,-11.178487267737886
ebfd4389-78ee-40ff-84a5-d9fc7de332c3,-11.18628230654986
c0c79a5e-3b6f-4259-a4ca-6934d80c050c,-11.1798578318731
23b1bde1-48f7-427a-92bd-1fa3328b475e,-11.18166502811669
63ae8785-9417-430d-9d36-ec967f52f619,-11.184865457347486
4703acfd-cdfa-4ce5-aa2c-811fe8723176,-11.178295001290968
912e4150-34a2-4944-9ecb-438a950b7d34,-11.184801578380943
b4db4a80-4e2f-4d57-a9ee-5acb7676ed13,-11.181454910432617
c996a9ce-6d85-4f7b-a5d7-fb8e071461ec,-11.183228742542674
591b7e00-2461-4854-8c2c-d77f782299ae,-11.180132850020982
5c2931a7-245c-472a-a3f3-31256649c3af,-11.18710114974938
b6734aac-54a3-4a2a-bd9b-b558361c0f11,-11.186282127378504
d9792a93-0d52-4010-a4a0-e5a9950793da,-11.181349327592152
3ce3ab47-8340-4c2d-979d-61a9eeca151b,-11.183815932806716
0dbd48db-5d4f-4859-9575-69e4a8e6c581,-11.181535704665002
b6011a2c-dcb8-4628-aac1-a97678adf718,-11.18584938001468
7bb2ea65-8207-4c84-8178-8f4bddfedd8c,-11.18107466425584
b091301b-3b40-4d4b-ad5d-bb306b29a3c1,-11.18754985311015
fd065976-c5e9-4dc5-81ea-c02fb05520b7,-11.179555129959423
6fcf00f7-c361-4856-885d-093b5026f465,-11.183721342201244
f507a53a-7d97-42b3-af80-39ef09edbf8a,-11.187824356627312
db77b04c-59bc-4c5e-b469-364e7dd1f0b3,-11.184674349931202
9f9dd429-f2c2-4cc3-927d-aac4bfdae622,-11.182941852779392
72f05bf4-1771-4837-a60c-01156f531a84,-11.18529423999973
dfacb1c9-60a9-46ae-8f69-609b28e38999,-11.186294058222328
af4bee4c-7453-4231-9286-2482ebc6b46f,-11.185836594661964
e4cb375a-be43-4fd9-a16b-5ac645d78875,-11.179583582299676
dd6dd2b5-37a1-4c05-9989-3409abaa4a9b,-11.177678443899126
1efeb871-0c80-4d78-80ad-49668a3b32f1,-11.176640221876555
e45ad921-764c-4a5f-82aa-23d488819361,-11.185485714496208
e0f23a5c-8b6d-451c-9806-6741759281cc,-11.181642344920434
404fcf9e-05df-407a-be18-36abf37c2d95,-10.380139630978586
2c311073-67dc-45c3-98ce-e3e344f28185,-11.169896655436414
531c362c-b43b-433b-baf5-e916a18ae52f,-11.180541107814248
4b09d3d4-c8de-4448-ad1f-040f349b5ee5,-11.175489470638444
47f3d0f5-2cb4-4f9e-8698-f3b29717ebe3,-11.172745732344938
98798cdb-b8ce-486c-b047-5f6149b40eba,-11.180895470100882
401fa3ff-227b-4bb7-ad23-2822970e90b5,-11.184759885758329
1b04d1b5-51be-489d-8fb3-f5898d7f859a,-11.177741006880703
275bd982-aaa6-43f2-b882-f0d419e222a9,-11.175322977501189
2c0729cd-b772-4b3e-a64a-dabd730201eb,-11.177385955150042
105b2c2b-7096-4ad6-9f35-62f161f34e04,-11.179352623066531
a3f1f7f0-980f-4e35-ab16-1e0e0c39e33d,-11.178143747807413
e4d44fdd-8a1c-42cd-a500-b9e596f1bc73,-11.180060201743087
7088eecd-1872-4d3e-96ec-0a4975235e68,-11.178795081186395
70dc91e9-dbd7-461b-8da9-dce8350e7201,-11.175466696917606
acf0512a-fb74-4619-8b12-875f838e8a36,-11.1856340560173
64eca4a5-ded5-4288-bd3b-64abc65603c3,-11.181629193178344
f386bc97-34bf-44d4-bda1-cf6ffe3bf84a,-11.186669172618362
3cd45977-7465-47f5-bdaf-4d68950d390a,-11.181778762750858
97c35792-6d85-4fe6-be52-2a7edfe03016,-11.179884773938914
2b716e61-183e-45df-bde2-256ea62968dd,-11.18105322804331
1acf500e-4f94-4111-8dfb-7bb627a670f2,-10.387301472146811
495bc240-0364-4d54-899a-a4dcd98b5073,-11.180883200009358
f2170cc5-8a37-4f11-9993-fc8dbb7aa6de,-11.181211023506542
446f9cab-a6e4-46e3-85bd-1947e46003cd,-11.182798793666144
4462b657-d374-4343-aa6b-baf562535330,-11.180351227486613
d6fa6a4a-49e6-46ff-a10e-c5f4157e5125,-11.17549554555279
c1d741ef-11f3-455f-ae53-da4675ad7482,-11.178956665846057
216cf5db-b006-4616-9eda-d0e2eca11830,-11.18096591462128
ef16b9c0-4b22-4190-9c01-7681ee120b3d,-11.181099047683144
ad9f2354-e520-4436-a31a-a1ece6a945d8,-11.186806475623838
52b150a0-f7bd-472c-87fb-cf67ec07c88f,-11.178299313003096
6dbb5953-6f61-4aa9-9492-07fa9df461de,-11.190144054121587
fd10f595-0668-4221-8697-c41b4a0000cd,-11.184133072915523
36ddcdc6-62bc-4af6-81e2-3e0a6319e73d,-11.18528829975045
88e23d11-8a8d-4705-8f53-e027d070c796,-11.179021918148065
b9d59e61-1475-44a7-9a0e-47e9dc860052,-11.189369669888697
70576aba-9025-4c8e-805a-aa734a02c92d,-11.176675126967154
254805f9-d8c3-4ffd-8726-ee00e1d04c00,-11.17671407406544
5b724210-a6cf-457d-b2ff-ac0a807f9cb8,-11.185348684347456
a01e23e8-7da0-4857-ab5e-ab17f7f7f167,-11.179649049587876
a50a87c1-e332-442d-bf24-1d508733bf88,-11.180060662497226
ec61d6f4-c40b-4ece-a2a2-bdf2662a864f,-11.179729005810694
7754c146-ba43-48d5-8839-d7493ea42299,-11.16745762739232
177610e8-3dcb-4ca1-ae6d-1f6a7cd9e855,-11.186931997236169
105d0b16-229c-4c09-9fb7-716018f837ed,-11.1774674332423
04bc1795-afdd-4458-b55a-a6a1d9a7bea8,-11.180984523389489
0858ca16-78b9-4efd-b72e-e588584897a7,-11.18058213744219
23a76df4-e765-4c69-902d-6ce22a949342,-11.17793590183344
73a9b6d0-8647-4d29-8ddc-b715a47b037e,-11.179233436241075
803d6fde-1939-4d8e-a74d-0d566f2250bf,-11.178106274933311
940bde97-90e2-44fc-b4e4-1cc648fb4268,-11.183624370972876
1b86c94f-1adc-419c-9235-d2c3361f3e65,-11.179194394620048
349de03e-4b95-4d5a-8787-43c5ff42d36e,-11.16813039755681
48789af2-cad8-40d0-853d-78fc28768bfb,-11.169186654320328
56348320-f980-416d-9ca7-742ff9fddb76,-11.181216353085675
7851c488-8e8e-4de1-8a25-1eabb5db3406,-11.17750442204328
cd1d3f14-facb-4efd-aea6-7854d3a2cec7,-11.17647714820512
e7ae780a-2992-4d1a-9774-a7d40c916618,-11.179176150112902
97d4aac5-eb3b-4e18-8e0e-f61f08241ff6,-11.175153369206528
cfbab9bd-aee3-4e9c-82a8-8a93b174a246,-11.18643376078927
02f5756e-cef4-4ea9-b47b-13882881ec1d,-11.188691220891762
987be6ac-3f4b-4c98-806f-4a1b8e4fbf67,-11.181654066874296
55930e14-2926-4247-892e-b600af8ef8e5,-11.182925443398307
6081d507-8fd9-4ce0-9c65-66ded3591591,-11.183756190829747
805c802c-143d-47bc-8078-bca84d8a3119,-10.39122303290439
bd90c953-fd07-4372-a433-237c20824257,-11.179796184266912
9e9153f0-ce16-4d36-800f-c9262c1439b2,-11.17276670919428
003d0e46-9c4b-481b-84d7-e523dd41d5b7,-11.188578712906478
73a4bed9-5ac3-408d-bc89-cb9fb4208112,-11.180403568670355
7ca4195d-6e03-4370-b7b1-3effeb1e7ff7,-11.176830640192112
8351c0c5-3ed9-4a5b-821c-9932d7d6bef5,-11.1850714656623
c7078d38-ffe1-49ec-96ca-daa61f68f224,-11.178085312016943
53b03ca5-0ea4-4088-8dc1-981689fd3804,-11.179930470243008
69b8f0c1-f5f8-4eb3-ac97-b8b6a2be2745,-11.18498266394211
e92c0e0c-149c-46a5-8a90-4b9b78723a3e,-11.180095225694686
1e2f34ee-4cc7-4123-88e0-b1de0170eb86,-11.177784766268372
3e73bc0b-c9ea-4ac3-91de-6a52a1c27767,-11.180838044168526
7be313dd-5a33-4a90-9f03-aad552f2e7fb,-11.180343398195532
3eb2c40c-38eb-4960-8d85-c6904f896e06,-11.177849412465015
b98cdb14-338f-47cf-a6be-2a968547d006,-11.186044592030107
f6c173a4-489d-4c84-a2ac-2bd279e07288,-11.182210251277851
d8aa56ef-ed4a-4c73-a05b-30b8b640fa08,-11.181789723555926
bb190795-c226-47ff-92e8-1fd3b69a39a8,-11.178180150294532
63eb15cd-bffb-4488-a4c2-2d3b04688ee5,-11.183265003665422
1cc0a5ce-8320-49bb-920d-bba13fc7b8f2,-11.18675276195632
36327cf7-596c-4c2d-add4-c77d6deb9fe1,-11.182787165762887
c09c5b86-3e18-4a29-b634-8dc61acad6af,-11.176094808329037
cd344ad4-be1b-49d8-b4ab-ae26962d52e7,-11.1789341038519
be83fdd7-365d-427a-8026-faecb509515f,-11.181945209831914
e3a3f933-9237-4f20-9c14-621cb36dcb9f,-11.184028171224726
3f2caefa-b94d-4b5d-9bd8-8186424ec0f7,-11.17206170267892
c6c386af-2b9e-486d-8c55-0dd7b2a43c42,-11.18028649988673
05603798-9982-463d-a39a-d64477168102,-11.184972691106086
06918302-2a23-4c72-9d84-cfdfd3fdc6ef,-11.187890776817136
dd344161-c2bd-47fd-a47e-8e444fea3ffd,-11.173875418208148
7d853ffc-78c2-4ba0-8fe6-77286398f924,-11.180384916387585
eeb98fc2-bc90-4ea7-b715-0f0d8bea7d4a,-11.185940788281592
2e061164-f191-45e9-8119-894b115fcc8f,-11.18822104937708
0abb5593-b5c5-4985-9da1-0f0cf2627fb9,-11.18727010954261
0f60b625-b362-4536-a3e8-01a783b2e1a6,-11.17850755606006
ec6be63d-1322-4cbb-b6a2-1b521e96dbe1,-11.177159347116955
0a06c27b-2dcb-4e9c-aa6c-ccce9db11911,-11.18341869836879
41e2ac0b-eb91-4b60-8091-f03d0e4de6bf,-11.18121776056342
785d2314-0118-4527-a3b9-2fbebe6aa029,-11.184403746274992
e3362509-55d4-416d-bedb-61f893eefd7e,-11.17784230190927
7000bb01-7d02-47b4-8051-e58cfd2a4b03,-11.168337444645344
eb347f04-60e4-4bd7-9f1d-0580caef0cb9,-11.188164100362924
2c60f26d-e823-4d57-bd6b-ce4b8ce75afe,-11.176924288135115
fd05f219-fda6-413b-98d4-33766c589e8c,-11.174296966431314
297b77eb-90c1-473c-90da-cd7fb7a802ac,-11.18443420008349
c3ed5742-0141-4061-9db1-182c14031601,-11.177199386212136
445c04bc-8499-4af3-8f1d-20698b49b2ea,-11.175344025677674
acc8d657-af1b-434b-bf90-48a9a738face,-11.17830465059926
4b1f9aae-02f3-48d9-8c47-d6a8116dd1af,-11.179451584140848
1f2ea1c1-a2ff-405f-99f3-35630ed95d75,-11.17597057424177
9dd2d28d-2f65-4ed5-a3ca-d210590eaa9d,-11.178998345130324
fb909947-0dbb-4258-8ce4-b8018f49a333,-11.186007472455207
aaf2dd37-176a-4451-8dcb-13329278155f,-11.183725676374372
86b5a750-ab56-4b43-8ea0-aa221542e5cc,-11.182984599947757
eab645e2-09c5-4efd-9f22-df43d7ade131,-11.180524926140324
0b8b3f47-0f95-4e4f-b474-9c73d5c82a13,-11.182478314993311
c39a487a-5073-4100-a1bf-0f48488fd322,-11.18172221206896
5a65e67e-1b2f-462b-b916-09306c961380,-11.182690855305754
d557d6bd-77f0-41aa-95a8-6241d3232178,-11.18288904132484
27d7f885-4ac2-486d-b357-1bf9798d6db9,-11.17743455680497
703683b9-89de-42c2-924e-56d12f0d2e4a,-11.1847373542292
6affd83c-ba59-4015-84eb-b206c5c31437,-11.184148171057306
3bdba6b2-ce24-4d04-a648-6c217dd11947,-11.186332803357503
ca9b66dd-8530-418b-967d-22e786470548,-11.18058481048172
d3bbf085-b1f0-4228-b5cb-41ae5e1104d7,-11.181547190979806
2901ac09-85a6-4dbd-aef3-aa45ec68679b,-11.18164425702754
efa3d55f-220f-4ee5-873d-4b1ce6d5ecfb,-11.175427540683312
4eaf7946-46ff-4142-8580-dba865fb1305,-11.17582241872276
1d09746c-0ab6-48b9-9cb5-7b6c9bcb9f49,-11.18858231345656
ef559e4c-17b4-4625-aa64-3ab9bce05621,-11.176451472840588
43dec8a2-44c0-4100-84f1-85f9cba265fc,-11.180524960647343
c108bf12-ab60-40f1-b8ce-2ec3941a122b,-11.176434344114284
9530033f-9f3f-4d25-b478-34310a251b9d,-11.175790302205227
dc91d529-a088-4562-8f2c-dbf1ca36a562,-11.171964427668998
3b5fb030-2ca3-4a96-8cec-fec84d9e1894,-11.183344422450505
cbca9ad0-f054-425d-b7a3-51a7e84587fc,-11.17251033910002
4ad3324c-1b93-40e1-a42f-fb2cc75c1eb4,-11.182443460562858
ffcfde53-5e05-4f68-8a2b-3d32eca0deae,-11.17885433446091
8b30af00-de2b-49dd-9488-58aeaa81f005,-11.184713767732235
d8b756d9-ecd3-4ba0-a94d-d6ae3a1374ca,-11.1836752484028
5f2d5402-b088-4ab0-8540-373c58d8044d,-11.176996079226656
4872c918-4649-473f-a04b-f090822fc6d9,-11.186368832556056
64ae9467-ab24-481c-b0a7-cee244556d43,-11.185613699598283
426194a2-f71b-43da-9c09-0c58bb79154b,-11.17656608525786
e6a87a56-cc5d-4891-8e57-080df03e2fe3,-11.180724149332192
c297a8b2-4367-4a4b-843e-6173289520da,-11.17873745120264
2f29da7c-581f-4a87-a343-2eef63ea5a8d,-11.184249983126469
6694d493-0c67-46e4-8129-5d0ae604ef08,-11.189026830770626
4789367c-58d6-4e30-b259-5a06e9cec630,-11.18414211525824
b08e6b28-c60a-4cc7-897b-0bd504d1aafd,-11.179173006420656
73c9819f-8ff3-4103-8c94-61242fbfe2ca,-11.17925576839902
452e957c-b17f-45e0-af13-1513d3934d77,-11.17991431371557
67b8208f-ec87-4d79-b778-4a1a8b999c27,-11.178298363888588
b8ae14ea-2aef-4e37-8cea-fa68218a56d0,-11.184791287847144
7bea977d-d0c5-4f06-816a-ff6cf8fe7363,-11.179647861768846
a5f825b8-79c3-4c22-92ea-e8c188326cdb,-11.183648747232226
d07c281b-c186-4ce9-a52c-069eaef21717,-11.182762528266492
2fd9d586-3322-455f-b820-67c6bbe66f08,-11.185783660703198
040bc558-b046-404f-9f6e-ad68611ec4dc,-11.1748043143147
b5d42799-c474-4330-acc9-9cd2d52736fe,-11.185675300421371
3aa8acec-de91-40ab-8b8d-e7bd0eed30f5,-11.189048614530854
61796f17-29a4-438b-b0fc-51492e2009c1,-11.178089404308768
57d9220f-3387-4fb2-87de-1071bd7d7adc,-11.170939630609366
3654e538-5f52-4268-bf6d-ebbb857085b1,-11.181358551802392
b0af37db-333e-4241-b657-dba19b0e269a,-11.174446873987195
b2a08149-22b1-4d82-9f41-ae82c48a064e,-11.17991922822419
cd70a953-c5e1-4732-86e3-c23dea748d35,-11.183176998694757
c4e0ad00-cf27-4cb5-9eb3-63c11bae1d93,-11.179430292241992
80aef75d-15b1-489d-af49-13ff13d20d8b,-11.179822079236455
7a35ee74-241e-49ce-b97c-c65ac26fc882,-11.177224966527843
f61bb2fe-51d8-4f0d-bc79-691d2822c8e0,-11.18468240811131
4ecebd9b-49dc-488d-884c-5e2e32ebafb8,-11.18657483509883
cbb40cad-841a-433a-b2a4-e3a90095f6bf,-11.182644154727472
9e075f47-fa0f-4a92-b049-f048d12681d3,-11.182319393978569
3e783542-b7f7-42bf-8b33-e38e6f0036d8,-11.183132603316242
904296eb-9908-412d-9901-0411fd532c5c,-11.17787821167669
74e2cf62-4792-4c87-bd28-12f16d752f9f,-11.181341859913005
55c6136f-7694-4325-8ae4-1a387dfe8fcc,-11.184288946230192
a5ca0c97-22cb-4852-95e0-d4688af19d57,-11.182564876484152
411302db-1d2e-42f3-84fb-202d801b09e5,-11.176524555016892
0ab76d85-5924-4871-a0ea-ca3957068f23,-11.183314689029183
e6bc8a52-9177-4864-b165-5175e1d36d63,-11.175943666661862
3a5b3ec4-c363-422c-9af0-cc24637195d0,-11.181026535700695
7c595d19-b975-459e-8fec-ab514d4dcb52,-11.182022926319092
59196c5f-c41c-4661-bb65-8284a99c6f03,-11.174709713765315
9d3ed0c6-c025-4a9d-bbde-d249c6660d35,-11.182376193820476
8c8e1660-afe0-4d84-bae7-aba95f75359a,-11.189345309558153
c5130772-18b8-486c-9821-5549103827aa,-11.18036129314651
bcd18bd6-3b43-496e-b8f0-8cea2de23609,-11.181136063522228
cdaa10b1-0a97-4147-bc45-ee6feaf80c32,-11.174718942622317
592ee440-621c-49fc-add2-de5ab32c7bf6,-11.178439718390754
8385d9a9-5508-48d9-96bd-87185cd47bb3,-11.182015934581706
de70cd3e-a0e6-4e19-ad29-15bdde68021c,-11.18230501590093
56fac9b5-272e-4cda-8a5a-522a84a33204,-11.177448741605817
6b5c3c77-5357-4e96-8b9c-388aa77ca178,-11.183129525081648
d88b69ae-1a62-44c2-83a8-1d7ef26f2ed5,-11.183405410708264
3d73503a-cb2c-43ec-b78c-25b20df27729,-11.1870221981712
579873c4-bf73-4516-a260-24d7111660d4,-11.185774735508232
8334e2ad-8f51-4ba9-ad07-dd67a5e87032,-11.183960290729408
073f5953-3645-4337-907b-479d85478c48,-11.183856079725476
a3b6bf98-78ac-4c88-9fc8-3d07f6f92738,-10.388371036762182
41372b38-bf47-4330-a60f-edd3b80ef0d0,-11.17952156051894
9084128a-003e-4730-88f0-a5da12e7b4c1,-11.181986327074288
145364a6-72fd-477a-b860-c0d714d5254f,-11.182342178654594
2bd426f8-5bd6-4e07-a89f-cb684f345bda,-11.177680840874835
d5ddd156-6914-48a4-abf2-df12cea6ea02,-11.181946313080122
398b3562-e0d7-4292-a4f9-c31e33ffe22a,-11.183508343191365
1fab3842-b19a-4e31-bd46-e7e4a9537d18,-11.186559152962936
d4681bc9-89ae-4bf1-abbe-07f6ec54de61,-11.18431207375047
b3c39f46-1dd0-4bb2-b62a-bc9e5e74d416,-11.183006017590902
be8b58ae-e2cf-4c82-a346-227ef59e6621,-11.18527022741466
fd451ae7-b81e-449f-b640-517e39d58bea,-11.18079500787622
799e7d6d-3699-4263-a0b2-6901c6d0633e,-11.182066648884572
2b7e732e-538f-4d1e-97bc-9a567f55e046,-11.178923981482216
2bc2a877-5ea6-4991-a598-ccfe915c5387,-11.179565735139589
587b4688-063e-4046-8bfb-f864fd7e0f01,-11.182563089005937
84e96594-e0e3-4c28-877f-d6c7a1b88373,-11.175851444715246
0f714193-d9da-423e-a663-a614e8e526c3,-11.186120447700931
c2c48d4e-0f77-406c-b659-1784b7fc4582,-11.181795620607009
6c8dcdea-076d-4c8d-a810-77bde79249a2,-11.174623687775668
387e4fa9-4da9-4dca-b99a-6c80cfd22fd7,-11.181207668742577
18e547ed-342b-4a1d-98a4-7fcc7edbb7a0,-11.180905799809974
65e7c63b-de1c-49ba-93d4-ac5d6a057060,-11.183885238809069
ae543428-7ee7-4a7e-8e81-aba03d95ee4e,-11.184956949637662
cdffc600-35d5-411c-bcf2-60bd5f79a17b,-11.17814548638234
af406329-a7cc-42c0-a3c1-ca9490d39335,-11.183299006093948
3f9db985-73cf-4b5c-b7e7-7d2b5f63777b,-11.183848403141388
9d2a6e3f-1939-4d62-a099-63c341d10b16,-11.18374588268908
084ceb83-91c7-4074-abdb-49a836bc2015,-11.187047623230322
3ae54d43-bec6-4b13-931b-2bc7d28c6b30,-11.179663966654797
43f41018-c2ea-467b-841c-649646f7cff5,-11.182410227262118
50ba55b0-0ac6-41d5-b5b2-474b4724459a,-11.16813039755681
d9523770-3327-4dbc-be16-e22ca7736235,-11.180139509274996
2e02c4e2-ec6b-425e-acda-53c52c4079ce,-11.180820259709828
db6c3d6c-629f-4b59-8ccd-794d84a99194,-11.180125018840249
b629a2fc-c2d4-4bf1-8490-2a36e2f4a91d,-11.183221396745331
1a2bd93f-303f-4456-b33b-9f6447b195fc,-11.18197581167558
d32e0da0-5b80-4071-b18b-54c030fd76a4,-11.174443723008464
8490d554-d2d2-4b04-b4eb-b3e1deb8cfb0,-11.180575540890247
bc204ece-96fe-4377-93bb-9b89d88c8937,-11.181532847689166
53ca9f11-f543-4407-ab23-693548162f52,-11.180275561204676
e8ebb64a-c762-48d9-9ff6-d9ad788b1290,-11.182912801905912
24ff5b2a-2b27-4488-b0fc-c9a746419207,-11.186257331795112
3c49ea21-7a36-4697-a2ec-13c70906b4b8,-11.187387169978528
905a6d61-0a47-4c50-9646-0d80c330e1d9,-11.18360210763779
0728eacb-3e80-40b9-a8de-eafcca4f8478,-11.179323238454156
b5a65504-eca7-4797-991b-4642f739558f,-11.175744978236148
846f80cc-a64f-47fe-8b0b-1b5a0be9c7c6,-11.183865789660883
903da120-7ee0-46c4-9923-678e0caecd75,-11.174353630551884
1cbeccd2-dc40-4d6b-856f-a44e609c34a2,-11.176072033434854
c18da93a-a1f2-476f-bde2-8dbdc550a869,-10.386485493805695
b4b553f1-6f71-4b66-87bf-2624975959d5,-11.188867425684595
92362d4b-c850-4a1f-95c1-fce01fb9bae4,-11.1741168195839
0b1ff167-ead9-4b3c-810b-d5f6be1b5718,-11.17276345822784
12677eaf-aee9-4b63-973c-d2454732e358,-11.174903601750705
c4626ae3-6c66-43ac-a22a-f01c0f74bfd4,-11.18598429202696
00fe7801-d07b-4356-a3d2-7e517b054692,-11.183247259813337
7c44bfad-3d7c-48ae-9b73-ad13d9649e68,-11.175527608220165
ff683a0e-f822-4b8c-bf69-a6c08474d19d,-11.178413566424624
e42706cc-35d1-4bb3-b01e-35bef2443adc,-11.179390902079517
0fe53f75-b61a-4543-8d88-c72dd526a041,-11.182648817337398
46e9c0ac-eea7-44ff-9e65-e5c1d068d3de,-11.186827049428498
40935a7f-df3a-48a3-a440-a82436f5aa47,-11.181237558654155
244a8797-5875-4c61-8265-f2ea2d7990fc,-11.183273193981451
12d2113f-8e1a-4abe-82d7-2eb0e6d09773,-10.384002249484798
ca023380-1a58-4483-9895-4e9b154b1b16,-11.181359430592986
8e60c5ea-949b-4db6-a7cd-23d9afc1fdaa,-11.184145881037608
f051caaf-ebde-4214-9658-a8da571d4681,-11.17883166304063
900b8220-1e21-4a20-9e29-8a71da22723e,-11.182131795708704
3a5fe85c-20cd-4240-8306-172b4efbf62d,-11.175820285425448
db44d8f4-f404-420c-b21c-6b586cfdd619,-11.1839318748759
c9805df3-c8d2-4070-8c40-bd4f64ad978f,-11.184019711510064
1bd571a1-c4ae-4dfc-9f83-b25eac040550,-11.174085885408582
0981c46e-479a-4c8f-9afa-ca1a15febb73,-11.190351180742924
81554875-5ae5-4a73-ad57-3952fc246838,-11.179223928728916
38e67fbe-d89c-43a3-a5aa-8be19f358985,-11.182218803388883
541940a0-e1a6-4099-8252-07566a46526d,-11.176266003420825
c85e0795-537f-4c8b-9aec-88f04d22c03c,-11.176003584448084
383d4e1c-58f3-4c7b-994e-1b81b57dd9d8,-11.176909710133904
287876eb-7c79-4ea3-a0ec-036e39ddaadb,-11.179143925715984
11a11a2f-b93c-4e12-b794-5c15df9ba725,-11.187794854318504
e6ae662c-017b-46ae-bf0a-e9a7d075b6de,-11.179883730090143
8d302643-e63d-408b-9c6c-ec8bd124a1e8,-11.181395311489728
74641891-2f87-46a7-bda9-2d895b8a4e35,-11.189372038151976
dffea800-9de0-4fc9-a691-04396cf59bf7,-11.183935098198386
436e3c51-f49c-408f-9eea-49685cd19940,-11.181206791452825
c86faed1-1ad8-4b15-bdb5-fabe0e43d2f0,-11.186020125823102
4073478c-d223-4c8f-9c3c-17348a89ef00,-11.185361312300932
539c5765-3c37-400e-9d73-d7624109be13,-11.179225739112614
0f6d24fb-574f-4777-9f60-b62a990bb775,-11.1835724960883
f1c33c2b-63d9-4f6f-9571-ff8160b935ac,-11.177682559909233
68b9fe7c-9d47-429d-9909-b64d2faf4dd1,-11.179135926176258
fc08c5dc-4672-4b29-b7f7-7fa6c2f501cb,-11.176577612411574
3a40d89e-5486-4c4d-a7f4-2b9f41f97960,-11.178275913988497
050db4de-c750-4b96-b268-95f5d7201f49,-11.17408267844155
69c0028d-ff8d-4e65-8ad6-917c6c54880a,-11.190336320055328
49533dd5-0199-4928-9244-bb2c33d538eb,-11.183621447783294
63119897-b362-4202-8f7b-da5fa4bb19f4,-11.175614645119811
ec0e289e-62f7-4bc7-bc54-3513aae328e2,-11.18318123876601
2149cf5b-1a2a-40b6-8cd7-ed9822636ad2,-11.178378817210389
d1ede9a2-9a3b-4136-8210-f72d1acab169,-11.188262584293346
09d2d4f5-1948-457a-bb26-b14fafdcac2d,-11.179528402095457
ad6468d9-e984-41f3-a67a-ab47d5529571,-11.18557067202308
d3cbe329-5a31-41d7-8f20-7e692c856a14,-11.18359344496353
abe278f5-d750-4e1c-92cc-314c1f91c649,-11.181182086142112
6efe83af-18a4-4128-b534-f2b16b64809b,-11.180309139833687
8348f2da-d825-4f18-875b-0967cbfb6204,-11.182171503501849
853cef40-af4b-466f-b7e1-9ebf390298c4,-11.181640402899829
576316da-3dd7-4f54-b69a-c1b7a543a23a,-11.18078940829384
ccdcd2eb-2bd1-4aae-9b1b-c91c0241bdb8,-11.18162339067438
f363b325-dba1-49be-a09a-646db27b8f5f,-11.185291619761475
c95a6667-cae2-4b3f-aa04-3d12ac048c01,-11.179394776967754
1bee8127-e6aa-4ce6-8e64-0770fd74c9c1,-11.179304629948762
df1441cf-d8c0-47fb-9f34-f3691ecdd1ad,-11.184782421651564
190241e1-b462-412c-bae1-ef3c52d0a8d6,-11.182579954687649
67c2cf6b-7a26-4277-aa1d-c9a36e096601,-11.1868868815951
f1bdabb2-103e-460c-96d5-a6054a1dbf99,-11.181677478876448
fe1054da-b114-499e-8226-d873b9dca852,-11.16844782733506
6705f28f-388d-4e64-8a88-952303f2e12a,-11.18222741607367
56b37241-3ee1-4d8c-bd70-f4b0992ccc30,-10.389646600952974
2f9effe1-7edd-41b0-80c4-ec9e8a94265a,-11.180793775122137
9f983a53-4470-4d5b-9336-d84fbbcc2fea,-11.186914218805288
5b1c1685-abce-400e-b853-bd7379ed1d90,-11.177320437674435
5e8fe741-2507-472e-afa9-e7c888ed97d6,-11.17990957697912
a78e0e1b-c183-480a-b49c-a6ca7956afce,-11.180635180415774
58332e16-0c83-4719-9357-f0340ca196d5,-11.182021530490996
a16e8a9c-2506-4cac-961e-29c31494ffa3,-11.18148436585509
486091dd-1b3c-4c1d-80e8-ca8c2d398779,-11.18016821342202
2b6eab51-c608-4252-afa0-14cf33a674f2,-11.175274177772534
f3b83255-6384-49db-937d-29699c30ec92,-11.184775925381572
e1763e54-814d-4793-9611-bd8a3446ffec,-11.182448394057891
b85342df-38c0-4c04-a63d-02e96b1e6f62,-11.17731645689062
5536f0f5-d54c-434f-b14c-2c6d7af5a470,-11.17456932240777
f73baa1c-118e-4a9f-ba87-62f4f68ce9f7,-11.18011381279144
ef70743f-6ef8-4044-9bc6-9ac75adddd14,-11.181764855867804
ce5407d9-91dc-4ef4-93af-acce1f90ff5b,-11.179051321367604
48630f69-c831-4b0f-9d3b-0fea50272d14,-11.178531039671604
4b2ff976-e80b-4c93-9b8a-005ec23ab1d9,-11.17990801083842
630fa6d4-8752-447d-8bb8-ec80d60528cc,-11.177063886453627
9d37e7c1-97d1-457c-ae50-6d8a76bc87e7,-11.183899654522351
c3aacd7c-6265-47e7-a8c6-c54a91bd3532,-11.181356091165169
33232231-1c22-49d4-92b0-b0033c45053a,-11.184727942000418
fc7028cf-3ba6-4a7e-bfc4-4d97fc348260,-11.185665233083569
6edad304-99f3-4156-b813-5bb75b73ece4,-11.182969433499348
9ce6e92c-7b69-4b8f-b8c4-5b2fbd5b0b5b,-11.182769521327344
150ef078-c0d2-402c-a0fe-e998c4dac356,-11.179490771941124
3b673313-7c84-4fea-9a53-724e18d08359,-10.388748295440118
8d3c2439-46c1-4a04-a952-2989f9400ff5,-11.17801468676107
c1b5afbb-b82f-4ab7-b9b3-a371c641c0e9,-11.175230363991446
79d35016-3d62-476a-b1be-989139797d43,-11.185495127618267
128eb7e6-77f9-4403-bc32-b31c9d040010,-11.186436195907335
801a22ea-7d6f-4ba0-9ed4-dc3d3bf3b256,-11.18546050445275
becad7dc-4ce1-4ea1-87ae-edcb809323a9,-11.18258349711337
b4b47315-ed54-4c76-9fa7-d0554817cc72,-11.186991600057803
dea296e5-db8f-4a64-baed-5483a72f5d6c,-11.18058050149704
f470913e-17f1-42e8-8ed0-07fea4138926,-11.1750238673332
f0885460-de8c-40db-a595-5ff1256deeab,-11.187972474892188
06eae594-c1b9-4654-9296-2a24117dbc8d,-11.178862069535583
7b315b77-91d8-491d-bec2-e8e39d1f6642,-11.178306170565111
9543190b-0ac8-4353-9747-267c5bc07949,-11.187347862883913
e6876e3a-a617-44be-a0fc-a07d991e8c6d,-11.179513792291392
2a879355-62b3-444d-833d-4cc4521a20d6,-11.18382011225124
d9c9ebe2-d1b0-4832-817b-7b296b0d5ca3,-11.179528495482254
732521ff-3dd5-4ca9-936a-68042e59296e,-11.17743761226384
15c36083-dd13-4dec-a882-f0e8d34f499d,-11.177892597815523
eb8a47d6-5f46-447b-817e-f866e81d1030,-11.184969843934914
9a88ab58-ece0-4d6b-99f8-c5ecce3c6419,-11.17348438129263
3477509f-7bca-4df4-974a-a7cf1e37d996,-11.18714405307883
e1843205-78c0-4d5c-bafb-7f9b81c77abe,-11.178280643365772
fa9f7b8f-9eff-48bb-aa08-6a5420a59a81,-11.184100459021804
7d5d790c-31ab-47a3-a0cd-b659d5cc4569,-11.184475087760838
0242bfd2-068f-4cea-b505-f6af00001773,-11.18565386149199
232ce993-8db1-447e-bfdb-b7cbf9d0c7ad,-11.17975425298722
8e36bb80-e329-4807-b092-3cd58c11842e,-11.175250044594998
124fe37b-5665-4f02-a036-f614a32fea3c,-11.175431949553426
ee53f0cc-1af6-4732-9baa-832bb3b6ebe3,-11.186330415261663
3d2b5682-4d24-4172-904f-c91f55d83cee,-11.18200181343198
7026b3e2-1a8c-4157-bae7-d9dc8c5689e8,-11.176250606561318
e445117e-888e-4557-9d37-c0d7f43f32c1,-11.180760278274796
28ec0854-1d00-465a-9d1a-673d0306ca89,-11.181059707616678
cef87e5d-ea7a-4ed8-a45c-bfc20b169fe8,-11.18425879775278
4383517a-16dd-4c62-8461-5e07c71c0b7a,-11.184603111256076
28607a1b-d8c8-44d8-929e-3ec7e70f0cd8,-11.185091329732144
070d6365-b053-4ef7-8d0b-393cd7fb73a7,-11.18162282052084
f0d500ce-bceb-478b-ac5b-a3afd07463dd,-11.176977663454473
dfb5b8fd-5fc9-477f-b44c-a866973853c6,-11.182090278958244
6edabb40-3a9f-4d00-a72d-f77cec8c922d,-11.186702316321645
9a615d1d-ccaf-4c55-b7d8-3f2992636a15,-11.178540610911618
93ccd916-768b-452f-bf3d-d67b7d929582,-11.187435121204544
9b7dbf84-46dc-466f-8c45-84163c27ceb6,-11.168376618003771
08b6a538-d3f4-4e0b-aca3-e0b370a26f47,-11.178613073251038
b71c829a-04e7-49e2-ac81-78d734d02153,-11.185082926358554
98ca2b72-74e7-4492-9525-9dabd7d2d964,-11.181945874982755
f6cb79fd-db8b-4987-ae83-1e4de2ea71e4,-11.178796519006797
087f75eb-bb42-4db9-8c6d-60f6fd2095cf,-11.178488644008254
2b69b380-8fe5-433e-b206-4d330515095e,-11.184716918334226
fa0622ad-8d08-447c-bab4-68592b3ef415,-11.182162540610912
f1795561-bcd2-42cd-9c14-49385e740741,-11.184225821899414
fa0d8d51-6ad1-4387-bc2d-36dcfb47ee53,-11.18497980603942
65f7bc75-cbf1-499f-a563-1717c4118d99,-11.188585425629611
6fe9977a-e0e4-4216-b5a8-07b0f1afb9a9,-11.1776637219889
c62b7f91-0373-430e-bdba-4698372f5c8d,-11.181017968217454
9d8a2287-05cf-4702-9f7a-525e58193cf0,-11.181011408439428
ee3a7c8c-38c7-4b5d-a99c-b358c33fdd2b,-11.184327959654292
69f8f6b5-e096-49a2-ac02-5e8eb787dce7,-11.179764526571631
0a083a01-971d-48b3-8f03-155aff5238d1,-11.181557465014134
4c16d82e-07eb-4239-996a-fa873aca22ad,-11.184434937751323
f4593cd2-fc22-4f72-80c0-44c483caa738,-11.186654109733896
cabf7def-8bb7-47a0-b8bb-c7dee8805a7b,-11.184627827218437
5a36fb54-8baf-423f-b421-bd9cc2ddb845,-11.183794362792332
36c70a39-c730-4b46-8f56-365ecd34cf0c,-11.184181593445624
24810ce1-704a-4a75-a367-1e0cd331d47a,-11.177763125695158
05b65745-cf0f-4b1e-a370-848dd538b181,-11.182264792828018
49bc3ac3-3ba1-4a08-98a1-f93ed416d895,-11.180052018766611
33522a17-0e5c-47b3-88df-5417e8eb238e,-11.183289510552408
c9660c57-6188-4fe1-9d85-61500ed038d0,-11.183692972433056
c3a07b4c-892b-43ef-b46e-b1d8b3199065,-11.179705085888486
3e4fed4b-2011-4bf8-96da-23f6857cdf06,-10.391749650857946
693b957a-1b9f-4e36-821c-7b8c6d9607ff,-11.1889833283196
4445c020-b836-4111-9899-c00d76a74dcb,-11.177263838807033
10616edc-5c59-4f01-84a6-e6ab4bf347fd,-11.18001210340188
47b6e58a-935a-4726-b49c-38c42b9ef440,-11.177826177704738
cb290901-7552-4eb2-98f2-3dc2f8f384f8,-11.176975428216206
b5ce6cc0-1c61-4516-b08c-1af9052f08f1,-11.189059154158803
e99c5f77-c4de-40b4-b323-68567b1757df,-11.178229813257486
5c6aaaac-5c62-4284-bc2f-f0e832c8664c,-11.181496811206143
f1270454-abd1-49cc-8e0c-d74251bee9e4,-11.185467796254962
74a17908-a3a3-49e5-8da0-c20388b37ba8,-11.182176640975644
ee7c04e3-6101-4de4-8998-9201f5054472,-11.177436080160131
16ed4337-7886-4e78-8476-e9582598fb9d,-11.185354201630398
6009331e-ea52-4405-bd5b-fc311a07a941,-11.181379988868734
48b9e035-efdb-4c6e-8185-23d3928f131e,-11.188936438552629
5e479828-275e-41ec-89a2-14fd841d60b4,-11.181183753045122
8d811396-9543-4f2d-9ca8-151694bc9d05,-11.182423571544962
882d24ce-68a4-4bd7-84aa-ca5e6b16866f,-11.174287319894216
52388a78-83dd-4e2d-ad53-8b1302d0f8b5,-11.188530662330567
d8d23866-3de6-423f-b47a-f7aa30c9c258,-11.181098061958949
b9d3446e-2673-4972-9a16-a436ec8d94d3,-11.181229860431708
7ef436ce-0868-4bd2-9baa-22e8f0a11521,-11.176021797750238
02112616-5ee4-4640-96b8-8868ad04539e,-11.175856540092358
d8882898-071f-4a56-95ae-cfdbe9435fdc,-11.190839235477313
96678927-401c-4031-82e0-c2d42bf9a1cf,-11.179050040422718
63aa884e-cf4e-4baa-b9e7-f8302bcd9ee3,-11.184592778989195
64d7ed52-b61d-4c08-a19a-1091d79722e0,-11.184750380020471
bf2edfa7-e0f4-42c6-b714-0ed85be740dd,-11.182572746586152
3f8dfd79-6c10-476e-88d6-e98ff69a45ed,-11.176305248519188
efe51721-323c-472d-848b-3603dc532562,-11.179000187586723
0829d3b0-f810-4116-b497-d644d27efb98,-11.185877110127716
b17155d9-04e0-4cac-b8ae-27e6f9cea7a4,-11.180173839598964
6ecb0f3b-53cd-41b7-b3bd-2ae3fe8ae009,-11.175069791956467
2b033218-0468-4852-b82f-b677b6d62c75,-11.182332019309904
c30fcd16-dea5-4d2d-a96b-cb123c79fbe6,-11.18314559805872
ce2107ba-e13d-49bf-ada8-e2ddbbb95abb,-11.189564853431603
5d19baf1-f7e3-465b-ae58-4aa370f8732f,-11.185486635878982
57607b28-4d7f-4ba0-9fb7-f7d12b06a021,-11.180748845683734
b5212c0d-7235-4f8f-8db5-c9bf48627915,-11.183314764042574
2ce818c5-fcf0-4395-aa41-4839f3022c4f,-11.182200095333794
5fcb7b1a-9789-4bbc-85e0-c394edf09109,-11.182794128914797
cc84cef4-1d62-426d-a1a8-2717ef0af678,-11.182571972949736
782471dd-3199-4c9c-8156-809c84d05a7a,-11.181841707945289
759ef384-3a80-416d-8c04-b3a457212726,-11.189839018283571
28c6ea62-e1f0-4bc0-bbca-0b39f4d309e1,-11.175197380088475
bd1ef642-f3a3-41e6-9a65-99ce59088f93,-11.182275332360858
1f52f7f4-a4d7-4767-821a-d8bb68fcca95,-11.173855513821168
f965366e-4acb-464d-aa7c-3b452df0fa8d,-11.185762364199386
91633795-624e-4cc9-acae-0a0183b6e5d0,-11.181591983698556
31d27dfb-b5f1-4833-a3b7-7ebe48e85aa8,-11.183238647797634
99ca92cc-7b9a-4c62-8611-630e3d5a1daa,-11.181858427881686
27cc65dd-906e-429d-ab39-b637bdb8570f,-11.18162591018758
f5d915a0-a13d-48a5-9bea-71d99a0b9638,-11.178634360624432
78f470be-49ff-4404-b44f-56b1193bbad0,-11.173261336910857
492dd1bf-7f11-4fe2-8571-92e0843093d5,-11.181345299488422
70d2547d-a2a3-46a4-a90b-9587ce695b04,-11.177486366239442
fd8ddad1-5007-44a0-b6cd-0debf25a50a5,-11.178847875856697
20c76fad-f10e-4977-87a5-9b38165eec8b,-11.194303301449835
d4e6d2d9-4725-4616-8510-17d3fdb437c7,-11.1811340842484
074d34b9-c3f4-4dae-ab21-dea054a4197a,-11.183188957200697
31f0a8cd-9d10-4d2d-8f76-10987a9c1e9c,-11.190177891020236
77319f9d-0781-4860-ae6a-2e8f06ce6684,-11.18045875650916
08f2ce86-84ae-4597-916c-7d808528aee2,-11.180352608236008
753f510e-f743-452e-a0b2-64b6368d5311,-11.1821035182221
36715a24-898e-4084-9116-9a6533ea7dd2,-11.192382066599444
d1cfed0a-ff7a-40ee-a8a0-081003ce0ed6,-11.187180440387545
f8b2b7b6-6b53-47b2-82a8-49ae8b9a1210,-11.1876644854914
dad46204-4b12-493f-bba9-2ff01dd2a658,-11.179672460533002
ff3614ab-0991-435a-87db-e27096f1710c,-11.18611089965826
ba62a7de-e0f0-467c-ac0d-11893b6dab19,-11.186625591830504
13a32437-a054-41ec-b848-8b7ce21d7b4b,-11.181293825753148
ccf4582c-923e-4808-87f6-b9cdaca248cb,-11.177902842991196
6817c490-1139-455c-9e7a-f06d4ff1dd13,-11.18433962509129
2cd82de4-2b9b-4a57-acf6-009ba56e62e8,-11.185663053986492
c49cc71a-acb2-408d-9db5-a26f432a0852,-11.1818342165297
bd812b51-42e7-459a-9a29-92f3209e9402,-11.180553965629336
851e6fda-29d1-4a36-8766-81ed0e8d9976,-11.18023928300786
8e78410b-4acf-4b7e-aadd-55cb2ae4d86e,-11.181873666617212
b2d814d2-4a2e-4663-a2f4-62fda1c4056e,-11.18266873888052
5a1dbae1-c735-428c-baf9-c1bd7633d3fa,-11.178371083106306
d2b8313b-605d-4a79-8128-bd3142f281d3,-11.185511570211608
3782da8f-7a1c-4633-b2bc-319f0e3437f2,-11.180571864795253
ab047fd8-fdbf-4135-8e93-9443a2ad873a,-11.1783240180598
8672014c-6fc1-4c85-aa29-b45bb75ae411,-11.17659349778002
000b5470-7edf-410c-8da0-b80f83ad8eee,-11.18401082110988
d35ce418-be50-495c-b27d-850591382d90,-11.17821974222076
747e26ec-2867-4cc8-8e07-babc681967a6,-11.175268258188868
bc6c405b-970f-4913-8b73-272353dedcf9,-11.176043772850688
5e7d727f-a21f-4d83-bafc-be1b86754e79,-11.180472564812437
4cfb0a2e-5b51-4fbb-b77a-0c912b1b4f66,-11.176017351258992
db3a0100-3fa4-4fda-b5c4-7a3a2623271f,-11.1798750572541
a87d5fd4-c8d3-4ba6-9740-46726808af01,-11.185791433982317
2d279b33-5bcd-4d39-9d6e-a3fa187570f1,-11.17883344101718
ab4e2f3a-dae8-4e62-9926-9fdd37470f1e,-11.182729779051188
6ad8869a-6f8a-4e04-8c98-8014ac5abc71,-11.186339722464805
4d9f4e7e-ffd1-4929-aeb6-cb81a7139f63,-11.18126238399651
87f31916-1d8a-4fd5-9acc-728da900e428,-11.179538386705282
677a9b43-b3f3-4e9b-bbe2-24304db59869,-11.184758100181266
954ea1ae-cac7-42dc-983d-a702967e6cbc,-11.185267111942066
2b9818e2-4f11-403a-8fd0-9a2ad4668522,-11.187631256961062
d942cbce-2547-4054-ba30-c66aef3ea92b,-11.180893608125851
13c2a6a6-2d82-437b-9079-e0886dc4b1f4,-11.174733065690225
98b773c4-9088-409f-9ab2-7b1d6b1c6319,-11.183678514622756
abfb3881-b1bb-46ab-8080-944d67325c5c,-11.184884755212709
51765d64-e61a-4fdc-82d6-9d0f8adc91d8,-11.171382264584686
ba867772-d352-45ee-9d2c-47def0f80456,-11.178341690029592
b251ea84-e594-4e80-892b-63e3ddecd56f,-11.175984139336498
815c13de-c1ec-4ab1-994e-ffd56e8865dc,-11.181402332393436
6afcaba3-a444-4e54-8502-03b0f0d2f61a,-11.18288414234755
dccd3c9d-e405-4c61-a329-ee7a8c2d0baa,-11.183960357604931
4cef9372-e89b-472f-a740-bce33dd6a5d3,-11.186756130023824
9470cce3-eec4-4be4-b772-87011e7d6c70,-11.188984177353154
8b25a828-7c46-48c4-98d5-6f11c31308f7,-11.177285178914785
6b325450-3437-442a-9122-036788254b82,-11.18451495788804
c46b7f0e-7152-4cd1-be86-b76cbf0d1637,-11.173258310310487
72e67535-57ec-4dc9-9ca6-7a048ea2741c,-11.183385577484144
4842be83-30f4-4e73-bfaa-c4c5af217fbb,-11.177042853999865
b1e9493c-a89f-49c9-a42a-54b10e8e8ee6,-11.180448610940486
97946df5-7cd5-495d-809a-efc7ac51a0b6,-11.181925103505506
d208d6bf-5181-4cb3-956c-1ab54edf6bba,-11.180547721963984
9c48173a-5a0f-40b6-a52c-4eecfd300997,-11.181619076974478
053ce529-5edb-400f-ab95-2ef13186b2af,-11.18044599482813
3ec115cd-5c52-4c66-abe6-22debb124b4f,-11.179513265854853
b6d08a9b-5f17-4b8e-af3b-3678ec67d2d5,-11.180366953514865
f1cefd3e-6c10-4211-b022-58ccc677d397,-11.172391367664908
e64a18cc-6e50-4e04-860e-24ee9587c1f1,-11.181111064426188
2984ade9-bf36-44b2-a6ca-21e2bb19949d,-11.181526792919511
f0d54a68-3648-4d27-8ac4-4f9a4d92bf2f,-11.180796798208396
dd1fee33-a4eb-40d3-8af6-25d88fb9b023,-11.185919430626686
e837ac17-e44b-495b-aa06-a0851fccf198,-11.17663406328924
fddd0e75-6598-441c-8b03-e28bbd3e6a6c,-11.177372892679518
9a03d206-b942-4682-9861-7a6903cff289,-11.186325755136933
665ea816-c270-4d1a-9b3b-3d3dc145a6ad,-11.183762586731604
be110912-37bd-45b2-9200-33bcfe677cb4,-11.180944244462683
3ddd4411-1bfe-4b01-9328-b4b628d9c5f2,-11.183882723612808
1f4cc26b-a781-4f47-a156-ddc5dde7bdbc,-11.175874691752965
b0e559db-89df-40b7-a767-c2221b802a0c,-11.18536303113472
9ea6b854-cdec-4544-8d13-0bdc741988d0,-11.18379592045612
38697651-5117-4205-b5c2-c021aa10bd20,-11.183741953282704
6210d0d7-1088-475c-81a6-6770ae321da5,-11.175793973090547
53359c0c-5c7a-4c31-bbe5-b6b31bf5ef44,-11.184120759834638
ef3ecd8a-f015-4695-bca4-ba5721fd2df8,-11.182150022753197
ddcc32a9-cc9a-4943-bb15-b49aa04e573e,-11.18637972239108
a828252e-410e-4ff1-b970-7a7277c240ae,-11.178639125121425
b948820f-9abf-44c9-874c-90978a0affe7,-11.190478931944495
3c2d823d-8aa3-4d98-9586-7beb8b21abd6,-11.185330203658694
a30f7381-4f59-4546-9efe-c53fabb2f7a9,-11.17874848395913
26a2383f-c443-47f9-b463-0e1f5579b219,-11.181953771251203
f15b4e40-4f0c-46c1-8b1e-f8ee79a71088,-11.18501225939854
23ffd659-40c7-4333-901d-145ccffc1db1,-11.176819956797432
dd558f97-6bff-452c-a0ed-7b692d47426f,-11.188304184710368
cd33bca5-85ac-4e14-ab2f-8078edccf640,-11.182094139884944
a36915a9-d50e-4943-855f-db2cacc32b59,-11.180531594129183
794057fe-379e-4660-8013-e9d5082d9572,-11.184073598477752
23a3a477-c8d8-43d2-bf77-e0ed0e8f39ed,-11.175738922311638
7dba339e-c9d9-4767-92a4-0913bb4c1a5f,-11.188278831369388
627ff6e4-270c-4c6f-926c-d88f634c8d76,-11.187263773414893
f73ec5b4-c018-4c48-a55a-4f11cca5c076,-11.177809511699111
4e0290bc-a3c7-4952-912d-f1681afd461e,-11.179606768943191
05ef4571-3deb-463d-a0c2-bbcca0a04fd6,-11.183986273647994
d4fba89d-79a5-406c-ad60-a751390ebda5,-11.178481992893207
0f3460c5-c9f8-4170-9f80-ee3864874919,-11.18541478141904
ebd6ff80-7d48-4416-ac14-9807520ee8d5,-11.175066593230516
4924e1d9-7419-4268-a368-a412d67707ac,-11.179217794114198
a838d188-e251-42dc-8d44-4ea9c2ea6540,-11.175651566629432
c22be563-dd6e-4282-a22b-0e5091aa29aa,-11.179846131179854
997efa7f-9905-4acd-bad0-7a43cd00bf41,-11.18646444424235
fe2f808d-68e2-4318-9d1c-5c280d978051,-11.178974396965533
535ad0a4-ac59-435a-a43c-c71572f202ac,-11.178021269079425
dd3ad6ce-db56-4110-9246-7ac7025815bf,-11.180114372360356
ab1c300e-6a89-45ea-9e28-e9c0a16ffe09,-11.17654782120667
31ea269a-ad9a-4c52-aa3f-665ea5a56b00,-11.185548050792718
79ed52c6-2b1b-4bd7-beb6-a6d7bbd93fcf,-11.182676431983795
00172410-e59e-4fd7-a82c-49eabe426ce8,-11.18416013996522
c98dcb2a-0848-47cc-b0cd-a803289728f6,-11.182003113132756
5f8988e4-6276-45cc-8bf2-d64bab55ae77,-11.18095968684361
eedeedcb-525a-4f4a-9f17-6c4b7c3d8000,-11.177328059342692
669457ec-a1f4-4da5-a7f6-d709cb915c30,-11.185125430044344
c9e072e3-a009-458d-bd02-eb1cf4ce42ad,-11.187668234522132
8fde36e9-7050-4e5b-a765-a2139e3c530f,-11.17600969278421
24b74ea6-5774-4eff-ac88-5c92aff81172,-11.181457821601104
0365d834-70c4-47fe-9895-d2e6668f26e5,-11.181003903026175
31f69b50-a45f-4949-9206-0144e5a54312,-11.1809815059401
e5cd03b3-4b96-4522-ae41-cdb5678e3c40,-11.18001408945693
73369fe6-e195-44ac-9acc-b6c9768980ae,-11.185668707885585
635b0a1e-bb31-4a55-8997-03c2e4322bee,-11.176502855970554
5c9877ec-14e4-4261-9f6e-5cb24fcc6811,-11.180719908258672
f10b9d5d-4fcf-4ed8-99b6-643bb095b0a2,-11.1821447583425
69523f59-b9a6-4726-bb82-d0adc6b26990,-11.185897197957068
22348c78-a6b3-4917-85b3-b3de883ec76d,-11.178700738470614
fdb73018-f081-49ac-b8c8-02e8f39f364b,-11.18900644966992
6c5c2727-39be-4cc1-8df9-385dd20de12e,-11.18546860708273
db96fb2f-0885-4770-8d16-e0e4c6560e40,-11.175213617412837
0d20a33d-decf-4131-9e93-698cb7b03114,-11.185087035685742
989232f7-77c7-4475-ab4b-35573d471101,-11.17701379286934
c72e3b30-acd5-48e5-be2d-303f8c385823,-11.179891928778138
38591dc5-eae0-4af6-bcbf-52f54bcc7781,-11.186303047031291
6cc742d5-431a-4172-811b-18afa7535e79,-11.179923500013482
a63698ea-268f-4da9-8cc9-30f5141a30c0,-11.17716410827632
9dc2446d-bba6-4f30-a88a-42c2ca541caa,-11.177137562385935
3f28bd15-900e-42a7-a96f-53d59fa80730,-11.1884185961144
9f2e0303-bd28-4bde-aeba-59636cb2293b,-11.17516763030656
1415b928-266a-4d84-880b-a579fb81d6eb,-11.17606078847439
8381aa63-07f7-48d5-9b2a-5f811be0fb3a,-11.178752252527612
91406de8-c8f0-4f5e-9d51-37ee1267ff8c,-11.183101216231718
6f7aef0e-de43-4967-8fd9-0b9df62fde9b,-11.180097440086517
4c61b396-0a3b-4b71-b87e-09c17ed95675,-11.177135259597264
665df5bd-4ead-4f37-aa1f-7d1e24346bed,-11.184059988353937
31aadcf1-92e3-4d64-8cb3-54eba93e8dd0,-11.179273533818296
6daff5bf-e8b0-4567-bbac-c3272b715298,-11.179714345596254
5556e470-b565-4770-ad68-0b2890f23bb7,-11.182422838241902
e043dfa0-ebb8-479d-ada0-9fa9c5fe325e,-11.177058367871895
6ffde987-56b4-4653-9557-cefe63c9ea13,-11.176993813646172
89b81980-5041-4802-9c7d-fb47e2e28d99,-11.186804772971014
808c9853-87a8-42e7-9cc2-1e72eee283fb,-11.174876800694117
900927d9-89aa-4321-a756-6d7b13c4f6a3,-11.18414611281829
3a4a1fbe-92b9-49bc-b176-a013e124c223,-11.179054783258811
4041944d-e9de-4b1c-98dc-cb523aa67e87,-11.183318476333245
de8e750f-c7bc-4888-bd64-611160ea7bb3,-11.177724502246898
f1a36d6f-b10a-4b86-b782-3854b63460de,-11.176708372931625
622d351e-0751-4a78-b221-068e8e2f0cab,-11.180839935325524
9801b169-64cc-43ef-96c4-1f6ac4e6e483,-11.18256676889084
63a70681-e59a-4a0f-9a7e-7d429c091050,-11.173133008561493
2f853c8f-76b0-4787-bcca-9e6cbaea3070,-10.38803995061383
e3e71723-355c-44cc-9eb4-aab87e1a81c6,-11.178957713809702
79793ee0-6d05-4033-b636-1a63fe7523e4,-11.174226726225214
21aa7b97-d47c-4d50-90fc-9017195eb288,-11.187100586387835
bdd79e89-281f-4e1d-9c90-58d10cfdb85b,-11.182124094229076
87bc07b0-67e1-4cf9-8e9f-0bdfb45f9600,-11.184909764326378
d3dc27da-7555-4162-ae44-c8769f834184,-11.183194062384857
7ed52c51-489b-4179-99fd-d9eff908f6c7,-11.183981173860392
b4095458-06dd-40cb-92cc-d6602beba2b9,-11.179980605264438
4906b41f-9135-43a3-99bb-606845ab543a,-11.177268916236784
c75fb69b-2eac-4c9d-bccf-530adef33242,-11.177446173636849
809e41e5-e544-49c3-987d-7a464196fb51,-11.177719706378834
58775ffe-4620-4cb4-ae3a-d565d0794461,-11.1763969738603
53a9ee89-1418-4661-bebf-25fdcb318161,-11.17541465267438
7aed3bea-109e-438d-9afe-aa57c125e6d4,-11.184656352814676
e9f2fe41-753f-45a3-8c1e-effb53b69dbe,-11.180938762031774
ed6bc02a-fa5d-4607-a876-d37c69b12be2,-11.189065787829156
71065143-6c29-4916-9e2a-42590f587f65,-11.185202498991718
0c6ae894-5529-4d91-bdfb-3bb73903b087,-11.186333917158237
d1c09d5b-98a8-4d4b-bd34-f91766d6d1c6,-11.184891117137504
fe707a86-010c-41ee-9b43-2eb09df7294a,-11.171710811183562
6e0beb12-c5d4-4b74-8c2c-a5a881caeecb,-11.18132891134161
92db38e3-afed-481e-8af9-595198179d57,-11.181013541285862
fe71f9d9-af1e-4507-bddf-fd43f94df8db,-11.181932250591974
c974aeac-c204-4c4e-a8ae-6164dd5167ee,-11.188237639575316
ea1ecca3-e764-4f9e-9c16-2f7adb25a049,-11.174191306928336
bdfcf6c7-fe7e-4d11-afd7-1c3c3462541e,-11.18761024267116
0f3391eb-eb08-42a0-9fbb-6fbf25ecb959,-11.17565097423162
c19bf579-e168-41a4-8a78-38fea6afcb8b,-11.176963461507489
418d8c6b-7a08-4eb4-b224-7a9a689a98dc,-11.180422608454156
5a8976eb-9fcf-4d0f-bb31-05c7fc1734b7,-11.17301548249234
e550e3a9-9768-4df8-932e-ba26ee76f34d,-11.187633407073818
7e10138d-3fc2-4f82-b749-58a2c5495a7c,-11.174076877999791
9e1bf84c-0777-4406-839d-3b877e09a64d,-11.180672362412375
c3d11972-4bad-42b6-9f38-f93c7c3ec3b8,-11.183649647210888
e4890219-6082-4d08-80d7-76ae46e5a72e,-11.17906792680632
97d3ab3f-0fe4-4add-b978-455469679146,-11.17882925035645
c3f2fe2b-c749-4f34-98c0-2338960a3948,-11.182955584335478
221d15c1-5869-4164-a21e-411414959be8,-11.17969692850754
5c3482b4-721b-404f-86e6-2a2394623248,-11.182313194977285
d50b355e-408a-4684-b90d-84637d507a2f,-11.176143614864502
f93762e7-9ea3-4412-9633-e29549bae0d7,-11.178169183077546
d5048f1c-0d45-4c80-9300-72f903619a23,-11.180066798033256
6ed8d462-b39c-4863-9531-807feab0a0ef,-11.183680324308382
2333ad2a-3603-437e-a7f7-35631678ecbe,-11.175844253760266
0f73efba-a912-4049-9178-ae8837f1a210,-11.1777517829325
cb429bd7-5752-4278-af59-0d482581cf94,-11.183080967132952
7c709739-dff8-4afc-95c4-85841959be32,-11.175641715819143
c6d51c47-f2db-428d-ac2a-cdd36d32a346,-11.184399748252766
daab2523-e4e2-4722-9f6a-62d2dd26dda2,-11.179914603050518
d2b56627-11eb-4e8b-bed8-114492ea5add,-11.18379546447979
6ca029d0-d4a2-4fa2-82cb-4835ddbba37e,-11.181081681335185
74b54ce3-4e43-4626-b191-df9d44f8d159,-11.180334433289966
ab88a02d-92ef-414b-90be-3cabdcbc09a7,-11.177471127886651
b7ccc4c3-a386-48b7-b619-bac5ced4565b,-11.179982071241916
19eb37aa-3840-41d1-b731-af12590b4cc7,-11.18528510358586
2135b6ce-425d-4af7-9f28-3fb81ad25c62,-11.174431505969768
5a43de02-2969-4684-8d05-0dcf7cde83de,-11.188266328550126
67a931a8-cfcc-4227-a3d9-ad604261fe5d,-11.18208370318006
de8b13c1-fe9a-420d-a723-fd4eb5a84e1e,-11.179815373511934
e0a3ee95-6496-43b5-8241-b1386fdd782c,-11.180996232591124
21d9a7c4-5d52-4b04-8adc-f45b432bd6e3,-11.18223833661666
2712945a-fd10-4b51-8b54-73438a50cd2a,-11.181070310989163
5618e7a2-a387-4586-b597-1e0e1c3f7237,-11.18162754754257
6a2d2e75-dcee-4f13-be3e-5be671646b71,-11.177660846860965
d21bf8a8-51fb-478e-95b8-d460b3a54e66,-11.18819514879146
c9b89817-1437-4447-ba36-3e17c88e483d,-11.187869141418668
0c26166d-e3d0-480f-ad50-07630e849f32,-11.185316218037208
f4a3ffda-b5ec-4359-8dff-8e2c28a3b600,-11.182834009207856
2f30caed-8b01-4394-b1a2-b9429633e5ec,-11.180959036113745
62216d90-9d65-4cec-8737-2174281bade6,-11.180286626584282
7a5d768f-bb6e-4f88-a15e-c7b9b56f6392,-11.18395405933495
33abacd1-7ca9-49f3-b04d-703fc1fb5ecc,-11.174020418983668
e960d8d6-cf9b-44a6-be3d-7f2fab07bfb4,-11.177979110328229
7864d777-4b97-4269-a9db-10330f39d882,-11.182083036757689
323361c1-6ad8-4f63-9dd7-9734ef7fce2f,-11.181761344706366
97d20824-919d-4425-ae90-544fe30ae5b1,-11.179749460585294
9d06c2ed-a12f-406d-a722-c058098205b6,-11.17972721358784
6a6a6089-c27f-4af3-b236-0f32a91c1353,-11.178794601133053
9710a155-5c38-439c-89ad-b3fbf4e2da69,-11.175021704883353
6483cb70-3f2d-4ab8-8b78-797bb34310e8,-11.183630690704984
9e82c6e1-c704-483d-a0dc-8182077b0a52,-11.180382034766174
702dbfce-5000-4faa-8472-c4ee0bb42411,-11.177459464326024
fc1dd0e3-b91f-42fb-8e40-ce28f26f7dc1,-11.184145897698162
6b005b65-e08f-4000-bb13-1e0789ec19a1,-11.183864918660632
daec4ba3-277d-44a2-b244-50710c4f3b9d,-11.173003732294257
fb395641-15c7-4434-991c-45b6adf8c294,-11.18111112576602
641c4186-b4ad-4bfb-88e4-a82de81770ef,-11.18119936101663
56e0d2af-93f3-4de7-ab79-31c3b4baca01,-11.179356037172507
88db8dd4-bbdc-45e2-abd4-a81b9cee4245,-11.18055939459412
1f40a9ae-46e0-4f7d-904d-62511a9d3847,-11.186069053575952
237d8548-c1e3-4c24-95cf-d7a4f2848b94,-11.180262873808047
e3ab09bd-94f7-4051-9313-b9613678948f,-11.175352855613522
02bd835e-50e2-4847-aa0f-e51efacbfd47,-11.185381258684073
63f78484-d6fc-445a-a611-f4c18f37fcbe,-11.174741913730948
1ad49fd4-b07b-41db-8d75-ea2f7db89fae,-11.178151965048816
0e93e2dc-0f9c-4518-bb0e-f41e8e5833cf,-11.185957918367675
77a5710a-af65-4ec1-aa58-773774cf2074,-11.180239596541853
ff2b2b21-11bd-460c-b261-735bbc219580,-11.174418860169173
20e9c649-3035-481e-9aa5-dfda57dc7012,-11.175537338394475
95bde37f-03a7-4a16-9e15-ebb7a0802cea,-11.186362306644458
77c424e2-46a1-4592-9a27-e47dd6fd6432,-11.182082957509891
3a9d903b-a4f0-4b2d-946e-6965beb8a195,-11.187523846754534
c057b9ea-c7ac-420a-b07f-6bd9008071be,-11.179801211399482
69ea8b0b-6be2-4b2f-9f48-e0418b2732cd,-11.183912538512793
08471130-ab3b-4758-ab5d-ae4725048355,-11.17888478185056
e9d2070b-fe99-4ee5-b963-5bb3fd695579,-11.173584163341404
76d23365-3bce-48e2-8bcf-449e54ab38a9,-11.18298741223396
c7467f30-2bc6-4f7d-809a-dfe98ffa3da2,-11.188076691995189
3f8d9d88-065b-4d3f-a77e-f78b1557f08a,-11.187240435569404
7705774f-8719-46d5-b201-8ca18e5f00a7,-11.188353107981111
f120cd69-2a5a-4050-a006-4e46e56e34e3,-11.183559135019156
ab56dd99-176c-427f-b065-b120313ec33d,-11.180952656216324
3c80ce30-d451-4ece-8342-9d2ca996f8ce,-11.176805876301533
cce65749-2654-439f-b3cf-83ef6d440812,-11.173698605683889
6651213a-58ec-478d-9107-b5f4dd1b405b,-11.1763681744298
d12df15c-7b9a-432a-9f22-9bb5d7e818d1,-11.174983482764068
c357441b-a9b5-43f7-ad2e-70ffc5c334d4,-10.3908194962543
72bda29d-a0ad-4441-8511-5f6c9cc4eb20,-11.17923336669705
bb88b41e-68be-4ba2-a48f-e2dc25fb1ee8,-11.18076103886836
0d49b1d8-9691-4caf-8308-6dc0aff89f41,-11.182088364881553
612e228b-faa3-454d-b287-578d9d68b736,-11.182559229057444
56319edb-bd14-4759-8921-04a78c977f1c,-11.177403843665884
a9ca834c-9d8f-4d89-9ccf-75b83cf6fa53,-11.18912581200028
6898fcc8-2fc3-496f-a4e2-00089c20f307,-11.188752650460083
c756e386-0ab0-4307-990a-9a3f21ccabbe,-11.18417824725378
0e186465-f4eb-4f75-9ff1-a36ec8418a83,-11.182598954799005
337d0d0e-b143-4178-9f22-ef685a6bc608,-11.188793023802909
a98694c3-6647-4bda-aa0e-653efa382367,-11.17103160345014
0657dbae-d0c0-4c02-9a8a-d885370401d2,-11.180929947065408
164dc4f5-abd7-4df3-9556-74f87feb893f,-11.17763781416192
7effe2fd-8423-4716-9e6c-35e9b0d389c0,-11.179639699789217
76794de5-a97d-406f-a104-a5403761bc33,-11.182817411007136
3add8539-99cb-4573-b782-67df7e1073d3,-11.18606293014032
a98b9d1c-437f-486e-ac77-12b4abcd0ae0,-11.175676280858646
b1aa82a2-735a-4196-9f73-3ce7b969c72e,-11.187613860889911
bdbceebb-d8eb-4863-a85e-4b5d58e5bf59,-11.1800238645781
f58990f5-2866-40a9-8398-11de7677aef8,-11.179274722427476
c846114d-d706-4e5d-8069-0c694788ceb1,-11.184174268513392
7c6b7bcb-23bf-4176-b62c-7016c2e44585,-11.172542200533623
7c0253c5-32e2-414b-b6f5-b93eb6aa8b17,-11.18040084238698
e0c473f3-62c2-469a-9cb7-edfa4288c5a8,-11.175447201288383
4b3bcff8-1bad-4bfd-bf16-53e5d19977cd,-11.186079539387572
3b0c4178-f7a6-4336-a7b2-42c6c5ab7e37,-11.17717383996776
42dbd6e6-9c21-4c3e-9aa5-25498c1119d7,-11.18180905246969
36b6d7b0-e43f-4714-a648-b1ac5c63a657,-11.178478666498808
5bb293e9-2bde-45d1-8dec-21ffb0d0c8bb,-11.17931206706239
f30cb72c-3963-403e-8b96-4d468f145780,-11.1846673496876
362fdba8-c81c-4be5-bfc8-9e96276c6dc8,-11.181707692467851
61ce4876-ed03-4ca8-8f6a-a35b088fa3b8,-11.179338980147008
d5afa00b-5f79-4578-820f-5623b68bf61a,-11.181248436950716
46fdba16-0d07-4e72-9641-d1de6bc0d355,-11.177626837303311
7d4c2914-896e-4677-be92-12028efac01f,-11.17746520647698
813996b3-365b-451d-ab2b-d6e77b3dd8fa,-11.17975197617334
9f34f060-dab8-4272-b03d-98fc2188d9da,-11.177118778378198
915fb396-04d6-4095-a18d-6244801869dc,-11.183830418883083
2c07bfa0-734b-45a4-b79f-0a84b12d8c0f,-11.182822480422038
7510d48e-40c7-40e0-9497-01933a331a66,-11.18789264481191
9697f394-65e2-4899-ae59-11dc4d874767,-11.178496068184296
4f295b80-bf46-49a7-be2a-f5e9df999d70,-11.179844301718244
d16e6b87-8b56-4ee8-b4af-7e6f9a735fc4,-11.182686511372436
44795788-44c0-4ecb-830d-bf6117ce38da,-11.181821068929665
9c0b6f0b-0cc2-4393-b01d-c0357f125b06,-11.17605680584785
0d85f330-314a-4d60-878d-c23e16dc0de3,-11.185526555358308
5d24ee89-dca0-46da-b8f8-e350ab3e0136,-11.184509174114536
069c35cd-f02a-4c5a-88d5-09a1a002b00c,-11.178318981133955
988d38ba-44de-44a6-aa4b-4e229fb29a83,-11.18094614974088
e8fabc20-26d8-4cb3-aaf8-0512a6ed8fa4,-11.183822013604075
36534e9b-1191-4919-8c22-86d7314aeea5,-11.178274290886735
1fe7ab63-ffa3-4045-b314-c892bbe8709c,-11.185260045144275
a231394a-3fd5-4010-9962-07ade2d55e59,-11.176672236307772
c80568d2-e55d-4c4a-a294-4074da21e430,-11.18070941710123
3835746d-2f16-4298-b11f-95a7126c1327,-11.182958304964885
1fb80eb1-51c9-4e55-a6cb-544bc6a73b8e,-11.170751953546825
a9dc2f07-450a-4785-bfbc-5acfe73af737,-11.182847482472752
0ec51615-98db-46fd-af22-95e094f98adb,-11.184735665921169
5ee0816f-9028-44ec-8f36-cb948ed135f8,-11.1790191920088
e6d275c9-2d83-4206-9fd0-8543bacfeeb4,-11.183054420782865
96fa45c9-fc4f-41d3-ba60-7f9b782de9fc,-11.188674224099053
d733531b-7940-4ed4-be86-3d2c83f9232d,-11.186159984816204
7329b3b9-74e4-458e-9d05-6e89b7de6b09,-11.19072582254996
7e48cbb0-36d3-4f0a-8c3b-754d20fdfb75,-11.177566115502938
3ff48f43-1596-4ac2-8fbe-47a76499620f,-11.183759650091876
2d57ceda-acb9-4209-857a-4f4e7ae075df,-11.180710512549084
c7954795-2bf9-41f7-9795-272a4dcef1e3,-11.1806760466735
20d20f6c-c143-4e80-97da-e44134abae1c,-11.188958335895926
b4cc1979-91b6-44c8-9e04-a67860ebb9e4,-11.181331335168998
83b467c6-5a37-4066-a54c-3e94d1217547,-11.180602547953642
19ba51a2-430e-43e3-8c9f-ae783437e627,-11.182293578966233
82e74aea-cb69-4d89-b911-a2f077cd4266,-11.17978058667556
19bb119c-366c-484c-bdae-170f1ce1bdb4,-11.176765529531284
9be813ff-65bb-4579-818a-53ef0eb5fa1c,-11.1827921969983
7b479d17-ae57-44d5-a649-d06a39e72839,-11.179565979845126
7dae3ffd-2907-4db4-af9e-5ea2a919e7d7,-11.183323767926868
a59ecc47-52ec-48b0-a630-43d76ada75ba,-11.18079529281837
e516badd-38b5-42a6-958c-f5646a374e66,-11.183258122743252
98b429e2-1da9-4c17-bd31-bc2b2f76ac6d,-11.183238706396727
1f271ecf-cb10-49c0-9992-da2ce1e64596,-11.18559242710404
f9248c44-1c09-4941-a5db-fb4542ee6311,-11.182790779039108
d3f74fd2-5f22-4009-9208-abda60b0eeb0,-11.185548536746287
0d2a4bdc-393f-476b-9e6a-40a4824d51b4,-11.178135060974483
c0e96923-f7f3-4315-af6d-bd9f55f6899b,-11.180715682729874
2355b5d3-dd0f-4d61-afb8-bcab099bffe2,-11.18439211979072
340262b0-899e-40f0-8d30-a729bcc96031,-11.178743365477525
7e4bbddb-209b-4b87-83f5-2335263e1109,-11.184550069382926
f422712b-02a4-40cc-91f3-c19f896dc677,-11.184825135576649
56f2b368-efc4-4c1b-b952-4c69bdef4732,-11.18363758773588
6f3e2dfb-a46a-4dd7-a534-4549427f1623,-11.177670490186948
5b55f337-2b11-442c-a085-ba0bfc691e85,-11.189685560829028
b37b304a-1cce-47a2-8b1f-78eb1a7a61b3,-11.1887432259068
64b626a7-10fd-4576-997a-fef75dc30cf7,-11.186945404502644
bce092ae-e868-4324-bd97-3006493b64d3,-11.187812272895716
2ff94c21-062e-4b3f-bb9b-2f3ad9e019d4,-11.178327522043675
57a1b3ae-59ae-4d57-987b-1c3eaf3399bd,-11.17797015613566
eacd1dc0-b8aa-4d81-9638-4d3e03a9bf40,-11.177098342792608
dc29be13-ee4a-4fa5-aec5-0d291330aa54,-11.17753680556759
6cd1e706-2be3-4762-bf77-075ab27a442a,-11.17954626187603
451b1501-fece-4ba2-adbe-27f8d9196b8b,-11.18179516322619
90a18349-24f6-4bcf-b483-007bef910616,-11.182387808265144
44512d78-144b-4e29-8da3-bbe393cf3627,-11.184807320113412
93d668eb-b649-4613-b653-92e9b990ad6e,-11.184766789307698
b8474cc0-f53a-4760-9852-ab7af0c5c26c,-11.1785947202356
1bf07fbb-f7f8-42aa-94f1-7f6c3aebe37b,-11.18738751128803
79103648-9d6d-4bbf-94f6-9f099cb2d547,-11.175461277391069
268976d3-9c9c-4051-8c91-f14b787ffd61,-11.181055902555762
e28642c9-24bd-4734-a82c-9110f8d2345f,-11.178482990166152
7fd61ab0-848e-4b13-92a3-5a776a43a00b,-11.176645765162077
360d8a14-f527-4fcc-a4fa-233e83203db9,-11.17104777240844
7a522cbf-a7e5-4a55-8e94-34fa38d3592e,-11.1809627689511
5a7fce49-e474-42d3-97b0-0f3416b75442,-11.179290140189757
4d01879c-2b2a-48aa-92d0-c46fa3e82d52,-11.180313473768084
dce8a7fd-091f-45ef-a552-be20dd97b69f,-11.18218141022033
2babac56-3475-4ea9-9625-fb45b05c459a,-11.175079067940093
5df92fe1-46d7-4591-b12b-80ad16c27e8a,-11.18102836403742
c05bf5d1-c417-45fd-9213-d59353a52df3,-11.17749752614404
231dbd8c-b20a-412b-a78b-c7325384553e,-11.179771536089092
162b3e33-6b9b-4293-b019-cbfb6fea04fc,-11.18423279539497
bcf7bb5b-5756-4739-92a5-2f87bb0be11d,-11.1869769573441
95f59e3d-0609-4e0f-8778-595bf777138b,-11.182584253883268
8966127d-0e91-46f5-9911-4889c61ca398,-11.17290124048236
1293ab61-eb1a-4818-a1f1-ef9bfcc163e1,-11.177261049244828
ff20cbba-a9e6-41ef-b09c-cc3844f6ae47,-11.188623215566496
87886d4e-6967-473b-bad7-092da50f83d1,-11.175842724410373
c24070da-bd7a-4323-b57f-62323f6e30cd,-11.182439545638116
51986c95-5ad3-4953-974e-b30a3a1955c4,-11.191050433523367
2d3879dc-5e16-4c37-9c56-628728e39eb1,-11.18045168033904
a797c506-b20f-4891-9fb9-316379cf780d,-11.176687885935532
789fd593-6b38-4716-a454-06c94dadf461,-11.1861493248151
3a4297be-45a7-4b80-b01f-889b28d17aff,-11.181257794617364
808b779f-854d-4f56-9376-498f04fefaa6,-11.180357426568026
f4714b20-9cf5-4d2b-a539-48df35002af5,-11.187307159416058
8a288d81-73ac-4721-ab1b-17ad9beb1a03,-11.1848606590103
5e07b0eb-e231-4012-b8c7-4162fead42b5,-11.1769626962114
9679b56a-50cd-4684-b532-708c05bb9194,-11.17708671683063
726db025-3c2f-41fd-b129-2588b62c4de0,-11.1775858594451
c75f2f1e-e5de-4c79-813d-216f17c215ce,-11.184496447846286
2f40aa43-a4af-4763-817e-dd168bfa87b3,-11.186105253025447
395bab56-c2cf-46c2-ab48-29f3ff3f644b,-11.17877618011132
83c5864d-f17d-4a04-9ff5-a411a578ce46,-11.182539989207845
a62ffd7b-4c89-4745-ba6c-59510536182c,-11.18385128051186
f240afd4-5bf5-413f-8085-0fe5ab41d1f3,-10.385415429059568
7cdebeaa-9edd-4a33-958b-dd5c5d253ac6,-11.185161064557052
4657d7ba-d666-40a9-ad51-0fdf629e5719,-11.183051213055707
ce038f12-c532-4f26-bced-8a46067a7c5f,-11.182069807323144
74742253-f61e-45ce-9dc8-1e12d9b2d792,-11.175033106634908
81642128-5bfd-4ff7-8380-3f04e8d46d71,-11.1797246654474
8a9b7283-cab6-4e49-9931-fbb3d41ec0e0,-11.18191879996794
1c89c470-2600-4a1f-8f4d-133abbea5165,-11.188284529472304
af6a1242-d0d4-4017-b321-6d35edb35095,-11.18438699457585
cdccea05-d658-4ea3-a531-775a04f18b76,-11.18450760354674
eb12899b-c109-4693-96b5-c969e2706ebd,-11.170966667128337
1f266c47-f338-4149-8210-104789200b91,-11.18160100635104
c34db171-c047-4cc4-bf7d-6294e84233f7,-11.184748701489154
74472900-e81f-48af-8dc8-2b91cf03d3d8,-11.179538251892453
c1daef19-52e7-40e6-993d-f481f18d3368,-11.171545070212092
3af735cc-ef5e-4be9-9f2e-8279581a0a2f,-11.177246357799945
b93dadf7-bed8-4bbf-bc83-f25590cc8be9,-11.172281930913368
062e0585-7322-404d-98e4-768c785b4e1c,-11.181547611947153
fd7066bb-5cae-4c56-86c5-de126ecb4732,-11.181200792904104
da2e0c4e-9baa-4d40-b8b9-d593cd32d955,-11.17864486481824
85a58f2c-c20a-4419-86cf-8d3ba384546c,-11.1819382852443
cf1e509d-b774-4242-bc7d-540eae346cb6,-11.183761998221312
51e4e60c-12d9-4a0f-b03e-4d787628da3e,-11.18248447860257
e0111fbb-dca6-4052-8e6a-2440a0a739a3,-11.176442497264398
55fee960-3aed-4b09-83f8-3634e7b625f0,-11.181321143828564
a496e50f-d69b-442f-80dd-5a230c1bb76b,-11.18000803231354
e3121516-0a31-4ff2-ae7b-365312e57461,-11.184995197355848
d477a8c6-0c29-4135-a7a8-52f0928caafc,-11.183313195341691
de18bbd1-925a-41af-8320-5416074602b1,-11.180893744246744
3a957372-e65c-4d53-bad2-22a817c40448,-11.1792658636683
aba77c07-f96f-4bbc-9ec0-3e37522e2ad8,-11.1777155680009
0c794758-cea9-4cdf-81f6-4846529889ef,-11.18099693169987
06b744dc-5340-45e4-825e-e37ff4ecf2fb,-11.180494895659146
167591ff-4542-415c-bda0-c36e86d6156b,-11.189285468517202
b59774d8-443b-4b39-992d-66fe245b2741,-11.180220205876203
534d62d2-e981-411c-aeaf-c5f9106f5381,-11.18258780792946
d4ae47f2-e068-45ca-b08d-7b4bf56b49f1,-11.180780661048283
3c18d9f8-0ec3-492c-8aef-1e7f1199be58,-11.1803392394966
59075756-3c7b-4b78-91d4-b60ee415f830,-11.18341438242952
ea92fc22-d349-485c-9cc7-eaf942b48d01,-11.186578158493145
25404b5d-9af2-4757-97ea-4a6efe4ddb90,-11.180208910218184
c3cee16d-fc4d-4e79-819e-14d2f75ab7f6,-11.181542528637706
4aeb70db-3ef6-4384-96b1-2c478e5db304,-11.18087888951028
aef06c52-b117-4c91-b6f2-257399f426d1,-11.17861893306178
167033f3-f732-4794-a8fb-c8eed1f73b03,-11.180756316315332
86f40005-08b0-4c18-ba68-22c6446d3c15,-11.183726401573796
aae0474d-9078-4fdd-b38e-148a92ee628b,-11.18736886046803
360cde2a-68d0-42e8-babd-b140e9f9eccd,-11.182940609010172
5dfbddd7-1373-4dd0-a31d-6532fb9368f8,-11.182925601724126
4e16d43b-72cb-45c1-9f74-accb17ca61f3,-11.180168169876604
d49b6471-08cd-422d-bc29-bc2553fed8d2,-11.179658506191554
1676513e-d8d9-40f6-b5be-97a856b48da8,-11.179613027795249
836349c1-0759-492b-8c3c-6ff9420653d0,-11.180921892880743
e5c00d4e-db95-4f7e-8cfa-f9cdf99b5821,-11.17800262405616
67f33831-e387-42c1-be47-3602b4d680cb,-11.180932471157083
fcf66910-d5a2-4139-904e-70648053296d,-11.181588502680643
5cb4b29d-4f78-4903-af36-9182de4b6ff5,-11.181134773760936
07a6ef2c-d407-43c1-8494-0eaa1404b797,-11.177802641820264
0b803525-d6da-4cc5-b908-7f6df1bc2eb9,-11.183974060268511
3069134f-63ec-447f-9198-1c695b24b4e7,-11.17567054882388
93f783c9-0475-47e2-b5d3-0f3f4e1f5b23,-11.180841133772487
3ca4ec88-97c3-4734-824a-0fe7ac852fe2,-11.186114363253678
0a640fe3-ab7d-485a-9d7e-9bd629be7301,-11.178897458354289
7ed4b7a7-0400-42b4-bd3a-0a32468b7ed1,-11.186390900455203
22be1fac-c863-4658-bfdc-72133c7b9190,-11.189412530234236
fac950ee-7207-445b-b11a-6733080549b9,-11.17983101361981
48f3963e-9bc6-4c6e-b1d8-db52c2d5b13c,-11.18309933492588
2fd9006b-79cb-4b9d-a259-683fded2e698,-11.177874863746643
22056acc-701f-49c7-a3fd-870a92a07c2a,-11.176402366231985
6106ae7d-0154-4391-a374-05a713f107a6,-11.180533001883894
b38833d4-d228-4163-ba57-f718849e765f,-11.180397173187783
8e13e1d3-bc97-4918-89c9-140b07746b4f,-11.17842434215019
4157f74f-badf-4832-8b68-2cd33296a404,-11.181371097285146
a0fd883b-a80c-4c6a-9788-41f0613883ec,-10.38648240674561
ad6abb71-6e6c-4948-86fb-6e518bab5cf6,-11.183007384597316
4cd4c825-e89f-4b10-9153-7efcdb9f8491,-11.178546199220085
edd0c90d-1337-4546-824f-e2197e8dbec0,-11.177425802065232
4524d31b-af37-4980-9fe6-491b8d55eb88,-11.171447360957892
4afdd8f1-b76d-4a7c-ab5d-e26eb5a9ed91,-11.18068770933822
7d1dcfd0-4383-43f8-be23-660dc0c214e8,-11.179271618442666
1844623e-c893-45a6-aa60-cc91b4a4bfb2,-11.179431628045132
1ada8d2a-8875-483e-aad2-be7b6ef5c232,-11.178659036257605
