id,lr,hgb,rf,et,gnb,dt,knn,label
18f41c84-4a6d-4cf9-bef0-c59ed0670a5c,0.0037180695084984188,0.024878741285992934,0.2542857142857143,0.088,1.0,0.7238636363636366,0.14,0
0cd5d60d-4a6f-400f-842b-d14fa5203018,1.6291688689192222e-09,0.005022038968635768,0.188,0.104,0.0,0.0,0.12,0
715da35c-bd62-4b6d-ad45-32ff1de2a0e1,0.05387315802917612,0.012235686613718443,0.168,0.088,1.0,0.7663157894736834,0.12,0
2f2e78a6-a5d9-4f5d-907e-72f5bc86379b,1.247289907911786e-10,0.012602869334738125,0.14,0.076,0.0,0.5762434889183949,0.08,0
b5018d33-b047-4738-8d6d-b99040cf8318,0.03563743451546269,0.0029825810804589435,0.112,0.088,1.0,0.11220715166461197,0.08,0
8bb69bf1-32f3-4b9b-ac62-36000517f712,1.4549361990917277e-11,0.0009202373632146726,0.068,0.088,0.0,0.13247374441093848,0.14,0
2de25218-f17f-495c-a13e-2cb9080f858e,0.0030796126575932613,0.04658549676155152,0.188,0.068,1.0,0.8530038346825718,0.12,0
cd79cf2c-377f-4b1d-85e2-0e24d9e47234,0.04035303887064019,0.002787003129836797,0.092,0.04,1.0,0.103249097472924,0.06,0
44a7d7c3-6618-4757-a592-a9d7e26c94bd,0.027465316536616224,0.0008452860180373584,0.064,0.028,0.0,0.13247374441093848,0.04,0
46a44d3d-fafc-4fae-ac04-f9e3a6f14d72,0.006086477754476805,0.2307611780038406,0.292,0.132,1.0,0.6447368421052646,0.1,0
e13e1846-26bf-4d2f-8aeb-283fc1843866,1.0924072748990272e-10,0.1515907374704567,0.26,0.144,0.0,0.5762434889183949,0.12,0
48d1877c-4323-4671-b863-d79c1c21128d,4.652172758503691e-08,0.018155316075400732,0.1,0.04,0.0,0.11805209060971962,0.08,0
b06f3304-5c48-430d-942b-1506b51a826f,6.910323733762563e-06,0.0010882197175411494,0.036,0.016,1.931002116550216e-174,0.11805209060971962,0.02,0
4b515077-7075-426f-a2da-e332a79a0830,0.9984697494558915,0.016192479721605386,0.132,0.056,1.0,0.13247374441093848,0.04,0
a2b0866c-8ad9-46ee-aa0f-50985a675e49,1.990376008365006e-07,0.015833168519871897,0.12,0.04,2.9263740829727505e-69,0.0,0.06,0
d374b1a1-63ef-475a-b040-e6191b8a336b,0.1040546725401781,0.0038289745153638095,0.048,0.044,1.0,0.103249097472924,0.04,0
53060db6-5f15-495f-9f52-9076cb2707f0,0.0002553059008970488,0.004002313739090692,0.188,0.104,1.0,0.0,0.04,0
294a9743-81e5-4b33-a143-bd26ef238720,4.1835924011941914e-08,0.004221005733749357,0.072,0.06,1.0,0.11805209060971962,0.06,0
038c433c-60c1-42fc-866f-41b2c164dbdb,0.1456917901539646,0.025216528004320574,0.164,0.072,1.0,0.7878787878787872,0.1,0
2f2b25dc-4e73-4564-90ed-70c320cee073,0.008596809437203158,0.013488354750372541,0.208,0.132,1.0,0.7663157894736834,0.2,0
d5bde17e-52c8-47b8-9752-ea9feb77fc6d,0.0025225149256204124,0.008309380310039628,0.152,0.06,1.0,0.0,0.1,0
876e3df8-ed67-48bb-bf8a-9fff83cd0b47,6.477730273532145e-05,0.001030331476925984,0.12,0.04308474576271186,1.0,0.11805209060971962,0.06,0
7a61fd05-79dc-434b-a29c-c410f916dc30,9.018740571966985e-05,0.011162623829304795,0.188,0.12,3.8836617998420346e-28,0.7206591244466356,0.16,0
b1001423-74a6-4737-9096-7e6e4ac40dac,0.0008661253859845276,0.005245843788587321,0.14,0.12,2.3950180134755487e-68,0.3973799126637543,0.14,0
14940fe5-7d30-4bd9-b9ee-6a0d147ab392,0.9863951463320408,0.03264576527324211,0.204,0.128,1.0,0.7626737530662306,0.16,0
fd63468d-b5fe-4920-921c-5c59e56ac3d2,5.352671466136466e-12,0.0001554097022411027,0.044,0.02,0.0,0.103249097472924,0.02,0
fd6877a3-ffa8-4c8c-b5c1-09dec5cf7e5c,0.9796098287947124,0.19277960822752832,0.34,0.208,1.0,0.7682566483748448,0.2,1
fb3131e0-cf06-4833-9e5a-0bda66b70c41,4.5263121978552276e-07,0.007842623118551344,0.208,0.16,1.0,0.0,0.14,0
82c08af6-1611-4c5a-9ee3-7b92369902c3,5.585317722262755e-06,0.004790324676173289,0.132,0.044,1.0,0.13247374441093848,0.06,0
e1aa5125-b3b3-4714-8ab1-2caa1d1c3c28,7.598568965518731e-11,0.0017650614284692209,0.148,0.068,0.0,0.0,0.14,0
abd02714-cfdb-4da4-a2b5-73db42b54243,0.00795983972763442,0.00412290622290349,0.116,0.064,1.0,0.11220715166461197,0.2,0
e3b9e7aa-d020-4010-8506-8d57a2894914,0.008222882835584783,0.001528756351499998,0.064,0.004,1.0,0.29979726305119253,0.08,0
e275658d-e53d-4797-875a-795e91016081,0.08364575325887352,0.08415370597125815,0.336,0.176,1.0,0.7626737530662306,0.16,0
42ca5672-449f-4871-842a-3471556d01b1,0.0009843357662425644,0.006299033677265718,0.222,0.09108474576271186,1.0,0.11220715166461197,0.1,0
a3ee5d63-ff60-4ef1-bcfd-91e557f2d9e2,0.9928003877942009,0.0046112836767471035,0.092,0.04,1.0,0.13247374441093848,0.06,0
65f472c1-b793-461e-a682-e6b203c58e40,0.018934273372255287,0.003348414830549351,0.12,0.064,1.0,0.7206591244466356,0.1,0
9b85e3e8-807a-4cc5-ac95-6782eb5ccc5a,0.005927330286612068,0.06140915250614265,0.256,0.132,1.0,0.7206591244466356,0.14,1
c82775e3-705e-4f9b-a357-73efc71ea95b,3.814084013725627e-05,0.021227227612992,0.16,0.076,4.487521518141598e-16,0.29979726305119253,0.02,0
8ac438b8-c4be-413f-a4f5-61b170e6e078,0.9984373949137523,0.7946916693940451,0.484,0.476,1.0,0.7682566483748448,0.28,0
ae6fa339-f7f2-4520-bb64-c3a2aed200c6,0.0008088757680450641,0.003734228273950012,0.08,0.028,1.0,0.103249097472924,0.12,0
19f82a7e-58e3-4edc-9c94-7f0f130c2415,0.46130186687681235,0.039045917392649676,0.272,0.184,1.0,0.7682566483748448,0.24,0
abadc642-f03c-4f06-8185-98b17bf94beb,0.9983568253967685,0.003948456936892994,0.152,0.056,1.0,0.37295081967213084,0.08,0
983add88-56fa-4f1c-8558-64b75e0c0239,1.895703217355856e-16,0.0016095358874482853,0.076,0.028,0.0,0.103249097472924,0.08,0
1f47f66c-e0ab-4548-aeb4-8ecdbc59141c,0.0023013911170831733,0.005338320606421825,0.136,0.068,1.0,0.0,0.1,0
91966d98-508b-4398-a0bc-43ffed1628a3,0.6359785166880094,0.08948043605827939,0.328,0.208,1.0,0.7682566483748448,0.16,0
16b9c503-4f9b-4402-bd1c-07d1787ff756,0.0357005424074159,0.0011262728324817398,0.09022222222222223,0.052,2.327983733083819e-57,0.11805209060971962,0.06,0
d0583be8-bd62-4218-843f-c17b62170ef6,0.9568901609386988,0.05060575907918104,0.188,0.124,1.0,0.11805209060971962,0.1,0
c7b28646-e6b0-4ffe-bb3e-5f9be828b1d7,0.9510957904330364,0.00784869363220497,0.104,0.08,1.0,0.103249097472924,0.14,0
7ca5b551-1885-450e-a85b-8a661ceaa3c4,3.097293576690617e-05,0.0019242243889266656,0.1472,0.056,1.0,0.7626737530662306,0.16,0
b6828051-d865-4cd7-8363-24aa304e9454,3.6081627500585244e-09,0.0009899918008461214,0.092,0.028,0.0,0.0,0.04,0
7619e915-1f8b-40a9-aa83-2bd31ce95001,0.9661872438044472,0.08496573190805287,0.272,0.1,1.0,0.13247374441093848,0.16,0
ab942384-986e-46e6-8c5e-c1f57ea0148e,0.054316075150991676,0.08466414871248429,0.26,0.164,1.0,0.7682566483748448,0.22,1
5ae51522-8831-490e-aa55-1c254542c393,0.015267282933877696,0.004073954481779441,0.148,0.1,1.0,0.0,0.12,0
60705fce-fa68-4db4-9e7f-4ab1f6e60081,0.9901025135578276,0.004366943032622556,0.12,0.028,1.0,0.29979726305119253,0.06,0
6a0b1edd-50da-4c74-b7c7-442c32ce34e8,0.7820662776634261,0.12341974267277486,0.312,0.14,0.0,0.5762434889183949,0.1,0
80872a7d-47bb-4287-969d-ca8973e9ffb3,1.2319718938786294e-11,0.23888407903588504,0.16714285714285715,0.112,1.0,0.11805209060971962,0.12,0
73d4f3c6-2c61-4243-983b-59435aaed987,0.22799305668620118,0.010511973318836288,0.046,0.0,1.0,0.5762434889183949,0.06,0
7bc417e9-2e77-477d-90b8-b88f59f13178,1.9190287826277895e-11,0.0002519371593619111,0.092,0.032,0.0,0.7711864406779658,0.02,0
986e2ccb-b78c-4d3f-9d2e-e7a4ac39b7a3,0.08899897681686418,0.0068010464213001335,0.164,0.072,1.0,0.5762434889183949,0.06,1
b41de3a9-6a45-4417-a0be-36ce0b632367,6.506440839373746e-11,0.008638947964475495,0.252,0.084,1.0,0.11805209060971962,0.16,0
f7abcb57-5c30-40f6-b9d3-4f6e8d3a0905,5.799030231464339e-12,0.0007507140803267006,0.08,0.02,0.0,0.754739336492891,0.0,0
e9894f2d-9b1a-4f31-b772-cc7fb287255a,0.05832670718618195,0.012499453596411293,0.056,0.028,1.0,0.11805209060971962,0.0,0
7d509c03-6808-483c-a070-37270164380f,2.806142403580799e-08,0.06183189654171644,0.264,0.16,0.0,0.5687499999999998,0.14,0
cc65f370-2fcb-4e67-bd47-8955741e048c,1.1629021581677307e-07,0.0008753366375374531,0.072,0.036,0.0,0.11805209060971962,0.06,0
1a0c9561-438f-42bf-a0d1-63e67ab87a91,0.013231013964065822,0.07020134906867716,0.444,0.256,1.0,0.7691281138790024,0.24,1
dc55e20f-57a8-4b5a-8cdc-e2c26087ed42,2.012398367234344e-11,0.0010750704803824446,0.084,0.032,3.805891205467594e-167,0.11805209060971962,0.14,0
a6c10e12-1a89-4665-98db-05859436281a,2.4374478786857303e-07,0.0009237206149367991,0.06,0.04,0.0,0.5762434889183949,0.04,0
a9e95882-4a44-4799-a729-b9c21de69dd3,0.007479765685953558,0.014805012980373573,0.276,0.168,1.0,0.0,0.14,0
bf2ee925-40d0-42f3-8b89-dcf88cba7740,0.9996000562820203,0.07332204491063092,0.24,0.136,1.0,0.0,0.14,0
c6e4cfbd-c8e5-4268-8eda-9cdb1a22f194,5.22881582623234e-09,0.008544834324815391,0.24115555555555554,0.08,0.0,0.5762434889183949,0.08,0
4128cfca-3898-41ad-b949-979bc1bb3fee,5.019928383834405e-06,0.0005698434872902032,0.08,0.056,1.0,0.11805209060971962,0.08,0
eda48384-f72c-49ed-b785-4386442dc92c,0.00472469826254742,0.004196761846250483,0.096,0.06,0.0,0.103249097472924,0.02,0
65e5f89a-fab0-4bfd-b02b-808edceb47f2,0.1241261616635431,0.01353832093145959,0.236,0.092,1.0,0.7682566483748448,0.2,0
52880f3b-f463-4e57-a634-41c09adcb538,0.8325429833972298,0.006345939217926152,0.116,0.088,1.0,0.103249097472924,0.02,0
55fe842e-63eb-44ab-a619-dbc1a8a43063,2.5875378376946698e-08,0.009767230148482062,0.196,0.12708474576271186,1.0,0.754739336492891,0.1,0
79441958-871c-475f-9eb0-a98c0c073a98,5.1996213767147186e-06,0.0010343747672649042,0.148,0.032,1.0,0.0,0.1,0
c1765862-5192-4d06-9756-4ef3d9944ad2,6.900333257967701e-12,0.01962554975529587,0.128,0.072,0.0,0.11805209060971962,0.1,0
120ba5bf-8fd4-4513-b0ae-5b72dc9f081a,7.673508432674077e-05,0.007258041960976023,0.092,0.036,4.272562803014091e-197,0.678092399403875,0.0,0
89f3042e-87ce-40af-a0e7-d3fe3645ba05,0.07011884698310941,0.0018671466909790987,0.088,0.012,0.0,0.103249097472924,0.04,0
31d6bdac-a4df-4bd0-b6d1-2e1344684a01,3.186660510538823e-05,0.04686191879733116,0.228,0.16,1.0,0.7206591244466356,0.24,0
09b1e5e8-620e-4438-a264-d810b4b17611,3.803414559092651e-11,0.000880137217458582,0.076,0.032,1.0,0.0,0.04,0
2a8ddca6-8051-4cc1-9dc2-918ae0458df7,0.024057320482439984,0.2145759773648081,0.236,0.1,1.0,0.20177383592017717,0.14,0
0b90ca09-5bf4-4fef-9831-697feab53897,0.011081255229242928,0.02991565804142344,0.248,0.108,1.0,0.0,0.1,0
f814aeba-fb35-4514-9fa1-fc106b7c2d50,0.18788576931271556,0.023205895426697546,0.2,0.112,1.0,0.7206591244466356,0.08,1
f99491cb-4dfe-44cb-b297-435b16d15929,7.633728774078256e-06,0.00034712129062941744,0.032,0.016,1.0,0.13247374441093848,0.04,0
ad355d2a-1dbd-4a77-9e12-82c83925fe27,2.081729262913792e-07,0.002545228211670538,0.092,0.04,1.0,0.13247374441093848,0.1,0
1dad9509-8b6e-4649-b251-26646ca631dd,4.348449528328688e-06,0.00021856219689057505,0.096,0.032,0.0,0.34732824427480924,0.06,0
4d89379f-b9c2-4fde-a2ff-b6592d58bb3d,1.1370653242762205e-13,0.0006507892578872986,0.076,0.048,0.0,0.103249097472924,0.1,0
2a692fcd-5842-4700-831d-c7db41849afe,0.8770429347101206,0.05433883192785728,0.328,0.204,1.0,0.7620096959012786,0.2,0
6aa422f6-ca3b-486c-83fd-500a386e14be,0.00637822357765581,0.023633647837526285,0.212,0.112,1.0,0.29979726305119253,0.14,0
fe50b318-1c0a-4c67-94fc-00e8fa9665c9,9.936720379099865e-08,0.0040720370193661195,0.148,0.08,1.0,0.13247374441093848,0.04,0
870f0466-3b64-474f-80bb-8510fb4dc5e9,0.927887844379702,0.008996073223202018,0.264,0.156,1.0,0.6603773584905661,0.26,1
13de08c4-5cc3-4ef2-8133-dd6d2e24ca4d,1.3239523186979452e-05,0.003805255598952835,0.044,0.028,2.9469961592010596e-60,0.11805209060971962,0.04,0
6dfee0d8-e664-47b7-90cb-acba21a4df69,0.10031954724992234,0.014849152996353265,0.144,0.072,1.0,0.103249097472924,0.16,0
31bbaf8f-a5e7-4040-96ae-d3a5061642a8,0.008033957281700492,0.03161523076451103,0.136,0.116,1.0,0.7682566483748448,0.14,1
0b3edd6d-4994-4720-876d-f05b6b2a0296,0.534533017553042,0.07406174939033187,0.252,0.256,1.0,0.7691281138790024,0.24,0
5b9a4bee-9efe-4629-9d09-a40fc5c47387,5.4257721887249705e-06,0.0013299501321201346,0.056,0.024,0.0,0.13247374441093848,0.06,0
b2f40d8f-1099-4dbf-9e1c-181ac3069554,2.9825858254559883e-05,0.005619802029049546,0.144,0.1,0.0,0.103249097472924,0.14,0
4aee596d-a9d6-4a80-9965-76e1135679a2,1.8001653533255937e-07,0.0010568105578964908,0.16,0.06764,1.0,0.29979726305119253,0.02,0
05deb06d-a7c4-4cea-8851-3f2bf45fe188,5.673681417919832e-08,0.00883676834843631,0.156,0.096,1.0,0.5762434889183949,0.1,0
00e291e9-ab88-46bb-9e18-71ea640407f7,0.00141997333843737,0.002348551098293344,0.072,0.044,1.0,0.103249097472924,0.06,0
48af4918-c98d-4fce-bf34-0d678c78bc13,0.00012142970813713683,0.004649784490834381,0.184,0.112,1.0,0.13247374441093848,0.18,0
3e16d4e6-9d1d-4c52-993f-d60724f65745,0.9794491821372198,0.01749361287837471,0.28,0.156,1.0,0.29979726305119253,0.12,0
7c9102ec-b3f5-430c-9625-5f368299c72d,0.0001654611180924458,0.09171004615551043,0.18,0.12,1.0,0.3973799126637543,0.18,0
93e06826-5e06-4198-ad9d-2b2de27d5858,0.056716593677135954,0.0027182695356238722,0.14,0.064,1.0,0.0,0.06,0
a2cbcadc-8735-4e37-985e-b2244e3bb606,1.531142133390961e-06,0.010800677258256971,0.184,0.104,1.0,0.0,0.1,0
e686f8b6-2e83-4cab-8c0b-2bee87a3ed3d,1.176038737960016e-10,0.0007793474448467754,0.056,0.04,0.0,0.11805209060971962,0.1,0
1a07f9d3-1c45-4bdd-a7c0-8a7725fb2496,3.0728224352152044e-05,0.02917834215371727,0.288,0.172,9.821347236822048e-87,0.7206591244466356,0.08,0
fde5fead-9492-4e91-b611-c75d52fe3c6e,0.4405839188061283,0.01714766756388687,0.228,0.148,1.0,0.0,0.08,0
4016981f-dc9f-4a03-829a-ab83e6050f24,0.7558868847850667,0.0831803216010021,0.356,0.272,1.0,0.6447368421052646,0.18,1
e0884ed5-279a-457c-ab0a-65002954cdd8,0.513867650422532,0.0044641230985539545,0.112,0.04,1.0,0.11805209060971962,0.06,0
3789bb2c-bbe0-4a03-890f-d5b2a5a73fda,2.6330992465511792e-12,0.002937138167767684,0.128,0.068,1.0,0.08708133971291877,0.12,0
86ebced5-9f6b-47a5-aa97-663d32904b8b,0.7061353076121658,0.1154372300737217,0.18,0.1,1.0,0.13247374441093848,0.18,0
023209d4-c356-43d8-9344-8000df5da6d5,0.9936600933117223,0.1823329611697177,0.328,0.24,1.0,0.7206591244466356,0.24,1
0cf447ff-02ca-4235-bf87-9361a0a1be91,0.6713592361941902,0.009988943874474182,0.164,0.072,1.0,0.29979726305119253,0.08,0
dc4e09f3-7b3e-4ebb-a6b1-2f8816e065ec,0.00010335675316069534,0.027862970041786908,0.14,0.1,1.0,0.7206591244466356,0.1,0
2b92d575-75e6-4fca-8529-15750ed5dea3,0.001113816636550436,0.004533328778842571,0.096,0.012,1.0,0.11805209060971962,0.06,0
f70a6113-bd74-45a6-bf18-79e265cf6248,0.03289690288446029,0.008276928832926134,0.132,0.064,1.0,0.0,0.08,0
615b6db6-f31b-49fe-a5d4-226f932291be,0.909074249707506,0.039286730874502934,0.344,0.184,1.0,0.7626737530662306,0.16,1
907e3b97-8926-4c08-8b28-1be4b9747835,1.4568941135957773e-09,0.021396985968640574,0.128,0.032,0.0,0.13247374441093848,0.04,0
4b263fd6-3ca1-4511-8472-f326bd25e3cc,0.00011747183013246503,0.0024808382976136884,0.108,0.064,1.0,0.11220715166461197,0.04,0
b1b5e168-55a6-4c73-851b-013d20b23d86,1.7523176419438001e-07,0.0024780633207908197,0.076,0.032,1.0,0.5762434889183949,0.04,0
854d019c-61cd-4b46-863f-6892d0d9abad,7.035578676998679e-06,0.008786157158969252,0.144,0.1,2.0695113486316413e-219,0.0,0.16,0
d7db5dac-f94f-49d1-8c98-b2f52f83f4a8,0.8753336908490971,0.4731598289538222,0.336,0.21508474576271186,1.0,0.7682566483748448,0.18,0
26b36439-36c6-4156-84b7-1bd50384a7e9,0.0027432002646329817,0.001210264488843779,0.1,0.028,1.0,0.11805209060971962,0.08,0
9838fd43-d768-4e44-9d7b-d2d9fc696ef8,0.00020113960566332543,0.018631419489647028,0.168,0.04,1.0,0.0,0.08,0
a0a3eb4d-b788-4a9a-97ca-0b8a05316615,3.5778444034423396e-07,0.0015482781154790984,0.112,0.068,1.0,0.11805209060971962,0.1,0
46c3e59f-4525-4917-8139-7263c7eed2e9,1.6573058089836633e-06,0.000638174439245318,0.044,0.044,0.0,0.6603773584905661,0.12,0
ef2e8c94-02e2-461b-8d3e-e195f447a63a,5.252545386298801e-08,0.1055385849057851,0.2,0.08,0.0,0.20177383592017717,0.12,0
88409833-c0a2-475b-a98f-bc9e93f21d5f,0.00011657441650964231,0.07226947074136385,0.296,0.08,1.1004342562073706e-212,0.11805209060971962,0.12,0
d42ce755-e76e-4aec-b418-d39b7ea86073,0.000864357812518581,0.008812698735438981,0.096,0.068,0.0,0.0,0.04,0
05c44dc9-a586-4bf3-9de8-cb4894756c37,0.4446173265740093,0.014730450941051151,0.232,0.188,1.0,0.0,0.12,1
81e1ca63-dc42-4724-b505-e0f2e56c6d5a,0.009016997965862503,0.030465711121772886,0.084,0.056,0.0,0.13247374441093848,0.12,0
d6b81e6d-9feb-409a-bc5a-7af757ff9045,0.029385153411168385,0.007945008764179758,0.076,0.031084745762711866,1.0,0.11805209060971962,0.04,0
fe830dfc-69c3-47fe-ac1b-6c3991c49265,0.0003842294811177202,0.006309017927380276,0.124,0.08,0.0,0.0,0.1,0
d006794e-8d9f-4ef8-86e8-8d64f7f096bc,0.02056117333437625,0.014459142747482912,0.156,0.068,1.0,0.0,0.08,0
925ca7f4-82ab-41d9-9025-cf51dc2f7aca,0.012548083986439154,0.1879756856017595,0.208,0.124,0.0,0.5174654752233955,0.12,0
9ba9db78-ec4a-4463-9f2d-ac70636e46a7,0.7826788319002324,0.10505312731730475,0.212,0.092,1.0,0.0,0.1,0
f1c46c74-1582-4f7f-bf35-48cfd3c97660,0.00025829588812552106,0.010463005833300733,0.284,0.148,1.0,0.7206591244466356,0.26,1
8e780964-609a-4bcc-9122-a9d7495a89b6,0.6335136868199813,0.0013939334820726255,0.104,0.044,1.0,0.11805209060971962,0.14,0
674f0b17-55b0-4ab7-93cf-9f8c0a25d8e3,0.9999985956280261,0.2755929560612574,0.252,0.136,1.0,0.0,0.34,0
9cf7cad7-0a1c-4490-821d-313cd5a119e1,1.39178679617005e-08,0.0009765771738156025,0.044,0.008,0.000871624589996297,0.11805209060971962,0.02,0
22a42798-4357-457a-a364-754ca59a65a7,0.0004861843060482013,0.034676978412019346,0.256,0.112,1.1375676129924033e-27,0.5174654752233955,0.14,0
fc66b8c8-d2fd-45c8-aa97-b96f55fe552d,2.8627472209924378e-08,0.0011762824196429832,0.092,0.016,0.0,0.11805209060971962,0.06,0
fac41d9d-0cc2-4807-962f-03d18a26c856,0.009843469580676544,0.009543358911498781,0.192,0.104,1.0,0.0,0.1,0
03a9deaa-9de4-48cd-9de1-a9aa62916017,0.2723582811318597,0.049570043851351164,0.188,0.088,1.0,0.11805209060971962,0.1,0
dbb2b0ed-4233-453a-9af8-e05b6a60be14,4.759461576516922e-07,0.003196131887284906,0.148,0.036,0.0,0.0,0.1,0
941fd262-c600-4b4e-8fe7-b238d3a32746,4.736022408520092e-11,0.004792239259071305,0.056,0.032,0.0,0.103249097472924,0.02,0
7295cfe3-26d3-4f78-83be-356958ffed5a,4.3048421988301086e-13,0.0009767510920306729,0.14,0.05564,0.0,0.5762434889183949,0.08,1
3d0690eb-1c1f-4ea3-ba0f-7bbe4fec50fe,0.0038899380295768964,0.010728075263734647,0.14,0.044,1.0,0.11805209060971962,0.14,0
f3fde712-62e5-4d85-bf2b-1649b0b7d6c5,0.00249187219746323,0.007357958906959714,0.14,0.06,1.0,0.7206591244466356,0.1,0
3b1d560e-109d-4061-bad0-1b7a21d8f301,0.9947225420167052,0.012867335049820336,0.184,0.076,1.0,0.11220715166461197,0.18,0
b00ba42d-c503-43d6-bbfc-ff30496d1f61,0.04152375049958383,0.015459825210456272,0.22,0.08,1.0,0.0,0.1,0
af2af62a-d312-473d-a7b6-7988fe53aa05,2.3104409412668406e-07,0.009794404010678852,0.088,0.048,5.5189832208145295e-261,0.103249097472924,0.06,0
3248576a-b886-43e7-86f3-376f7c680468,0.008079508073543419,0.001684999837431478,0.044,0.008,1.0,0.34732824427480924,0.02,0
66574848-5485-4d6c-aebc-4d18cc2fdd65,0.9899552232347704,0.10912319203542915,0.34,0.128,1.0,0.30536912751677847,0.22,0
c5721467-a588-499b-8f3b-fe88d1e61ecb,0.0006528561710346945,0.003079923288165481,0.052,0.02,1.0,0.11805209060971962,0.06,0
a2e9b321-34c1-4539-ab3f-1827bc432c83,0.0028233844372447404,0.0006811601608447084,0.1433333333333333,0.064,1.0,0.103249097472924,0.06,0
6d9a4eea-7ca0-4108-b497-18de4f4f4a2f,7.1606170747528204e-06,0.009685216699278909,0.104,0.024,0.0,0.6667952178943308,0.12,0
523f7829-5e81-4c23-86b8-009b5d9a4671,0.07136260490722701,0.007156894043818916,0.092,0.04,1.5691947362661724e-287,0.0,0.1,0
c5f23dd3-363b-4830-99b4-e59c2d3f37f6,0.2237538293817097,0.6134257123521509,0.472,0.316,1.0,0.7620096959012786,0.24,0
2063ae46-7414-4beb-a779-bddb1f7f96a5,0.8412568730350628,0.33029227720699295,0.428,0.164,1.0,0.7682566483748448,0.2,1
f9747517-c066-496a-a476-4418bea9164a,0.001073215779513472,0.02101998919729804,0.124,0.044,1.0,0.11220715166461197,0.12,1
b6dc77b7-bc2f-4815-a90c-f9548e7969df,0.006997034796325131,0.0029665197284008326,0.196,0.092,1.0,0.0,0.12,0
9a9d66b2-82bf-453d-b4a1-ac1b068fb1c0,0.0003542872110466953,0.07017696383670682,0.184,0.084,1.0,0.103249097472924,0.18,1
4c0dfa54-e8e9-46ae-87c9-14c32a16b24f,0.0003312143010038595,0.00037761770243335856,0.06,0.02,2.3355328786754155e-165,0.103249097472924,0.04,0
04419d70-db67-40c2-9e51-5e0d6c015113,2.2262100205778144e-06,0.003444373420916276,0.10742857142857143,0.032,1.1749193913646225e-130,0.5762434889183949,0.0,0
3fe644da-aa55-4823-ba25-79cabaf28d38,0.10854429765044786,0.03234828780896741,0.46,0.192,1.0,0.7682566483748448,0.22,0
384496e2-f85e-4b40-bd3e-a30a72a236ea,0.6138084370120627,0.046857184846184945,0.196,0.096,1.0,0.7682566483748448,0.12,1
2bc89f42-e700-4ffc-bb2d-60725260d361,0.2255382994646735,0.0021137164319171343,0.072,0.04,1.0,0.11805209060971962,0.04,0
e7a24c90-b52d-45e3-ae3d-4bc127552c58,1.1318318466728142e-06,0.0023586306025108034,0.12,0.06,0.0,0.103249097472924,0.1,0
fd100a70-48bc-4a93-b416-48410376dabf,0.00010957338329015828,0.019344365293982785,0.204,0.052,1.0,0.11220715166461197,0.06,0
6ef96dd6-3d57-43c7-a615-934ec24b7ab5,3.4862908460297667e-12,0.00033976129324674167,0.048,0.02,0.0,0.103249097472924,0.02,0
6f9c5bd4-dbe6-49fb-844b-a8847f2b32dd,0.003494367479700227,0.0038643043676403884,0.096,0.064,1.0,0.13247374441093848,0.08,0
9c1107eb-c1f9-4f6c-b292-1fc98016a84c,0.003154215056847721,0.001062823896613859,0.13090909090909092,0.04,5.609951251497429e-08,0.7711864406779658,0.1,0
16e6f91a-976e-4c30-bac2-7d622fedf86d,0.0004477608841281527,0.0007907886904942176,0.084,0.036,1.0,0.7620096959012786,0.04,0
e231fb87-015d-4516-ace3-3390b648f51f,0.005501826380836305,0.31776698063901565,0.376,0.168,1.0,0.8530038346825718,0.2,0
722faad5-ea6f-4bbb-b3d8-add92de2eac9,0.00020055846795085367,0.0022968703553796527,0.088,0.036,1.0,0.5762434889183949,0.06,0
7c5a148c-4526-404b-bcce-b43e0b3f0d63,4.907814849643998e-11,0.00336346886675409,0.168,0.06,3.869016770372736e-117,0.0,0.12,0
c60f1c4b-9381-4099-8c25-1ac9c8efd9c3,4.6371764671595683e-05,0.00332907227172311,0.152,0.06,0.0,0.29979726305119253,0.14,0
3dd2a394-f03d-40ad-aecd-84ab5bbf90ac,0.12256090178697297,0.003269646746546126,0.168,0.06708474576271187,1.0,0.11805209060971962,0.04,0
c2e86205-b8d9-43ee-aed6-24d3f89d723f,0.005319754178214318,0.004174006237239446,0.108,0.044,0.0,0.11805209060971962,0.1,0
da203669-cf79-4ffd-a811-f461a4c2f5e0,4.083901227681079e-06,0.04408604818855744,0.176,0.1,1.0,0.6447368421052646,0.22,0
6c055a1b-cb15-4a44-965d-b8174262250f,6.448749033126182e-07,0.0007630703502841282,0.1,0.064,9.248922018118444e-25,0.13247374441093848,0.06,0
73736f4a-d3a8-49a0-9a0b-8172bd138fdc,1.5131403770025858e-06,0.009140711349848119,0.088,0.036,4.863081825600047e-84,0.13247374441093848,0.04,0
e0b62bc0-a03b-445b-af52-a5d270b6b682,0.004043472946041796,0.03272277538551533,0.152,0.088,1.0,0.7620096959012786,0.18,0
1015facd-4b95-4691-9019-624fe020481c,1.9510793129576795e-10,0.001551169964105308,0.068,0.016,7.771823479245604e-239,0.11805209060971962,0.0,0
2b81028d-a774-49c7-aa5c-4ee56d0593ba,2.5048637135375755e-08,0.0006646219813133023,0.152,0.076,0.0,0.11220715166461197,0.12,0
ce179899-10cd-4131-8149-ee616c6bd567,0.9780490304252247,0.0031958344594618148,0.14,0.052,1.0,0.0,0.08,0
7d43619d-3a6a-4ac1-a5dc-973f6d43740c,5.447660283903089e-06,0.01843235987905372,0.12,0.028,1.0,0.11220715166461197,0.06,1
af9061dd-b5cd-41cd-90bc-ab28a2907477,2.8305854262159116e-17,0.005504245894279465,0.104,0.064,0.0,0.0,0.08,0
6197f67e-383c-48e1-a2b5-442e58837aec,0.05017317108436512,0.00040371359685918305,0.04,0.008,1.0,0.103249097472924,0.04,0
47b8b9a9-e45b-44e6-a853-6387389220e0,0.22289908183556098,0.018810162936188642,0.156,0.068,1.0,0.0,0.04,0
3f0325f5-19e9-4e17-bf5e-1e0253bd0794,0.0003706659471935722,0.005264751794762784,0.124,0.056,1.0,0.13247374441093848,0.12,0
5aa5e4d1-77d1-4f41-9f78-f59918bbc26f,0.00013061220965748278,0.18067322841171912,0.192,0.092,1.0,0.34732824427480924,0.06,0
c507bc49-4bea-4545-b5dd-f3000bf31888,0.8315262182527348,0.03210227381106547,0.22993939393939394,0.10616949152542372,1.0,0.0,0.16,0
d2ea9dfa-7660-45c4-b750-842df251bfdb,1.527634387847309e-22,0.0002691484365579985,0.088,0.028,0.0,0.0,0.08,0
a191f120-8852-44a4-abf8-3457f1916ba9,4.245752578658995e-12,0.0009701364429042103,0.112,0.044,0.0,0.103249097472924,0.12,0
2a5b5857-5000-424f-81cb-e934e0a8c614,0.08860565007941867,0.0702569066269676,0.196,0.124,1.0,0.0,0.16,0
ea41c3fe-ec36-453d-a3bd-2211e081c463,6.877669896382565e-11,0.005870429829527206,0.12,0.04,0.0,0.11220715166461197,0.06,0
98da4090-09f5-469a-83b3-ee8ab1738224,0.5029409930172692,0.0032382751559781554,0.123,0.092,1.0,0.5687499999999998,0.1,0
b1f56815-f988-4a39-a00e-e33cb06441f6,6.2900497424363195e-06,0.004147226689064515,0.116,0.068,0.9999999999997726,0.103249097472924,0.16,1
4b913f4a-2e01-453a-8bac-07ddd8a06898,1.966538640289591e-11,0.0003104355565545292,0.068,0.052,0.0,0.0,0.06,0
46d4df05-aa23-43eb-aff2-3a15789be8a0,9.648043636504779e-20,0.006557460272939565,0.14,0.016,0.0,0.103249097472924,0.02,0
27766a5f-be09-4541-8d33-938c6af68a4e,5.373055688939737e-05,0.15828043629428132,0.316,0.148,1.0,0.7206591244466356,0.16,0
56f4e14c-6094-4570-8961-603a3a2f5e0e,0.040474412745497006,0.029334788841637125,0.244,0.104,0.0,0.7206591244466356,0.06,0
310df7fd-e600-43b3-9396-b0676de64ba2,1.4054438208287166e-05,0.0016238202021669548,0.132,0.048,1.0,0.103249097472924,0.2,0
07e93e4b-4f9f-4e4e-8b4c-5fbad11f4495,0.9484481342041997,0.030833910557477175,0.296,0.12,1.0,0.5762434889183949,0.22,0
695c2cee-89b1-4048-a9d0-45081183d48c,0.08807331308006763,0.002676137486985807,0.256,0.136,1.0,0.0,0.24,0
53a1827b-bcba-4c64-858e-14ba318db381,0.006561911708843615,0.0041116481939172216,0.18,0.116,1.0,0.103249097472924,0.1,0
8588d241-9256-4f0b-bb0c-a0e7310010cf,0.08952066296106784,0.21367704749847155,0.2707619047619047,0.19127999999999998,7.88276864358688e-61,0.5762434889183949,0.08,0
aaba3c08-68b8-41fd-95bf-e57b361cfc11,1.961599807808458e-09,0.0006636875667924507,0.092,0.02,4.9323022673377346e-64,0.0,0.02,0
089aa95d-4517-4afc-bcdf-ad1b3be195d3,0.08627259750956545,0.010881064077932238,0.164,0.1,1.0,0.7663157894736834,0.14,0
2be5abf1-f9a5-4e14-b8cd-fc21aadc4310,0.0002035434103735771,0.028223865973945293,0.192,0.112,1.5258909717712216e-25,0.6447368421052646,0.1,1
e8d329d1-9f0c-4c6a-8d69-51f1399198c4,0.018659181184169434,0.001287412033410569,0.096,0.036,1.0,0.103249097472924,0.24,0
a29b15fa-bad1-44b5-b233-3eefdad3fec7,3.0340639144480263e-06,0.0011216095278035174,0.052,0.016,2.173852927297622e-150,0.11805209060971962,0.04,0
b0eb8177-9852-4033-80f9-9875f9236753,1.0185266567112005e-05,0.09996933652551794,0.236,0.084,1.2953453007366433e-163,0.7206591244466356,0.1,0
dc08e4a2-6296-405a-8c7b-63bb54291dcf,0.002410958151817287,0.010588482494268175,0.216,0.116,1.0,0.7206591244466356,0.22,0
34f375a6-af51-422c-a354-bee0afa607a0,3.533716408073916e-08,0.00243453647594425,0.088,0.072,0.0,0.103249097472924,0.08,0
86827817-056e-4e61-b7c3-3f3621a87e08,2.9843707953499756e-07,0.003566178902316693,0.112,0.056,0.0,0.103249097472924,0.04,1
bb6f9de5-94ee-46ca-bffd-8376da515f58,0.6878956660493957,0.36264773295336944,0.3,0.128,1.0,0.0,0.1,0
b2674ec5-fe5d-4858-90a0-ee482218bfba,0.6377289796083693,0.0041691298371943925,0.212,0.104,1.0,0.7206591244466356,0.06,0
fcced3f2-2ae4-4382-ba2e-a52dd59f3ba1,1.812008410504465e-06,0.10816633766828872,0.288,0.172,1.707866568203652e-17,0.7682566483748448,0.22,1
004ade66-1132-4d07-940b-5752794ae8ca,7.1731745092235e-07,0.012690017211835432,0.12,0.052,0.9999946150186969,0.0,0.02,0
e6a1e83c-1a7c-4544-8b50-ec64907a7926,0.9277914987542561,0.2139874878595705,0.468,0.284,1.0,0.7206591244466356,0.28,1
ea040fd5-d39a-4079-a454-f4f0410454fb,0.004434702075364188,0.00910213701687216,0.156,0.056,1.0,0.0,0.08,1
95e2b26d-e0af-4f1d-ae5e-49aec26a1e45,0.6799291745023448,0.008038485244353062,0.124,0.072,0.0,0.11805209060971962,0.04,0
0e66b8e1-7558-424a-9523-a2f69806f099,0.0017716860312556716,0.006071580782440257,0.0476,0.0,1.0,0.5762434889183949,0.1,0
3eda64a1-db38-4196-afdb-a1e7cbb88514,0.9829853872972981,0.1767078197015738,0.188,0.116,1.8118096270205266e-06,0.20177383592017717,0.08,0
8751a5fa-ed09-4975-aaff-494c929385aa,5.911666311112788e-06,0.026265237304511538,0.26,0.104,8.456328925631922e-06,0.3973799126637543,0.14,1
8d4eacec-bc2b-46e2-b042-abf477e77b8e,8.672506008879344e-08,0.005196586647367772,0.16,0.104,1.0,0.13247374441093848,0.14,0
cb78a88e-88f6-4af0-b5fd-ebf87d899a58,0.9818213688476107,0.00576656906431578,0.208,0.096,1.0,0.11805209060971962,0.22,0
93311fb8-c058-4393-85b8-5690f735e809,0.019527443903191048,0.0032510587392842794,0.208,0.084,1.0,0.13247374441093848,0.16,0
044bc8d7-5998-4385-81a7-cdea7e66bd5e,4.4248029140633915e-07,0.007516197610077136,0.164,0.116,1.0,0.13247374441093848,0.14,0
2a511576-95d2-43d9-94fb-135fcb34f1b5,0.006136656721244452,0.05758140879722745,0.24,0.104,1.0,0.0,0.16,0
9a8305fa-072a-4827-8920-2f124906acd5,0.25332075779238433,0.2085372854644824,0.344,0.196,1.0,0.7663157894736834,0.22,0
c1b8859f-3059-43aa-86d4-73ef883aa10d,2.9473540964886104e-10,0.004286821156015613,0.056,0.016,0.0,0.13247374441093848,0.0,0
3154a94f-de82-4ebe-865f-8ffb80805117,2.476464865754466e-09,0.0015751629034673363,0.088,0.024,0.0,0.103249097472924,0.0,0
02922deb-2147-42ed-a7e4-96faa33bef71,1.3654534291164414e-05,0.002908149469627854,0.16,0.06,1.0,0.11220715166461197,0.12,0
630a9453-2a44-4504-b94c-c58273640c18,0.0007330892903544255,0.0010780807054033227,0.112,0.036,0.0,0.13247374441093848,0.02,0
86daf47a-045f-44be-9cef-38cc0c245c3a,3.300491775049881e-05,0.02716160215517608,0.312,0.152,0.0,0.7626737530662306,0.32,0
e1f70226-5897-42ba-b9f4-cfb966ce731a,3.019385885663528e-15,0.009125000716022447,0.172,0.064,0.0,0.6447368421052646,0.06,0
b0a26bb9-ced9-4b2b-8449-40f1c324d775,0.008427749096060791,0.16333774564428685,0.324,0.192,1.0,0.7626737530662306,0.16,0
777d40fc-ed9a-4c9f-ade1-f6fbeecde977,0.001210200168904213,0.03395558790292523,0.107,0.06125423728813559,1.0,0.11805209060971962,0.1,0
ef087882-aedf-412f-882b-eb9b7276a7e5,2.6763628477116135e-05,0.18345049978956365,0.46,0.228,1.0,0.7206591244466356,0.22,0
3b9ecb95-bd3f-4530-846f-bdaef4997d4e,0.8399223350219218,0.037434709665150626,0.328,0.152,1.0,0.7682566483748448,0.12,1
af50a15a-248d-4817-84d0-18c00e76ca60,0.31958716414094906,0.038844116353154184,0.168,0.08,1.0,0.0,0.18,0
66e91cfb-537d-4cb5-93ef-47a744d30be7,2.135087914188773e-10,0.0010196019004336467,0.136,0.108,5.977215038006473e-67,0.8251295336787562,0.18,0
8cd9edcb-1ae3-4376-87e4-bf49a4e10f21,0.9160134280915628,0.5694064743836004,0.472,0.348,1.0,0.7206591244466356,0.28,0
2d9a3d3b-47f2-40eb-a57a-b38612184e0a,6.019830731730756e-07,0.00194140912723567,0.096,0.048,0.0,0.103249097472924,0.1,0
42e547e6-9b20-4c55-8dea-79f5cdb7c4ff,0.11259774140029495,0.002336554415892126,0.108,0.036,1.0,0.7206591244466356,0.06,0
2e9a1604-5c93-4b35-bc36-c9cd4549ef28,0.004536694258088726,0.35150424252365586,0.336,0.156,5.264313255956077e-38,0.30536912751677847,0.28,0
35580c3a-484f-461b-9a41-8c3facc366b8,0.679494426510713,0.15212084581564186,0.256,0.128,1.0,0.7206591244466356,0.14,0
14e07352-e0de-4962-b662-338b68dfa64f,0.8505402624103646,0.18363331122977103,0.396,0.188,1.0,0.858490566037736,0.18,1
b8fe4662-f6ae-4d67-b4a2-e53db5699207,0.5260015201388298,0.017320172901147107,0.132,0.104,1.0,0.5174654752233955,0.06,0
09d328c5-0572-4e35-9797-4bec16563fc0,0.007726901158443875,0.0034551124419631386,0.144,0.068,1.0,0.0,0.1,0
7ba77dd6-aa64-4409-817e-59e7eb933f0b,0.00015845844243140932,0.0009157240405396162,0.12,0.048,3.3164413277979813e-41,0.11805209060971962,0.04,0
f42b8900-58da-4fa1-86a0-7bdf77704e31,5.033172779352228e-05,0.017563855124269185,0.256,0.096,0.0,0.5762434889183949,0.18,0
b2f47383-9ad9-4e67-adb8-e3c8c4b7ff86,2.017422782029592e-05,0.001547436368037805,0.136,0.052,1.0,0.08708133971291877,0.06,0
f76b5167-3b9e-4cd5-ae8b-473a6e40a6e5,0.0001432194484228144,0.0013268038415835909,0.1636,0.08,1.0,0.8530038346825718,0.14,0
a547580f-0b18-40b5-a2d8-0fb27662cf26,0.10414127665465216,0.15749917825701407,0.396,0.224,1.0,0.7206591244466356,0.22,0
4301d554-ed18-48d1-8a41-745903dc0e8e,0.00024572476267266537,0.0017378186679334923,0.124,0.048,0.0,0.13247374441093848,0.1,0
fb492d8c-b141-4875-8c7c-a30155018873,0.02819393046769811,0.733518102913931,0.684,0.38,1.0,0.7206591244466356,0.26,0
116df513-1c01-4b7c-ab82-5fc7c7468c3b,0.054830085116617536,0.03605320772996176,0.184,0.092,1.0,0.11220715166461197,0.08,0
5b5be867-fa14-4f9d-a392-7a3693b924e5,0.7154438861052905,0.0025496644148141167,0.05885714285714286,0.036,7.034179814505782e-112,0.11805209060971962,0.02,0
4a3665da-58bb-460e-b1c6-2381693d6db4,5.312164786885015e-08,0.0043539001020118555,0.11542857142857144,0.064,0.0,0.08708133971291877,0.14,0
c37cfcef-5785-4e68-bc09-f5c3b20db182,7.252897136580765e-06,0.03889325596715775,0.264,0.176,0.0,0.11805209060971962,0.14,1
43c99635-5829-49cf-9579-dfbf9feb5cf7,0.00016091074212763374,0.008565233693375614,0.1,0.06,1.0,0.11805209060971962,0.06,0
c0c8ee65-66c3-4d3a-9bec-0f919ef11960,0.7273923063246713,0.014618612991740986,0.168,0.064,1.0,0.11805209060971962,0.14,0
4e14ecec-57c1-4c8c-bfa0-b2ca0ada6053,0.0446774635655848,0.0015776459713958977,0.124,0.072,1.0,0.13247374441093848,0.14,0
99b841c5-fe3c-48af-990a-b1aaafc8a58a,0.7707711003998958,0.005511537819111438,0.156,0.056,1.0,0.0,0.04,0
cfeca3ed-90dd-4c74-969f-f5daddcbf583,0.19826982137626992,0.01584733572266789,0.236,0.072,1.0,0.0,0.14,0
6f9294f3-32c5-4b2a-be6d-c64cb15e47cc,0.005329613830853836,0.004054606477183541,0.152,0.048,0.0,0.7620096959012786,0.1,0
a28a830b-d4b9-4cc1-b95a-9281a3f94d79,0.048301236612701366,0.056263118152106245,0.244,0.076,1.0,0.29979726305119253,0.1,0
9aad96b6-8ada-40c7-9a4b-fd575554c560,0.00022177478269893582,0.06026763480622368,0.176,0.104,1.0,0.7682566483748448,0.16,0
c294e8a6-f993-409b-907b-7eef9ceee326,0.0002706763751905798,0.07148952667059967,0.38,0.208,1.0,0.7206591244466356,0.28,0
c1db9040-d110-4998-89c6-ff424c192cf9,0.008914920132978203,0.005591372444033629,0.176,0.104,1.0,0.11220715166461197,0.1,0
11104477-788d-47fa-b87d-01bb45f9f293,0.06330015905913824,0.0046993877378976616,0.132,0.052,8.983376693482533e-16,0.34732824427480924,0.02,0
ff0b0c2c-9bc2-44c6-95c7-5b2acb69a3d8,8.364626286033335e-06,0.015315733321313973,0.064,0.044,1.9846712079069733e-45,0.5762434889183949,0.02,0
2590debc-5b13-454c-b711-14ca90e0893a,0.9466209720658536,0.16613736323710673,0.26,0.112,1.0,0.5762434889183949,0.16,0
ec09ecf3-864e-475b-8603-306e459863d1,0.09400834620785584,0.011247535751604283,0.144,0.056,1.0,0.5762434889183949,0.06,0
67c2aecf-8443-4c82-b5ba-9b67b20dc168,0.021633474117010054,0.0033665898290299126,0.092,0.024,1.0,0.11805209060971962,0.1,0
7215debf-ada0-4a7c-b1ad-a6f3b05b98fa,9.878291822386146e-06,0.0012863944368158046,0.068,0.052,1.4604105354489723e-14,0.7206591244466356,0.08,0
79dee5a4-e0f3-4fd2-8290-fdfd0ec6400a,0.005066213330231117,0.01794330079593267,0.2,0.068,2.106227197435374e-12,0.858490566037736,0.14,0
4543bb41-73d7-46f9-bdef-46243d306398,4.017159716653609e-06,0.012717860389082269,0.24,0.132,1.0,0.7691281138790024,0.2,0
7648fe5a-155d-41d9-ab36-b6b0b17cd1e6,3.833150337461359e-06,0.002517942230892768,0.068,0.04,0.0,0.13247374441093848,0.0,0
f7c8fbcf-f310-488a-be8e-01eba3c770f8,0.9908113144864189,0.22450844885380888,0.416,0.236,1.0,0.7206591244466356,0.24,1
e4f9eb06-ac73-4d3c-bc34-a3fe2ea70b0b,1.1272951198254471e-05,0.0005139886465388939,0.128,0.032,0.0,0.103249097472924,0.04,0
cb32fef3-f7d4-4fb8-9e78-f9fd21298cca,0.9176264908353116,0.006457296527292908,0.108,0.044,1.0,0.13247374441093848,0.06,0
a537d5bb-c3c9-4ea8-9b4c-3ddc178ed649,7.414430092177329e-05,0.005209798691718409,0.2024,0.088,1.5548848550267632e-91,0.7626737530662306,0.08,0
0d1bf69d-e1d0-4066-9389-d2fe34b04f46,0.2809510912845272,0.7605341604055805,0.448,0.288,1.0,0.5762434889183949,0.24,0
e6a7b9e5-0486-48c7-b605-0628214455d5,5.78966458665836e-08,0.025356010817682916,0.224,0.148,0.0,0.29979726305119253,0.22,0
921e05b1-6226-4bda-bd0a-598707af7e23,7.326644877525565e-13,0.0002035208433951764,0.04690909090909091,0.024,0.0,0.11805209060971962,0.02,0
2a2c1638-fe74-401a-8263-dc91386888cc,0.993771034250391,0.7339414844808793,0.572,0.356,1.0,0.8530038346825718,0.22,1
b8c1da3b-25f5-48cc-934c-b5fecb8db8cc,0.00021692657968441596,0.5755285220022226,0.272,0.104,1.0,0.13247374441093848,0.1,0
673abf28-3945-440c-a544-6ca73f0c466b,0.9531570367010054,0.23742329159381012,0.2275,0.12,1.0,0.11805209060971962,0.22,0
324b4c4e-8a2c-44f6-ab04-54b0ede5573d,8.689345365281425e-11,0.03459322832888809,0.136,0.028,1.6969985899986162e-244,0.20177383592017717,0.04,0
3048995c-a0bf-4fe4-9f38-a24d07d48cd7,0.0003406705415651766,0.09120128524317395,0.264,0.108,0.0,0.7682566483748448,0.14,0
cc0a42d3-aef2-406a-9741-89af8abab538,0.04552375244109264,0.0028506960258780837,0.052,0.016,0.9999999999874944,0.0,0.0,0
c061419c-ba13-4549-93d8-36b7ef8a4428,0.00136682377945533,0.022516276231089573,0.112,0.028,7.025053715208727e-39,0.11805209060971962,0.1,0
cfcb93a4-aef9-4c5d-81cf-d01d6d97769d,0.0017880626394669592,0.1425178607288683,0.248,0.156,1.8938041498437096e-149,0.7206591244466356,0.16,0
58e198d1-872c-4981-a9cc-a74ed6317f55,0.2342465561709316,0.09190950215912044,0.192,0.12,1.0,0.5762434889183949,0.08,1
3695f59f-4793-4d65-a1b5-abf4e247daab,0.000856970853303973,0.010493222334042873,0.144,0.072,1.0,0.7620096959012786,0.12,0
af1cc77a-6c6c-400d-9f7c-97cdcb7a4c5a,0.9943880249308719,0.0908477021310267,0.272,0.168,1.0,0.29979726305119253,0.18,1
2564f781-c959-4cf8-ab3c-e17d183b7236,0.0003582913279156439,0.01127521911499815,0.16,0.068,1.0,0.3973799126637543,0.12,0
120bb066-5a64-4e00-8990-97b389af59ce,2.2918624051615586e-11,0.001217832034371985,0.152,0.072,0.0,0.11805209060971962,0.1,0
4e0b0205-f3df-4e22-832d-f22e7d2eba1a,0.9630749168235188,0.028543789896102435,0.092,0.04,1.0,0.5290697674418604,0.08,0
ef01c17b-4467-4014-add1-58686015cb61,1.0699138321427286e-06,0.01146990432246522,0.06,0.032,0.0,0.7620096959012786,0.06,0
d095866a-07d9-4d27-9aab-51136eeb5ec0,0.0003320211721664095,0.0032093609087864177,0.16,0.076,1.0,0.7206591244466356,0.14,0
706541db-f9ac-4823-9cc9-c4abdde3678c,6.537023533132212e-05,0.06034885666646958,0.204,0.084,4.44383801839391e-35,0.7682566483748448,0.08,0
67ad9881-95fc-43b1-8094-e4d44efdc3cc,4.255165865677919e-05,0.03912098457651182,0.24,0.108,1.0,0.7626737530662306,0.08,0
cde0a1db-fa8e-4c0d-9468-671400357741,0.07115194939904124,0.02552026166898919,0.364,0.156,1.0,0.7206591244466356,0.18,0
b3e3059d-f08a-40b8-a054-98b660b975d1,0.003555634679868262,0.2766601978720131,0.304,0.116,1.0,0.7206591244466356,0.1,1
0be2950b-dc84-4b6a-a51e-1092e99626a5,0.8889164487064442,0.0326189426977602,0.268,0.164,1.0,0.3973799126637543,0.16,0
66fa40e2-d6a9-44b9-81cf-b9570528057a,0.009701461692131695,0.2586022154157527,0.28,0.104,1.0,0.7682566483748448,0.2,0
7bfc3164-fedb-4e1d-9546-a25095d8b5fe,0.9999997815915453,0.03397203732864581,0.176,0.112,0.0,0.0,0.18,0
e2e7469b-aa8a-4b51-a145-5c6fb792955a,7.669421983232585e-05,0.05239635494229419,0.13955555555555554,0.096,1.0,0.6447368421052646,0.1,0
c8c4ed51-9e82-468b-8ad9-ac11f0206066,0.8675751474850361,0.48661192087176586,0.268,0.208,1.0,0.0,0.18,1
b9400965-f74c-43a1-b038-83df80f43196,0.0009624142427379047,0.001776587509591703,0.096,0.052,1.0,0.11805209060971962,0.04,0
888805d0-e204-4c55-9da9-cec04f179029,4.962021177165262e-10,0.018981736311825672,0.192,0.112,0.0,0.7206591244466356,0.14,0
bee7239f-aacd-44f5-8c39-173189d310f8,9.499661872145108e-07,0.0011797081408524972,0.18,0.072,0.0,0.5174654752233955,0.16,0
ed544c7f-3a91-42df-aceb-97143a314c13,0.05523782360264687,0.05102858267164765,0.22,0.148,1.0,0.7206591244466356,0.2,0
745aa034-6c21-403e-acbc-5202d394bccd,0.031073408231288877,0.0034848146350715866,0.196,0.076,1.0,0.3973799126637543,0.16,1
c395d00c-e7be-462c-9896-6df204b86c98,0.36760066469292496,0.04933203469092687,0.22,0.088,1.0,0.7206591244466356,0.12,0
86778e31-6f1b-46ff-a79d-074fc34b4dce,1.7797930190290076e-06,0.003248372601407658,0.1,0.06,1.0,0.7206591244466356,0.08,0
86d35d94-f6b7-4478-a327-3be36c3b2d22,4.555420470745264e-08,0.0016566561698916503,0.06,0.012,0.999999999998181,0.103249097472924,0.08,0
fc179f89-6980-46d9-b3b6-6b40d8693bf3,0.7752805765504641,0.004276866307254732,0.22,0.092,1.0,0.6603773584905661,0.24,0
2b061d58-d84f-4ed7-850d-8e4efd45191a,6.521144868234993e-06,0.013985536186203693,0.308,0.184,1.0,0.0,0.18,0
002941bb-befe-401b-a5c3-6db3ff52f951,0.0026198641978569586,0.0027824622977119877,0.076,0.04,1.0,0.7206591244466356,0.04,0
b76598e5-dc42-441a-8c9d-3e7c82eb07d5,0.024584903426021043,0.012015290453126083,0.172,0.076,1.0,0.7663157894736834,0.16,1
4ab0e113-e0f9-4e67-a4ff-685902e42e14,0.9978431783516898,0.1495593434433199,0.388,0.268,1.0,0.103249097472924,0.22,1
cc109488-d193-47e8-83c4-659bc47403bd,0.6985689664887956,0.18645081382763223,0.2755,0.176,1.0,0.7691281138790024,0.16,0
d0f8ff9c-16e4-4e42-82c5-e0a5659aa35b,0.07520161051128046,0.06640388397522097,0.26,0.19108474576271187,1.0,0.6447368421052646,0.14,1
4a439357-6229-46a2-a24d-f422911a50da,0.046595041176336977,0.009739735015506722,0.116,0.068,1.0,0.103249097472924,0.12,0
de8e2054-a3a5-48d4-abb1-5b64b17896b1,6.4549491147158e-14,0.0049036494527416345,0.148,0.048,0.0,0.0,0.06,0
4e78d656-b5d3-4a9d-8af2-4903705aaf7f,0.00024977529482192386,0.012484028956884082,0.092,0.032,7.243546111094964e-15,0.11805209060971962,0.04,0
6309810b-6ac1-4365-b4ee-dd7533e709cd,0.22272365941974812,0.08654168340504453,0.272,0.132,1.0,0.7878787878787872,0.1,0
99aecf20-e315-48c5-a429-dc91504d0b01,0.993101508968566,0.10448115826599634,0.232,0.112,1.0,0.11805209060971962,0.1,0
8de54990-3ff9-48f0-b215-d764b3c9aa8e,7.245496487400381e-07,0.00014189550505141254,0.08,0.02,0.0,0.0,0.02,0
d8b933b7-29a0-45f4-a77a-cab647adf132,0.0005133465348455692,0.002061489951997234,0.108,0.06,0.0,0.0,0.22,0
da72acaf-b49b-423d-986e-3d6d35a93d12,0.0039025521731153984,0.013839629921802704,0.348,0.248,1.0,0.103249097472924,0.2,0
bbd87198-e0d7-490a-a5ee-8940fb71600b,1.869503883178136e-12,0.00036338456488861615,0.036,0.024,0.0,0.103249097472924,0.0,0
0c42685b-7b2b-46be-a6cc-376fc215b62f,0.00034779883504112427,0.0015620541791522837,0.096,0.024,0.0,0.11805209060971962,0.08,0
439d4689-7622-4d00-ad9e-89c84cefcec9,0.0506959313621624,0.012683522936977725,0.176,0.096,1.0,0.13247374441093848,0.12,0
a557a6cc-7c74-4935-9f23-fbac298bb8df,3.7655974684867184e-05,0.002357251518995737,0.128,0.072,1.0,0.0,0.04,0
d95e2894-db72-407c-a004-32cf0b92b60f,6.933149498548973e-05,0.01653256041053645,0.116,0.06,1.0,0.08708133971291877,0.06,0
34705720-8d82-44d6-9082-127a7321e062,0.7905066721424525,0.07403523439451289,0.24,0.12,1.0,0.6447368421052646,0.1,1
bb4e6085-f0b5-472a-ba71-2b3c574a3754,0.019438325885191676,0.17406798211104085,0.248,0.112,1.0,0.7626737530662306,0.16,0
6b0f62ce-4058-421b-b6ba-7018aa161650,0.001928105471650066,0.0014299420834107616,0.108,0.048,1.0,0.103249097472924,0.08,0
78d8a21c-8035-42b5-a0b5-45e88bff86bb,0.0004423236882550121,0.0036372544826286384,0.048,0.036,0.9999998922262479,0.103249097472924,0.06,0
8966a3b9-8a90-4da4-a888-d0d43c019250,2.105207867913721e-09,0.0016370757421018517,0.116,0.036,0.0,0.08708133971291877,0.06,0
2a4051b3-f3b3-4d5a-80b1-5b1a2314e72b,0.019306029006785186,0.06027354606669017,0.2,0.136,1.0,0.13247374441093848,0.2,1
947d477d-4c01-46e9-bd67-ce0ee45548cb,0.5313016891780844,0.0011125660228124901,0.124,0.072,1.0,0.5174654752233955,0.06,0
bf5af1ea-0a89-42e2-9884-77271796039a,5.84996611953214e-06,0.005185305328920702,0.132,0.016,1.0,0.7206591244466356,0.06,0
3f417b36-3271-4dce-a4d3-d891f1328bb5,2.8789649361088144e-12,0.001956507572455776,0.096,0.056,0.0,0.29979726305119253,0.08,0
3097e49e-ae7b-4ed2-87b5-486e639f9632,0.6646558046934461,0.0026937121690731813,0.124,0.064,0.0,0.13247374441093848,0.18,0
c9a3cd40-d804-4b0f-bfd8-4429185c9a92,0.009412924072672704,0.5081528703488591,0.496,0.188,1.0,0.858490566037736,0.22,0
043e2a2f-bef0-4a8d-9247-bdff1675996d,0.9963944842790993,0.004904750507308136,0.088,0.028,1.0,0.103249097472924,0.08,0
f55c66fb-5c69-4587-a5eb-01c6a9484635,0.2131637115072965,0.022824527657608742,0.2,0.128,0.0,0.4572864321608039,0.14,0
20c3b0af-8f55-446c-92ce-8849df1d31fd,0.9978077816372461,0.1308220538188088,0.316,0.128,1.0,0.11805209060971962,0.2,0
ad0a830a-8ff2-4539-88de-35ae4b324f27,0.00012503894339619748,0.07017768626276719,0.236,0.128,1.0,0.08708133971291877,0.14,0
d716124c-2b89-4093-baaa-3cc09ddbb513,0.0010211625933249995,0.022298581715291445,0.12,0.048,1.0,0.11220715166461197,0.1,0
db57012c-1d64-47df-9d84-bd2b6a541e40,0.03837525729617318,0.08020634862859789,0.192,0.084,0.0,0.8530038346825718,0.06,1
86bac65c-545a-4034-b505-f4a04eddf28a,0.006801405597858287,0.15418432927927148,0.316,0.212,1.0,0.7206591244466356,0.26,0
cb3a7f71-e205-44fa-8b8e-069b0bebcd42,0.4185397528989407,0.005968633260619175,0.208,0.1,0.0,0.6667952178943308,0.12,0
c7ff9e95-783e-4382-bc99-422cfcc884a0,0.9997634255685375,0.007961609548129907,0.232,0.12,1.0,0.13247374441093848,0.2,0
a0c756fc-f3ce-454b-b33d-36124f156197,4.2883225021622066e-06,0.0033854426950726247,0.128,0.048,0.9998952849716705,0.7878787878787872,0.04,0
5284ea33-9a8d-4bd9-9382-a75ea7066cd7,2.7905248399822724e-13,0.012314963039303342,0.12,0.072,0.0,0.8530038346825718,0.06,0
e013fc0d-6439-4da9-9a65-1f6035e2dad1,0.001983607941732626,0.0017803365234229029,0.068,0.036,4.4146183365e-314,0.0,0.0,0
ceb954cb-304f-479d-b086-83a33654ed98,5.665059034648601e-06,0.008008618267542036,0.088,0.056,1.565455049090163e-143,0.0,0.12,0
bd35846a-8d42-4858-8642-64f7a4b004f4,0.0011463437699997065,0.001750152211863787,0.104,0.044,1.0260429177294586e-275,0.103249097472924,0.08,0
faabe8eb-4f5b-4c99-95df-74468cacd35b,0.9383068518491651,0.3023839053762328,0.396,0.208,1.0,0.7206591244466356,0.22,0
f2e69199-1099-4143-bb31-ee9df0f256fe,0.00017132437781999893,0.006432215611222008,0.236,0.124,0.0,0.6667952178943308,0.22,0
8f3d390c-cab9-450b-a2ea-1610078d5e65,0.9970901873582741,0.006133071140997912,0.172,0.088,1.0,0.7626737530662306,0.16,0
9789405b-b18a-4a73-a175-22f1b32bbc3b,0.2671560640490549,0.00924513945707372,0.184,0.072,1.0,0.20177383592017717,0.12,0
2bccff39-ca6a-438a-8f71-198878b0a33c,6.216257522827525e-13,0.008677268460793364,0.096,0.072,0.0,0.11805209060971962,0.02,0
0e35158a-5ac1-40df-8e77-1726b3b929a7,0.00020084128174192793,0.06955886233971588,0.264,0.136,0.0,0.7682566483748448,0.1,1
1ebb5a17-b5c2-49fa-95da-ccb10a2f6084,0.014928086926012926,0.47003580194143224,0.368,0.244,1.0,0.7691281138790024,0.24,0
ac90d5ec-a243-43c2-b604-6a3324f4b4a5,2.3144689565500734e-09,0.021477621172805265,0.08,0.028,0.0,0.0,0.06,0
eea4ccf9-cb40-4a90-8566-8bea916a10d7,0.36474904199387664,0.006011246193914761,0.068,0.0,1.0,0.3973799126637543,0.04,0
5e93094c-78cf-4791-aec3-16f410472679,1.0178834208425057e-15,0.0027043895882749294,0.112,0.068,0.0,0.5762434889183949,0.18,0
1b0308eb-16fe-473e-942a-aeffe349cb0b,0.004582208096132651,0.0028378888725262325,0.192,0.088,1.0,0.7206591244466356,0.18,0
2d65d4f8-81c1-4c13-ad9b-d688291daef6,0.014218552906512031,0.03627346257364828,0.26,0.168,4.21639393168486e-86,0.7206591244466356,0.24,0
8daf38e1-54e1-416d-bd2c-6d1d87779413,0.000656166463880654,0.15193243467102405,0.26,0.096,1.0,0.8530038346825718,0.1,0
e978cbb5-5d9c-4248-a39b-e180523ef1b2,4.3830231793380326e-05,0.011629403856987592,0.104,0.072,1.0,0.11220715166461197,0.06,1
37296aad-ac60-49d6-92b0-4b540d32d8ca,0.5997833526642882,0.0058233188341267296,0.172,0.1,0.6710103446542062,0.08708133971291877,0.2,0
4cb619d8-cecc-4377-8490-e625398766d9,0.10960522618797751,0.019268855416044613,0.308,0.124,1.0,0.0,0.28,0
4169cfb8-bd4e-4540-834b-5f1ef8b36cd8,0.0016076620426211366,0.031857354726306394,0.32,0.08,1.0,0.6447368421052646,0.18,0
af88d765-d02a-49a9-9b33-aab81e571574,2.0944525887578683e-10,0.0015290451828554041,0.064,0.036,1.523637484966984e-09,0.13247374441093848,0.08,0
72b4e3b0-862e-4db6-9b42-f095f1575965,0.00030490074202982445,0.0031409339783676146,0.168,0.06,2.424975435618812e-151,0.0,0.14,0
52c268a8-9ebc-4212-a916-5420dbe082e5,0.6936111856331031,0.011787847830354971,0.292,0.116,1.0,0.7691281138790024,0.12,0
3f0f2ad6-c793-4e86-b9cb-a0eabccc89bd,1.7449310111667187e-09,0.041006427084662955,0.156,0.08,0.0,0.5762434889183949,0.06,0
fb330f4e-5d72-4c30-9636-3d4a0738f551,0.8795318830149237,0.19872515983086325,0.208,0.164,1.0,0.37295081967213084,0.22,0
232a8a27-aeff-400d-8090-92302cedb59d,0.0026625956767119354,0.0037558358328053563,0.132,0.08,1.0,0.103249097472924,0.16,0
3a8e37a9-0d5f-4285-a461-1bb7369ebf55,5.326275733562817e-07,0.027712834794874974,0.28,0.108,0.0,0.0,0.14,0
3c5daf13-93b6-4bbb-94cf-dba37e1600e9,0.01081932454580042,0.01074762997299419,0.128,0.06,1.0,0.13247374441093848,0.14,0
3ea8b0b8-b22a-429d-b3a2-cb02cc846906,1.4366493201862125e-09,0.003929112770741757,0.168,0.076,0.0,0.7206591244466356,0.18,0
32e0c30b-2492-4549-83ae-c191f6a292e3,3.97983988832769e-06,0.01958400565972514,0.092,0.052,1.6985994996775794e-163,0.6667952178943308,0.08,0
7974b874-b115-4421-a8b8-8d3851986e35,1.4927783674122134e-07,0.00782547914173884,0.104,0.04,0.0,0.103249097472924,0.02,0
c62f6aa3-acaa-4ca2-a43e-e2febb26fd25,2.1538756515839624e-08,0.018808288411068127,0.176,0.06,3.0226274516595363e-22,0.0,0.12,0
f5679fa1-bc99-47f2-95e2-0d82fe5d09e2,1.6287437089914275e-12,0.007990059154974059,0.164,0.1,0.0,0.11805209060971962,0.06,0
a7a27b99-07ab-4b98-a58d-086879d1a133,7.006389065738575e-12,0.004415833025521388,0.12,0.032,7.614518263678501e-114,0.3973799126637543,0.04,0
48ddf677-2808-4611-bfc0-e5561c0bd3e8,0.00420415500275684,0.010209215456859865,0.088,0.044,0.0,0.103249097472924,0.1,0
520f023a-4691-4a7c-8cb5-3b15c4c2dba3,0.3384007623223704,0.0074824001653510915,0.204,0.108,1.0,0.7691281138790024,0.22,1
9cf3b3d4-fbe3-4da0-b626-9b3ec15754a2,0.00011893764095802556,0.01761628667078827,0.14,0.072,1.0,0.0,0.1,0
db9d6799-782e-462b-a9b1-37411cf1deeb,0.40164400500825365,0.03907418507664382,0.176,0.124,1.0,0.11805209060971962,0.12,0
904db522-69ff-48b5-b548-b63961e8dbd4,0.0007714411200055453,0.015882003386878417,0.236,0.084,1.0,0.7206591244466356,0.12,0
e3820b5c-0954-4d62-8ce8-80b9e9eaa703,0.11668715456255101,0.22272979213245317,0.172,0.084,1.0,0.8530038346825718,0.16,0
69e5a37a-9c5b-4c95-8439-876469a91455,0.8125446516459403,0.20160826803151646,0.272,0.14,1.0,0.0,0.18,0
f52aa2b0-89d1-4e23-8160-38dd6a50f313,2.8742085229827717e-08,0.00226067423931244,0.096,0.012,0.0,0.103249097472924,0.0,0
09ed04df-b798-41cd-b5a4-db7b77cb8899,0.0025235988977854564,0.0005353598113291978,0.076,0.032,2.8327916591443524e-259,0.6447368421052646,0.0,0
bcd5be3f-571c-48b6-b1a1-0d1af5c07531,0.0071297849768726974,0.0761444442406264,0.188,0.12,1.0,0.103249097472924,0.16,0
f1ec35c8-c680-45ed-be41-ca7cf984ea9f,0.99898171660003,0.029820626238513448,0.088,0.048,1.0,0.11805209060971962,0.08,0
526be024-e7a5-4c04-8081-45249f182497,0.003533872336949623,0.008852903951797058,0.164,0.092,1.0,0.13247374441093848,0.1,0
87c549d9-b1b2-466a-bd13-90bbecbcc537,0.9978890851442245,0.04803948447861314,0.216,0.172,1.0,0.6447368421052646,0.18,0
8b19183e-2bf2-405c-93ac-371b0270eb91,3.0085887454447668e-05,0.040596815360553005,0.172,0.084,0.0,0.3973799126637543,0.16,0
0b2baad3-573f-44be-bb25-a6f96b01f41f,0.0785201348270472,0.12387766017207993,0.288,0.112,1.0,0.7206591244466356,0.08,0
0e4f09f1-eb97-4b4d-ba89-35b056ed6c82,0.9980995652665863,0.17360238111107046,0.396,0.212,1.0,0.7206591244466356,0.08,0
e3a9357c-0d00-44f8-b8d2-f17d48de5512,0.06876400904025008,0.0756040111263202,0.176,0.12,1.0,0.11805209060971962,0.22,0
e2296fa1-f00a-40d9-b8c0-0a37d8d2266f,0.10312954936322595,0.16643572274014137,0.376,0.18,1.0,0.7682566483748448,0.26,0
24184165-a88c-4e9b-8747-17a75fa1c666,1.4127478246938381e-07,0.17893541222203055,0.308,0.148,5.981804546460865e-156,0.7206591244466356,0.16,0
2c81a0fc-36aa-457c-8d1b-8eea6edac02a,0.33811432792558793,0.011199085755516367,0.13010606060606061,0.08948,1.0,0.5762434889183949,0.06,0
f8192bc4-bcd5-4cbf-b0b5-8db0db4513ee,4.2777887425908054e-06,0.002784575958007911,0.096,0.044,0.0,0.11805209060971962,0.04,0
708c78a0-600b-43fc-9e79-eccada20ecd9,1.843593592197578e-12,0.0010035659223406566,0.084,0.02,0.9999993103840656,0.13247374441093848,0.02,0
12ec2d7a-58b4-4d2e-993d-9330e06dc712,0.9394097057941457,0.07013731806945579,0.236,0.132,1.0,0.7206591244466356,0.2,0
48f86dbc-a8e8-4e78-828e-8065d72f4d06,0.004995967395032091,0.00506357119513121,0.08,0.04,1.0,0.103249097472924,0.1,0
f4386a9f-5bf6-447f-8f21-1a13af9f7640,0.0031624246010119542,0.006852845692452494,0.14,0.072,1.0,0.7691281138790024,0.18,0
d7e692be-cacd-48ba-9eb4-a34b0818eb0f,3.2196340908830403e-09,0.00042667603933408137,0.088,0.028,2.8322709475601226e-08,0.0,0.06,0
848d081f-1e83-4bb8-bf0f-fd8110b13168,0.03974573162245573,0.013298950736733504,0.136,0.04,1.0,0.6447368421052646,0.02,0
80e3f4ce-cfe5-4f78-aed2-9ef8d9ea794b,0.0001076590547859927,0.0007397045438580353,0.084,0.044,0.0,0.103249097472924,0.06,0
83c7056d-ba91-4816-b1a3-cf29a89c082e,0.005394333335354828,0.036654973657483284,0.184,0.072,1.0,0.7206591244466356,0.12,0
11ba191f-a74d-45b2-9a68-b96bec72daff,0.013235605404742275,0.0038644444237243974,0.204,0.068,1.0,0.0,0.16,0
5b1306f1-ced7-4b40-8ed7-336758db7373,1.161605353908784e-07,0.0005573276939200887,0.176,0.076,0.0,0.0,0.1,0
ce0471c8-6acb-4ae8-a169-45f991040b7c,0.010889467820055333,0.08867604666897307,0.324,0.192,0.0,0.8530038346825718,0.18,0
015ce771-36d8-455d-b989-3443872ff3d1,0.002748032809643286,0.07107760691125434,0.228,0.104,1.0,0.0,0.2,0
2883f4a9-d071-44bd-a384-825d7e12f56a,4.910147944683261e-05,0.0008614545008403617,0.076,0.024,1.0,0.103249097472924,0.08,0
5114091f-64ae-4a0f-8319-f45a136e114c,0.0032678792956058206,0.004152921750313212,0.108,0.044,1.0,0.0,0.06,0
4707b00a-7372-4406-8c49-10f19f43f3d7,5.851429871113055e-11,0.0005044785434133981,0.064,0.028,1.6879659431846373e-92,0.13247374441093848,0.04,0
289d8ba4-3080-4fa1-b5a3-6255c9c0f5c4,0.6039646776174336,0.03535899822540667,0.232,0.088,1.0,0.7626737530662306,0.2,0
f6f34b84-e9a5-4d79-8d4e-586f51c79cea,0.7923684256889904,0.013429230916997575,0.128,0.048,1.0,0.103249097472924,0.12,0
79378248-e261-4de1-a892-5954754620a9,0.16190644561389647,0.012440581963544138,0.164,0.072,1.0,0.7626737530662306,0.18,0
88bd320a-44c8-48b7-ab4f-be7e7abd4c57,2.6797445781841226e-06,0.01125917325993162,0.14,0.08,1.0,0.11220715166461197,0.08,0
dc8416af-1aa0-49a2-b036-b2657f90169f,0.8229975954219823,0.003994799242865009,0.1,0.036,5.363941655136452e-21,0.34732824427480924,0.02,0
d3046c49-4bcd-4ee1-9ad5-73a84ede942e,0.9013094495877854,0.17958219856743404,0.2392,0.152,1.0,0.0,0.26,1
6d959894-cc0d-4fb9-863d-153653f7d6ad,0.2859139828985577,0.002438270367104201,0.108,0.06,1.745808146971172e-32,0.13247374441093848,0.06,0
6e0378cd-25e1-4383-9507-1f77e066a52b,0.0018474365758954512,0.03851586043791857,0.156,0.076,1.0,0.7682566483748448,0.12,0
7da7f4f9-dc42-44da-b0a9-f725c7e51a5a,3.0284324321196596e-07,0.0012869282990609764,0.056,0.0,1.0,0.7206591244466356,0.04,0
f6d4ebe0-23b7-43b6-9409-36e624ac76b3,0.02338458758581344,0.10179659657484848,0.292,0.116,1.0,0.37295081967213084,0.22,0
b8199c8a-3c70-42a5-9834-d07e9771a87f,5.7819619956150404e-08,0.00856307224539864,0.15533333333333332,0.07908474576271186,0.0,0.11805209060971962,0.1,0
4c263819-dc9a-4af0-aa36-2162d2e74da6,9.598335296073741e-05,0.0010251391367587144,0.064,0.032,1.0,0.103249097472924,0.0,0
9f441ecd-bf22-47de-827d-50c97c2fabd2,1.1126366419176429e-13,0.00045884176115958337,0.068,0.004,0.0,0.103249097472924,0.02,0
a691fbbf-c6e1-42cc-82f6-49320e04ab2a,0.11691063226059033,0.008488345290175977,0.104,0.044,1.0,0.0,0.0,0
ad528901-fb74-4a0e-aed1-f86c9624fc8a,0.012640688715913975,0.006011108920640887,0.296,0.128,1.0,0.7691281138790024,0.2,0
bae299d7-48c1-4dd3-958d-7ba22e37f2b2,0.18912842855702097,0.022959780577125617,0.252,0.11908474576271186,1.0,0.11805209060971962,0.16,0
adb7a8ec-c5cf-495b-a678-84328c80f58e,5.422822493016838e-09,0.0008753965627832737,0.048,0.02,0.0,0.103249097472924,0.02,0
1cb98b96-4a35-408e-b7c4-3e25195ee222,0.008653125675975521,0.003163421345284972,0.13371428571428573,0.076,1.0,0.11220715166461197,0.08,0
057f04e8-a565-4ac3-b542-e6a702fbae31,0.011038572567148807,0.08229986518174426,0.256,0.152,1.0,0.11805209060971962,0.16,0
3ab17e33-a79b-4922-9f04-d6369327f7bc,2.5432897549336685e-06,0.0008853248011182294,0.116,0.032,0.0,0.11805209060971962,0.0,0
61fc374a-6e0f-4647-b912-8006a0fd88af,0.0005559291189075125,0.04786391374281332,0.116,0.06,1.0,0.103249097472924,0.08,0
8b43e66c-3fbc-4403-aef3-9821a25c4a41,0.9880253020493348,0.1268124729286198,0.316,0.204,1.0,0.11220715166461197,0.2,0
58b216d2-4f7c-49eb-8dc0-4ad6b745e7d8,0.2958539955257434,0.01943449900130388,0.268,0.088,0.9996842278823678,0.7206591244466356,0.2,0
1cefa210-8362-48ca-8d38-158923cf5d58,0.0008698498582488886,0.008005908473599766,0.184,0.056,1.0,0.5762434889183949,0.14,0
f9fc42ba-0522-4cac-8ce5-c868e0b69ba6,0.00010420059163984296,0.02179970741887971,0.096,0.032,1.0394203727489253e-56,0.11805209060971962,0.04,0
4dc06f1a-a809-43eb-9a22-15ecb5d76c75,0.0014125710154321092,0.002044810492806008,0.088,0.02,4.8065743110334404e-176,0.103249097472924,0.0,0
89deec1f-bc15-4d3c-8455-647cac42de19,0.726507650882241,0.21667523554019563,0.376,0.216,1.0,0.7682566483748448,0.28,0
35a36606-61e8-4d55-b66e-39207e3e699d,0.9114334566012323,0.9468437444865124,0.579,0.464,1.0,0.7682566483748448,0.34,1
a74ef618-4b35-470e-916e-97c52863b4f3,0.05494722325641332,0.21420703432898486,0.316,0.14364,1.0,0.8530038346825718,0.18,0
1c1e82b9-3746-4a29-b56b-6ec503d836da,0.008917861592489551,0.0065806011532768185,0.188,0.072,1.0,0.0,0.1,0
95ca129b-a4ce-4c84-9d9c-36cc205e9460,0.0034114018853528293,0.002155938108737204,0.028,0.0,1.0,0.0,0.06,0
a825fad5-8e17-4f4a-aaea-8321b6f6e565,5.64587772142578e-06,0.01038371459632589,0.128,0.044,1.0,0.0,0.12,0
e93a380d-6e1a-4ac3-8da7-5bb3c0d5af40,1.0652005356062161e-08,0.0015899895241368468,0.096,0.048,0.0,0.11805209060971962,0.02,0
63f9e66a-adf0-42c2-bbf7-c474c214c705,0.0010563820732391756,0.0021975470451693693,0.056,0.016,0.0,0.103249097472924,0.02,0
cb148f17-31f4-4df3-a6f6-b77ffde5f60e,1.013961165819148e-07,0.0013231406019860916,0.156,0.04,1.0,0.7682566483748448,0.06,0
16d6a906-7b4b-4048-ba3f-0551f4f86b05,0.0017020819495294924,0.1541815600256443,0.224,0.116,1.0,0.7206591244466356,0.2,0
f1ac019a-2f59-4bb4-893e-61a1dfc6e5b5,0.0029595536288352796,0.0017773932738249217,0.064,0.028,4.4285071100182166e-48,0.103249097472924,0.08,0
4a2b663b-7c34-49ba-a31b-6a01c53e24f9,0.031863504811723425,0.050682818581294246,0.312,0.188,1.0,0.7682566483748448,0.18,1
cf1b14e2-42f5-4a72-a701-bae4bd2964fe,0.029593578042846104,0.01753302897383762,0.14,0.064,1.0,0.7620096959012786,0.12,0
2e618488-5a9f-4a36-aa50-728d838c8fe1,0.00044372121328420096,0.0006946407813772877,0.036,0.02,1.0,0.11805209060971962,0.02,0
97390f95-0792-46b2-b677-7792e88b96e7,3.3766252025705654e-09,0.0008846229098345103,0.104,0.044,0.0,0.7663157894736834,0.06,0
0a382423-d348-4546-85a9-d9641b19702f,0.6378028592085364,0.0798758033982688,0.196,0.132,1.0,0.0,0.14,0
8338abc8-e55b-4fe0-a8d4-92b0038d109e,0.011784162029689198,0.18059923405751027,0.372,0.224,1.0,0.7682566483748448,0.24,0
89b43cdb-a881-4d1b-9586-d6339250d800,0.0002685410893488329,0.0023037646969566784,0.14,0.036,0.0,0.11805209060971962,0.06,0
a1f1a1c8-1cd6-47b1-9051-0da02b254fdc,0.2441578352930358,0.01330555042081138,0.228,0.128,1.0,0.0,0.18,0
b6046086-f372-4846-b3b1-88c93c0ca550,0.007052311727199246,0.09420638307181943,0.216,0.092,1.0,0.7206591244466356,0.24,0
03585e63-022d-4df6-a5b9-a193d1ab7c98,3.464724707491077e-10,0.0038611440827685324,0.072,0.036,1.0,0.103249097472924,0.1,0
a3c7c899-fac4-49a8-854a-c7dfdc0affc6,0.020708679492395188,0.006506466163437918,0.24,0.108,1.0,0.13247374441093848,0.14,0
c2822562-85af-47c2-8cc7-f3d91e26e546,0.8938269258422742,0.013205494278530041,0.152,0.076,3.9439168878294433e-81,0.13247374441093848,0.18,0
9208eb0e-6e3a-48ef-bb2a-bfd366a0986e,0.0021289572125433114,0.16802898809216865,0.288,0.092,0.0,0.7682566483748448,0.1,1
50459f31-90c8-4e2c-a088-d071afdd54fa,0.0026529955010498292,0.0017690919405542467,0.132,0.064,1.0,0.8251295336787562,0.18,0
1cdbe5d7-e919-44a0-ab18-1682fe330fc9,0.006725826190923801,0.0016567208615328724,0.13085714285714287,0.044,7.929686556504666e-177,0.11805209060971962,0.12,0
15b84c1a-3e12-4fc9-be07-801fc67d7f98,0.9782679121949873,0.0008267846788350741,0.14,0.068,1.0,0.0,0.08,0
833fa5e9-33bd-49c5-840c-ff51f9f4da2f,0.03936989769863319,0.3506501674789343,0.276,0.112,0.0,0.7206591244466356,0.14,0
ba496250-5331-4501-b682-b52d87208996,1.3073021326163098e-11,0.0047098781099084155,0.04,0.028,1.7684268065594676e-69,0.0,0.04,1
9474141c-a8be-48b6-8994-5fb9bb451978,3.7797140360139416e-05,0.002557468338727296,0.072,0.044,0.0,0.103249097472924,0.0,0
5ec101ef-60f0-41f5-b8fb-fa5cb77e5448,3.2729746889609624e-09,0.0009621494450152123,0.064,0.04,0.0,0.103249097472924,0.0,0
420f6542-517c-4017-8d53-6638e712601a,0.00010501528156802138,0.0017646849183087887,0.12,0.06,1.0,0.103249097472924,0.06,0
c8872fb2-ef13-4daf-9985-0fd9f776b3c3,0.02101207226013369,0.09268968934116784,0.272,0.096,1.0,0.11220715166461197,0.14,0
56f24936-fffd-4619-9bbc-6993d4a52f52,0.00010349608929205106,0.0027158454996210044,0.096,0.048,1.0,0.29979726305119253,0.04,0
df7dab9f-bda5-4425-9197-a0a441d1a2ea,9.595281305124136e-05,0.00609078898862656,0.084,0.036,1.0,0.11805209060971962,0.02,0
068a088b-2045-409e-8057-fd130d14aca9,0.2427384274754397,0.011058085427280257,0.232,0.1,1.0,0.7691281138790024,0.28,0
aae4e573-bb26-4edc-9e38-b9d29d5bb107,1.7015100423293234e-06,0.03832369692140822,0.168,0.084,1.0,0.103249097472924,0.24,0
7babb925-f1ac-49fc-8e54-43ede3f46aa6,3.441726132666582e-05,0.013573037219726395,0.212,0.1,1.0,0.103249097472924,0.1,0
50e3ab5f-3368-40f0-800f-b424865831cd,0.0005778150887733321,0.0017242874264787958,0.092,0.068,1.0,0.103249097472924,0.12,0
a2cfa727-d225-4358-bef7-c3c76ee4dab6,6.796241789579393e-17,0.0010079893562144,0.064,0.028,0.0,0.103249097472924,0.06,0
ed78a834-a7e2-4d5d-8b92-12bc922f170b,0.0003989412678628659,0.0012060646670393072,0.092,0.028,0.0,0.0,0.04,0
654e5a0e-e6de-4e98-827a-213c8138cfa8,0.2694792109024995,0.001165260879425443,0.088,0.032,0.9999999976375875,0.08708133971291877,0.1,0
01bd0c3b-426a-465b-8221-075292855777,3.765274668540458e-07,0.025780546003657936,0.208,0.1,0.0,0.7682566483748448,0.12,0
199c58de-3856-4989-9a32-b7fb5ca87c72,6.157498463315097e-10,0.0003250854656925773,0.096,0.04,0.0,0.11805209060971962,0.06,0
e546eb81-4e43-450f-8d27-66873567dc3b,0.0033133770011230168,0.0020861654796676997,0.096,0.06,1.0,0.08708133971291877,0.12,0
8f385f4c-57ca-4263-8491-b612d2826b1c,0.7982689287362907,0.046984610660820436,0.288,0.108,1.0,0.103249097472924,0.22,1
ecd63db4-0b2a-488f-9618-a129fcea9c64,0.981298090431398,0.17208808854401725,0.48,0.304,1.0,0.7206591244466356,0.26,1
5e0e53f4-040b-48e7-8999-6a4999e41257,0.13635809896132142,0.0659042801560146,0.288,0.092,1.0,0.0,0.08,0
7643ee6d-d15b-494c-8356-1c5d8d75ed6d,1.0686716363854952e-20,0.0008027536397426022,0.14,0.052,0.0,0.11805209060971962,0.1,0
4468526e-bacf-415e-80b7-a5cfabfe425f,0.0010685199762681308,0.007838261722086652,0.176,0.128,1.0,0.7206591244466356,0.2,0
fa006034-3cda-4852-b50b-fc0f5a8c7a72,0.7348906751082523,0.050734836899019295,0.176,0.096,0.0,0.7682566483748448,0.14,0
a72af7e4-e640-4891-9fe3-67fe2175afa4,0.28081949967042896,0.027015599629004315,0.276,0.152,1.0,0.7682566483748448,0.2,0
7ee10ad0-e15c-44ca-b268-ab252a03d504,0.029242604385505515,0.0017554971920955764,0.068,0.028,0.0,0.7878787878787872,0.02,0
dd48ac66-f10b-48a9-b2b5-1e8a8bfe4bef,1.5397568113394883e-06,0.03631113195971553,0.132,0.104,0.0,0.103249097472924,0.18,0
fa6c3dee-ea57-4d86-8b8f-4ce4a8fa0350,0.00195354037433192,0.15171260417811006,0.184,0.128,1.0,0.0,0.06,0
ef350a7e-3a2e-444b-a32c-ae2bc17c5383,0.0008638662017639945,0.0037475593169141643,0.032,0.008,1.0,0.103249097472924,0.0,0
e5868615-8cd1-442f-a7a1-ac05b5ecfa5a,8.928634196084059e-07,0.0009723909492101321,0.108,0.072,0.0,0.0,0.1,0
43c851cf-34f1-4959-9644-863a5cf9aa36,0.0661965199651395,0.015266113184894257,0.18,0.06,1.0,0.0,0.1,0
25cbbaef-809f-4c0c-9ae0-f2e620ad6925,0.007394942409565171,0.008412263803743202,0.14,0.044,4.885647399635259e-55,0.0,0.06,0
279785fa-0b29-4688-beaa-151cd964b505,0.12590241250852896,0.0154720816866485,0.104,0.052,1.0,0.5762434889183949,0.08,0
2bc77728-fa70-47a8-bb32-bccd4e8df479,0.00011757118342968404,0.0041269052256938474,0.092,0.0,1.0,0.7206591244466356,0.04,0
e34f27a7-e5a2-496b-af0b-8c98abcf02c7,0.010979345751056288,0.0021382332734040136,0.084,0.052,1.0,0.11805209060971962,0.04,0
5d40603e-4019-48ca-81c5-e1303412bb4d,3.982574967317409e-08,0.019898670743863478,0.272,0.164,0.0,0.7206591244466356,0.16,0
0dfbf6b5-d6cd-45c3-bcc6-9da8225d5b37,0.005332453755133485,0.016283439990351364,0.124,0.052,0.0,0.0,0.12,0
5316b08c-25d0-4c6f-b5dd-a3e11be8796f,0.05934541908703147,0.01278071453047365,0.324,0.176,1.0,0.13247374441093848,0.22,1
da2e010f-6b93-4597-90ff-4eeaf4465459,7.898652140412495e-05,0.0008698450902440511,0.076,0.02,1.0121978322478149e-113,0.0,0.06,0
f01df94a-f2b9-4436-a1d0-8464cf04faf7,0.00036915458709962825,0.0017434696141485646,0.08,0.06708474576271187,8.57090489222804e-09,0.11805209060971962,0.02,0
879dd0e2-98ce-4bb2-933b-1fa176d99f81,5.0102686945748416e-11,0.02751815896563426,0.196,0.132,0.0,0.103249097472924,0.28,0
b25e67ff-0a31-4707-906a-e29db63a0179,0.8112674525961402,0.13029242262798948,0.168,0.088,1.0,0.29979726305119253,0.1,0
c9fdd24b-83d5-4825-8edc-c3395e604724,0.006132402059933376,0.0009193741946026987,0.164,0.048,1.0,0.11220715166461197,0.06,0
dbcbd580-8d49-49c4-850e-43520b8878a6,3.0695656066683337e-06,0.0009115745236086265,0.116,0.028,1.0,0.0,0.02,0
7f8e0460-2752-48f6-825a-04d5b0eeb2c4,1.0326902249479259e-11,0.00031290242801230186,0.064,0.052,1.9231307324903293e-257,0.11220715166461197,0.04,0
381e4b91-190d-4c71-904e-6cfcfe8519d0,0.7642080022544318,0.0015886521378855837,0.123,0.052,0.0,0.103249097472924,0.1,0
3de77443-f1e1-47d5-974a-ece28341c1cf,5.842573651056865e-07,0.010490682439273128,0.084,0.036,8.860758403765404e-25,0.103249097472924,0.06,0
d4db4015-1194-4628-9da8-9196f2059cf7,0.00020348168748973266,0.0034568599504821284,0.06,0.016,8.345614748564964e-195,0.13247374441093848,0.0,0
0fe78d72-12a7-45e4-a9a0-bdcd597dc581,0.0001455328841598187,0.004929584273929574,0.076,0.032,3.444044064158723e-64,0.0,0.02,0
3d1cc355-0d03-4869-9cea-bb65e64c854d,6.204061290542019e-07,0.00468040376917774,0.024,0.044,1.0,0.11805209060971962,0.04,0
c276fb80-3bf3-4516-8117-1e8e4e02f1f8,0.0003449044925993961,0.01719270712334014,0.168,0.072,1.0,0.11805209060971962,0.18,0
1959aee7-cf3e-42bb-8372-e2eefb5ecce2,0.004187763997799675,0.1483698929918356,0.324,0.172,1.0,0.7626737530662306,0.22,0
9c309e22-5816-48fa-89be-b04f7002aa6a,0.2031906687676382,0.006724322942556759,0.092,0.076,1.0,0.103249097472924,0.06,0
c622c457-4fc6-480b-ac0e-866c8a7934dc,3.00794599843274e-05,0.02046537859731711,0.176,0.064,0.0,0.7682566483748448,0.14,0
592ab7db-53db-474a-90e1-988871056482,4.7457865444181105e-09,0.001410535971675574,0.096,0.0,0.0,0.7206591244466356,0.02,0
5385f6df-bdaf-4490-bc2a-c58b37d856fe,0.930247116402261,0.04052476212153663,0.24,0.14,1.0,0.29979726305119253,0.2,1
859776f1-1aff-4489-8d5e-856022d21e1a,0.009294171246386198,0.0012839011952326521,0.12,0.064,0.0,0.5290697674418602,0.1,0
6c670273-63c3-4c75-98d2-d0332998094e,0.9999055397684502,0.0012473061203818242,0.084,0.052,1.0,0.29979726305119253,0.08,0
9f78be23-9470-4a8d-9dc8-6b34b40dae0a,0.002563871293332251,0.0007199545116589692,0.088,0.052,1.0,0.0,0.1,0
4e26b57a-a9a5-4c39-9576-c90874355dfa,1.3169721732802237e-12,0.004095816099454057,0.076,0.076,0.0,0.754739336492891,0.12,0
1f23d3c8-2caf-4418-9046-46a3bc4adb85,0.00018458525505878534,0.35850729867855813,0.28,0.14,1.0,0.0,0.14,0
cd3e5be0-8616-42fa-8fb5-bd28bfcc5183,0.0004486403792742772,0.03254346963259998,0.184,0.188,1.0,0.8251295336787562,0.18,0
db50301c-9c62-47ea-99fe-a16ca88d6141,0.18114618698567872,0.0169593422065005,0.148,0.088,1.0,0.6447368421052646,0.04,0
b6450340-836c-4869-9969-86ad98d29a40,0.9341274069403043,0.029735972360925754,0.148,0.124,1.0,0.11805209060971962,0.14,0
156638da-e7d3-40b7-b306-0644510a32cd,0.057433156360666655,0.001169840440043718,0.132,0.076,1.0,0.13247374441093848,0.18,0
41b2b5f3-98fd-4eb4-be80-5442420a18b4,0.00028064551153554775,0.027953469517214297,0.304,0.2,1.0,0.08708133971291877,0.16,0
e54b1ed5-fe23-4d25-a448-77e7f78389eb,0.013918681296849708,0.0034471772795821006,0.056,0.028,0.0,0.11805209060971962,0.02,0
be933567-3e39-4008-9e0e-74d8f07dbc0c,1.0044301030841406e-07,0.0022183018093361703,0.084,0.02,1.0,0.0,0.04,0
5b85921b-f113-4f3c-9b07-1fbfb77b0982,0.0031652047191094708,0.02401020596829545,0.212,0.132,1.0,0.7206591244466356,0.24,0
0ba1be14-fc8f-4016-96e7-1f57ac1615de,0.005438207582697689,0.003054925875950636,0.112,0.044,0.0,0.103249097472924,0.06,0
95520dbb-84a3-4443-a2d8-7bdc1a95ca47,0.3485856023764389,0.12230981290474942,0.332,0.188,1.0,0.8530038346825718,0.18,0
71a6a1b8-17f1-4631-ae33-acf38c159bc5,4.051693082479735e-05,0.006165105952057101,0.1,0.056,1.0,0.7878787878787872,0.08,0
ee1c3879-bdc3-4ecc-a90d-44de5aea7ac5,2.373841365312675e-05,0.003532605914262236,0.104,0.036,1.0,0.11805209060971962,0.0,0
a4b61bc4-dc2b-4f28-adfb-98a51f082886,4.087920884923642e-06,0.0013972265500569788,0.1,0.028,0.0,0.103249097472924,0.04,0
fe27015b-01f9-44dd-b463-18e3cde9bf15,4.889974344175573e-06,0.004247500050828048,0.088,0.024,1.8030241666322399e-208,0.11805209060971962,0.04,0
ce336b03-cb70-431b-8ad3-5a0f1a0d9686,5.367674140517064e-08,0.016647643568343695,0.2273333333333333,0.14,0.0,0.0,0.08,0
60229d22-41ce-439a-ba28-8d31a60dcde0,1.779564020525342e-05,0.034311445431301664,0.228,0.108,0.0,0.858490566037736,0.16,0
ca1c6100-5975-4f3c-b615-7bd536e4275c,0.41616233818216936,0.07900773593347993,0.2,0.088,1.0,0.08708133971291877,0.04,0
7b7a53e9-85e5-4107-babb-59164f2a5724,1.1560426432058582e-05,0.0036578968218105904,0.08,0.032,0.9994484441839055,0.11805209060971962,0.02,0
146be551-d3e1-4caa-90b0-68c62882dfef,1.7023302121340475e-12,0.0005112017944630809,0.088,0.024,0.0,0.13247374441093848,0.02,0
d23821fe-80d4-4293-944b-7742a9632bf2,1.9073890661809615e-09,0.0009884257967334425,0.084,0.024,1.0,0.103249097472924,0.06,0
88b1e3be-f2d8-4819-b136-c099070bce95,0.0001701021828023732,0.00568643562486796,0.096,0.052,0.0,0.13247374441093848,0.06,0
4750b400-5d9b-480f-aea0-1447e5360b69,0.02580095578252693,0.0038522609925988878,0.033666666666666664,0.0,1.0,0.5762434889183949,0.06,0
5d8ae197-8085-4bb1-a991-53687bd88a1a,0.024691561627368668,0.0006072909915583954,0.072,0.032,1.0,0.0,0.04,0
d11b4643-f4a0-4373-9a91-cd28c8057c3b,0.000461751024349164,0.02296447092366993,0.14,0.056,1.0,0.3973799126637543,0.04,0
113d448d-c90a-4efa-b508-ebf0ca8cc481,0.0353064435765422,0.13669575046467794,0.172,0.068,1.0,0.3973799126637543,0.18,0
8d2ef0e0-7bf8-463a-9118-41e42f401d56,5.683715450724507e-08,0.002517221600083086,0.0752,0.06,0.0,0.11805209060971962,0.08,0
e9740b4c-0099-44f8-9464-e0a74b3efd4e,0.6572172291252522,0.019217400387712233,0.26,0.144,1.0,0.7206591244466356,0.18,0
6074bfcb-e384-4d21-849c-e139dd8a766b,0.527522441079014,0.009569685765096569,0.236,0.124,1.0,0.6447368421052646,0.16,0
8e93e761-2106-4719-8280-f4147f967634,0.20104749193287566,0.04652173122091749,0.17933333333333334,0.112,1.0,0.7691281138790024,0.12,0
d8bf211c-15fb-427c-90e2-ef6e9504f3d1,0.0001400379447958659,0.0007303112054169887,0.116,0.12,1.0,0.103249097472924,0.08,0
23f8a6ab-3078-46ab-9aea-f33e50fbcbb1,0.11767789119812942,0.015957327601483766,0.132,0.056,1.0,0.7626737530662306,0.16,0
7acb5787-1a9b-4ffe-829e-bfc5da5bd012,1.3901017029744674e-05,0.02050187136405165,0.164,0.068,1.0,0.6408450704225351,0.16,0
4eb113ff-ccfa-419e-be26-992c9584b53f,0.0021079745299017083,0.030047097702772023,0.184,0.084,1.0,0.7206591244466356,0.1,0
44ab2004-a341-4d47-a53e-e87d0258b680,2.8697346436284896e-07,0.005964821978285026,0.18,0.08,1.0,0.5687499999999998,0.1,0
e10d2113-2636-4304-ae91-0c6d190338e2,3.562248415002183e-10,0.011633188096392215,0.152,0.08,0.0,0.7878787878787872,0.1,0
239b91d7-8326-4dc8-9a10-50fd3367de3c,0.0003350752036619506,0.08386498302975715,0.358,0.168,1.0,0.7626737530662306,0.18,1
857dcd1d-0e64-4664-b501-d95095b3238f,0.8920879191820906,0.05476656728877644,0.176,0.1,1.0,0.7682566483748448,0.1,0
9e82e142-ebc4-4fbd-ad6c-c5c1cd969f30,5.0202504489585576e-05,0.029965474709484803,0.176,0.08364,0.0,0.5762434889183949,0.1,0
44eb1067-5660-48d5-9234-b0582d496392,2.6754518149734877e-06,0.013378573292520355,0.224,0.136,1.2686514430688574e-36,0.7206591244466356,0.12,0
b2f628f9-c210-4fc2-8dac-fd918df4b814,0.4541822598634343,0.037148447203754195,0.196,0.092,1.0,0.103249097472924,0.16,0
a035ce25-4870-4614-88c4-3eacf8fe02df,3.6617428731932016e-08,0.0021617784845885824,0.172,0.084,0.0,0.13247374441093848,0.16,0
b7a341c9-69b6-4c19-a695-91dc00cc908b,0.20012704087241676,0.0015168612180470038,0.088,0.048,1.0,0.3473282442748092,0.02,0
0fbf29fb-ebff-44be-a48f-ac49e1dbe43a,0.9999824705528708,0.27598988070796193,0.384,0.224,1.0,0.0,0.2,0
b13a0f29-aa68-4c04-b249-d547e297f122,0.0006684769622977871,0.01811659740264539,0.264,0.104,1.0,0.7682566483748448,0.18,0
3506c2a1-1895-4ebd-9ca8-0d515fa74c9b,0.00013377452335899478,0.00863636416220735,0.104,0.048,1.0,0.29979726305119253,0.06,0
f13f88f9-7d50-478b-88b5-c7f9302facec,0.8148776451846259,0.06358608625308439,0.184,0.104,1.0,0.29979726305119253,0.16,0
eecbae52-61a5-4a88-a2c4-8da6744674ca,1.920840891166625e-06,0.000526223717447798,0.092,0.048,1.0,0.103249097472924,0.06,0
a794d4b5-bc4f-458b-b6b2-c22cba0e10ad,0.07017166044347947,0.15315232269775103,0.396,0.204,1.0,0.7626737530662306,0.14,0
e24ead8b-c7d0-4a95-9537-b2eef9f95c35,2.6949059213676418e-11,0.00030040860468975996,0.064,0.008,0.0,0.103249097472924,0.06,0
02ed0cd0-7d0a-45b3-afac-02ceb5d3c01a,0.0002642737278573747,0.004035276136023271,0.14,0.088,1.0,0.13247374441093848,0.18,0
09254b15-0125-45ea-8f39-69577d331eae,0.054765721400628894,0.020266485669679188,0.248,0.116,1.0,0.0,0.16,0
da6258a0-2798-458e-8cc5-ca93b9dd19e6,4.555174424836623e-05,0.07539971666417657,0.16,0.076,0.0,0.13247374441093848,0.06,0
b1a5f397-9080-451c-bc00-47e2b363730a,1.4906787003954312e-15,0.0020948756562649963,0.068,0.048,0.0,0.103249097472924,0.0,0
99afc622-0562-4bfb-bafe-9e9c33021ba1,0.021600714834121428,0.010678457735784172,0.152,0.076,1.0,0.0,0.16,0
df2908bc-f0c6-4090-82f5-56974983346b,6.432295753980879e-10,0.004374627354569505,0.112,0.04,0.0,0.11805209060971962,0.08,0
77339e9a-a630-4564-adbe-660cbfce2c73,6.4650997462762e-05,0.0017216901305215457,0.096,0.036,1.0,0.103249097472924,0.08,0
045a8b07-733e-4c77-931d-6488d2b02236,6.8455556019133916e-06,0.010102272355825353,0.212,0.104,1.0,0.7206591244466356,0.12,0
8ff67a6e-f882-4e74-8906-d7c1b07354b9,0.0006519953128208187,0.004650487414931321,0.112,0.044,1.0,0.13247374441093848,0.06,0
204d36da-c9f5-4c87-a7c0-32052b6accbb,0.2865648676792244,0.6045048610995623,0.372,0.224,5.763544163881758e-35,0.6667952178943308,0.28,1
65e4afab-a17d-4fb1-9a20-2a08ffb04719,8.963660274036572e-05,0.15810427303383676,0.268,0.112,1.0,0.0,0.18,0
27bb111f-2961-44c0-a639-194b9cb30689,0.000570431168935791,0.0022924284253621734,0.12,0.084,0.0,0.13247374441093848,0.1,0
81e308e4-c6e9-4815-8107-5a6f4fc301e1,2.6063942040309334e-05,0.0006664425077518202,0.072,0.028,1.0,0.11805209060971962,0.02,0
a69f894c-4512-44e6-8d23-f245564b2a89,4.403627440513314e-08,0.05040231893870398,0.148,0.084,1.4068122824841914e-82,0.29979726305119253,0.1,0
1652c54e-e066-42f2-91d4-c0ec9d89adda,1.5172993470576168e-05,0.007124862819303808,0.228,0.048,8.486028976449504e-190,0.0,0.06,0
c965b94b-4af2-4f3d-b319-046f13e81ca1,4.4843572659518795e-08,0.0010482894762947061,0.08,0.056,1.0,0.103249097472924,0.06,0
1ec04b5c-08dc-4fe1-ace3-b509c8396c7f,0.0004096797637021381,0.00542910847338454,0.116,0.044,0.0,0.5762434889183949,0.16,0
235d8538-e643-4e48-8b63-1d0d2c8b2d83,0.1379567720277003,0.0007345424206892314,0.076,0.06,1.0,0.103249097472924,0.06,0
266582d4-f123-4bb4-b68f-902781f75b62,0.0002907189151487704,0.0017108567877017926,0.092,0.028,6.223400415141358e-165,0.13247374441093848,0.02,0
2a3262db-4f1f-4ae4-b959-bcbad279d29c,0.24549769907772062,0.0063393523295713055,0.152,0.08,2.1615270517244653e-16,0.0,0.02,0
69f5df6d-d878-42c3-a43b-4a30636a2415,0.000528342917618044,0.0019487000171244215,0.056,0.024,0.0,0.103249097472924,0.0,0
99fe54c1-9e79-4bb2-9ed6-d7909dd07795,1.1263639627632527e-05,0.007661644912646885,0.204,0.07508474576271186,0.0,0.11220715166461197,0.1,0
30a84074-3700-457d-a3b0-1a1d0fb0460c,1.8267255403463505e-05,0.0051592186543560885,0.032,0.016,1.0,0.5290697674418604,0.04,0
2fdd510f-41ad-4b42-81a5-b7bf079cb2a2,3.026311734683538e-05,0.01594466574317646,0.124,0.048,0.0,0.0,0.08,0
623b215e-c762-47b1-9fbc-f0184769f7f7,2.734600283378736e-06,0.008632567586250988,0.164,0.06,1.0,0.11805209060971962,0.12,0
a132d6e9-9a68-4291-b90b-4f2c900381ba,1.1537454691160284e-06,0.004346532521095293,0.124,0.056,0.0,0.5762434889183949,0.06,0
602da949-abe9-48d6-b4f5-3f5bd3eb53f9,1.918534750619174e-09,0.0030618054714098694,0.076,0.044,0.0,0.103249097472924,0.02,0
6ab7b801-581a-4ed8-9b1d-d5bdb1b44a43,4.259587731822082e-05,0.0019027642904438293,0.084,0.052,1.0,0.13247374441093848,0.02,0
a709e179-1cb2-4e00-a983-99a2ad4da35f,0.0006364556137749265,0.0004224036062613921,0.108,0.028,5.630809649236638e-14,0.0,0.04,0
9619cdc3-9701-45a7-b287-582a41772a74,0.23813659098709214,0.0006615110768862367,0.112,0.044,0.9999999999934062,0.11805209060971962,0.04,0
958f8e75-9163-4309-87b4-90ccd06a0b09,6.33602601874623e-08,0.021492997647203933,0.196,0.072,0.0,0.103249097472924,0.08,0
510ff4b2-1e6d-45c0-80ce-22a989070fcf,0.00025322791771532194,0.01918160046730011,0.216,0.096,9.824500587375544e-133,0.0,0.2,0
adada657-d271-4ccd-a1d5-5ce5a39cac6b,5.567778729074147e-10,0.0027287383716331666,0.1,0.06,1.5434745480991126e-23,0.13247374441093848,0.02,0
5aba1b18-a173-4e6e-8400-eb5c1a95f0d7,0.0055959441007449665,0.0031426107521955625,0.092,0.048,8.099498176500236e-46,0.11805209060971962,0.1,0
0bf571e9-e381-4b1a-bca7-24578e7e3724,0.11375059930944417,0.12306848241851774,0.52,0.34,1.0,0.0,0.28,1
383d30da-0f00-4360-a9a3-cc0b5899acb7,7.571853764937902e-07,0.0013756377831457731,0.112,0.028,0.0,0.7238636363636366,0.08,0
e964eaed-b265-4e9a-89cb-f0b9a64b15b7,2.076671185020451e-06,0.0025419492061592064,0.136,0.04,0.0,0.103249097472924,0.02,0
92170d8e-a59b-4ea7-bd00-6e9a5ef1e92b,8.341520176508726e-12,0.01039845017319583,0.192,0.08,0.0,0.37295081967213084,0.2,0
9259cb34-e5b9-4cbc-b7c0-11bb6839f339,4.5734721214215326e-10,0.0075426017095723856,0.256,0.156,0.0,0.0,0.24,1
382c4312-d27d-4f3d-9be4-57df918160cc,0.9704223225339855,0.4470806112533188,0.484,0.324,1.0,0.8530038346825718,0.34,0
49db7105-fec2-4ba0-a964-a682de02c7fe,0.9114439416167046,0.008741226693746197,0.188,0.12,1.0,0.5762434889183949,0.18,0
026ef638-b7eb-465f-b6ca-f86a0ea7b4d1,0.5670141449751268,0.2621733457172619,0.336,0.192,1.0,0.4572864321608039,0.18,0
ce5187eb-cbaf-4a5b-b9a3-f8b9b33cdd5a,0.1756760534307366,0.006825056692013637,0.308,0.14708474576271185,1.0,0.0,0.2,0
86ae788c-ecc8-443b-b450-6507762a7eff,0.2717404063546106,0.0026589690266937403,0.16,0.06,1.0,0.11220715166461197,0.12,0
2dbf9842-d9c7-4809-94cd-a765c117b834,0.002574546866318288,0.018892126800840316,0.212,0.092,1.0,0.11805209060971962,0.12,0
a0b8d8ec-c84a-419d-a716-b975cd6df3d3,0.9759956983889455,0.004842015495766833,0.144,0.072,1.0,0.103249097472924,0.12,0
f6224704-f9ad-44fc-933b-b5e0b573d7c1,2.9093412621065802e-08,0.0009689216247666404,0.036,0.0,1.8404429319335733e-17,0.29979726305119253,0.06,0
22e31f4c-1f30-47cf-858c-c088eae792be,0.011059063610814428,0.004124306916301016,0.196,0.084,1.0,0.3973799126637543,0.06,0
0d8f479b-1484-4faf-98d9-f189a7cf4bb7,0.023563357149336047,0.018984555090069383,0.15,0.072,1.0,0.7663157894736834,0.2,0
899c9451-0eba-4eae-8348-c11c0e5cdbe2,2.121146983451527e-05,0.0009653585624647367,0.1,0.076,1.0,0.13247374441093848,0.14,0
506578ff-f4e1-4bf9-ac5d-5990d0b98785,0.0050414197368287925,0.11285987889200014,0.16,0.088,1.0,0.29979726305119253,0.14,0
5203ecbc-e607-40a4-8912-3c0f846b4841,1.5520474304464984e-05,0.01695362654345265,0.22,0.088,1.0,0.5762434889183949,0.24,0
39a3c579-ec6c-4459-909e-84b711de0bcd,8.592790175769786e-11,0.00030136838104360324,0.052,0.02,0.0,0.103249097472924,0.02,0
676915c8-5126-487e-b700-2170cee579f0,0.009899601124277539,0.022361146649824908,0.22,0.108,1.0,0.0,0.12,1
b11c9855-13aa-4203-a46e-a6b3f381352d,0.011731216247103271,0.024233733357269305,0.316,0.188,1.0,0.5762434889183949,0.26,0
db9473e8-3e81-4923-a774-b8939f62aaa6,3.2030811388928346e-05,0.024382988396527114,0.16,0.06,1.352703785883089e-26,0.13247374441093848,0.04,0
c9f2ca20-9558-4f02-a3cd-f9040eb75de2,0.008215774147359828,0.41380673866327167,0.528,0.372,1.0,0.0,0.28,0
e56fc46c-d491-45c4-8d54-837e821e6d00,0.3312563598871908,0.054013226983831035,0.35405128205128206,0.27564,1.0,0.29979726305119253,0.2,0
29f25c75-ed82-4698-a042-7ab68bea5a4e,6.88529693199799e-05,0.30214285111652867,0.236,0.124,0.0,0.5762434889183949,0.28,0
e08fb48f-581b-46c8-8c43-dcf0339faffa,0.9998697795257709,0.4601343994376133,0.24363636363636362,0.124,1.0,0.7620096959012786,0.12,0
28ed4e53-ce69-440d-af17-6d9f4e6e1799,6.933567083834162e-05,0.007842794222763407,0.156,0.072,1.0,0.11805209060971962,0.06,0
0c959e27-9314-4917-b279-cf88cfb0d50b,0.850087094469351,0.004119427483107684,0.1,0.06,1.432377981989098e-59,0.37295081967213084,0.12,0
8e0829c6-90a9-4248-9f73-092dfcaa9c83,0.0036541211304736516,0.004929954109445833,0.168,0.072,1.0,0.7682566483748448,0.08,0
afaf78c1-e298-43f0-adc9-9c9ffd9450af,0.0007269904123326243,0.5068536675662911,0.228,0.136,1.0,0.7206591244466356,0.2,0
b583db92-0692-497e-a0d0-6701b6f6113e,0.9628733923308285,0.3915929295602416,0.496,0.396,1.0,0.7206591244466356,0.2,0
6cba13b1-8271-4374-b95a-49b7c3732ba4,0.008752788109477511,0.005636119514512384,0.18,0.108,1.0,0.0,0.14,0
0f586dea-8fe6-4588-86d9-c48f35060e49,0.0003432872565908196,0.02853123075921975,0.112,0.02,3.0658527266994828e-06,0.103249097472924,0.08,0
677f9860-37de-4e07-9737-07680970f551,1.2230643014053783e-05,0.01686058748945763,0.204,0.116,0.0,0.0,0.08,0
e56692d5-980f-432d-9df9-d3466b3a4dd7,0.03352526415681222,0.399523096737042,0.356,0.144,1.0,0.7206591244466356,0.28,0
07e32248-5523-4ab1-9e3b-15e9a2cf535a,0.802214011674423,0.290017831690176,0.364,0.232,1.0,0.0,0.24,1
177c5fcc-6285-4719-b4dc-1a6f94f04eea,7.913998094788907e-05,0.031278915690070436,0.304,0.144,0.0,0.0,0.14,0
9ce43709-2f0e-4777-ac56-9c07ddaea2a9,8.178845108412432e-07,0.011764736573034163,0.168,0.068,0.0,0.7238636363636366,0.04,0
45df9cbd-61e4-4f88-83bc-bd4ee1d52813,0.010165841947206074,0.027843915478374958,0.164,0.08764,1.0,0.103249097472924,0.2,0
8d2a8904-e21f-4496-a2a6-00f43103afc0,2.155351170575382e-09,0.0025470331581252587,0.136,0.084,0.0,0.11805209060971962,0.06,0
7b982fa6-6757-41ed-9df8-1021d38d21fe,1.0537944523734293e-22,0.00018480489641848558,0.06,0.024,0.0,0.11805209060971962,0.0,0
56d4ece9-dd28-41e0-b8d7-6c3ba5016bf8,8.384435747114841e-07,0.0008019279007606295,0.076,0.032,1.0,0.11805209060971962,0.04,0
2cda4edc-37e3-49b1-b370-84724df3b2c5,0.0006278153283320439,0.005160956752431589,0.096,0.044,2.0873928176525402e-177,0.34732824427480924,0.04,0
8d359e93-4b17-461c-9f5d-f6307dbd92f5,0.9966986563323708,0.016145267022066125,0.184,0.136,1.0,0.103249097472924,0.18,0
86f6b4d2-4c35-465a-87d0-c34327806154,3.9485551855202255e-08,0.08718970880995265,0.152,0.092,1.0,0.7682566483748448,0.12,0
012e4ee9-a6d2-4ea1-9e3e-3e42a3a7edd6,0.9997757754709369,0.0705825963705137,0.328,0.144,1.0,0.7682566483748448,0.2,0
bff5ada0-3935-4f80-b772-3cbc66f3bfa3,0.2921319079628158,0.010111898169572227,0.204,0.12,1.0,0.7620096959012786,0.14,0
5beeb5f4-a962-4eb3-a321-390f872a24de,0.002615026868572985,0.016569187751294272,0.088,0.052,1.0,0.0,0.14,0
ddc0d065-6904-465c-abdf-708504c52601,0.00014475926579018508,0.10380759540907585,0.168,0.124,1.0,0.0,0.14,0
8cfbd56e-cead-4eeb-839b-cf3251d5cfb8,3.330799218703495e-07,0.004216455849481467,0.164,0.052,0.0,0.0,0.08,0
5e0e33ef-0c59-455c-be3e-3aa61d8ae63d,0.00036107292620812944,0.0011873453565828243,0.084,0.072,0.0,0.13247374441093848,0.1,0
09076022-7506-4c68-9f43-b19c58e85708,0.001328934113846076,0.05453662234840033,0.092,0.052,1.0,0.29979726305119253,0.1,0
b15fd76a-11a2-4c4c-8aa0-f08ce53c1081,0.9996610392933402,0.004489083287310663,0.096,0.024,1.0,0.0,0.06,0
bf8e16db-2340-43fc-ada1-e355b715fe7a,0.02514761730772887,0.009940441396392,0.164,0.068,1.0,0.0,0.12,0
25e1792c-2354-43fd-8026-da5e88b45548,2.345179990719324e-05,0.001770837423618659,0.156,0.084,1.0,0.5174654752233955,0.04,0
12bf40cc-7c52-4b72-aedc-cb011138a07b,0.9251799215660935,0.000534445785080059,0.064,0.032,1.0,0.13247374441093848,0.02,0
1b1195fd-7650-4aa2-9141-5bb8ba3c7405,6.816903156540387e-11,0.007496466782255374,0.072,0.036,0.0,0.11805209060971962,0.06,0
1b98eba3-eddc-4f15-92a5-273dde1bc292,0.0002750088507198626,0.22356133246748794,0.276,0.156,0.0,0.7691281138790024,0.16,0
6d157621-0176-4b79-9036-092de8988bb4,0.8972245528720758,0.806955649215416,0.4,0.284,1.0,0.7620096959012786,0.28,1
22a2c9a4-b185-4527-a0b2-af0432a34c66,7.366955247748002e-09,0.001191074963973991,0.06,0.004,1.2470343636484374e-52,0.13247374441093848,0.02,0
fb955bc4-c9f9-4bfd-a3bc-da21b61966eb,0.019984842723032414,0.0024870819693717577,0.156,0.088,1.0,0.13247374441093848,0.2,0
59572cd0-fc7e-4171-b9ab-95cc610beb98,0.9995443446509213,0.12325151133748274,0.384,0.168,1.0,0.7626737530662306,0.18,0
082774fb-ac58-41ac-ab3c-6c28fd2c10d1,0.04077853911324763,0.015786908715176996,0.216,0.076,1.0,0.7878787878787872,0.08,1
5d50d1dd-3a31-40b7-99b4-bd3e07d31c0c,6.924043724145358e-06,0.009705397443924344,0.136,0.044,3.532740856505168e-125,0.37295081967213084,0.12,0
66077fe5-b706-4475-bf54-9b9d06eda597,1.0746223763654673e-13,0.004191238427444924,0.068,0.04,6.5970751405875425e-208,0.0,0.02,0
a01c772c-bf56-40eb-aa19-62d8bbce5e6e,1.682346912892884e-06,0.13832554833902144,0.216,0.136,0.0,0.7520661157024795,0.14,0
12d307f5-b3e1-44f3-b0db-29844906656c,0.0024839409827815003,0.006595014217757493,0.136,0.044,1.0,0.5762434889183949,0.06,0
a5f2f307-204b-4275-a539-ffb7bed2f4ae,0.017557734599449353,0.08025559543380448,0.204,0.152,1.0,0.7682566483748448,0.14,0
1fb64e48-b9d7-4911-af19-bc01b29a9e7e,0.9085785348757345,0.025373539518846158,0.244,0.128,1.0,0.11220715166461197,0.18,0
b34c0b1e-0bf9-41eb-8df9-251d412f9cd4,0.001003212559220115,0.0631611864529971,0.16,0.08308474576271187,1.0,0.11805209060971962,0.18,0
f63cd083-dd3e-4d8e-95c0-7b1accdfe4d9,0.023527449680191204,0.0009475713368034108,0.04,0.016,1.0,0.34732824427480924,0.02,0
71042d51-51ca-4070-82af-c595edeb648f,0.5158107061361888,0.04679425223937748,0.128,0.092,1.0,0.7206591244466356,0.22,0
1d5d7dee-a8c1-4f7f-afa8-7af009ee068f,1.7099766136036839e-10,0.010675106378685776,0.11527272727272728,0.044,0.0,0.103249097472924,0.1,0
fd3f5a3a-245c-42a3-8a3b-99b689da9bb9,1.3003078855710692e-06,0.015942965398486452,0.144,0.036,0.0,0.5762434889183949,0.18,0
f490d172-1186-42ab-99dd-b570a4cc00bd,4.31637282448613e-08,0.005950782342752815,0.052,0.024,0.0,0.5290697674418602,0.04,0
ade852a1-80ba-4bd7-9118-fca34fb4a059,2.154671709391959e-05,0.0034389453032624673,0.096,0.052,0.0,0.5290697674418604,0.06,0
9cb01410-e246-4f41-9a7c-ce81964084d9,8.947184610875934e-06,0.010321400166794243,0.108,0.084,1.0,0.0,0.1,0
46f7536d-0104-4cbe-94a6-8dde747f7989,0.17093485771654057,0.0008645289629167534,0.08,0.06,1.5586924290474049e-158,0.13247374441093848,0.06,0
7e64f4b8-7326-41de-b4f6-ccbe3cb24c6a,5.630389052282681e-05,0.005124694864305146,0.108,0.056,1.0,0.11220715166461197,0.02,0
13605857-8313-43be-aeac-55685d4e1446,0.008217614342363525,0.01329699923642669,0.152,0.052,7.822568753119597e-251,0.29979726305119253,0.04,0
8122a1d7-fe9a-43ea-a20a-590e6721887e,0.00044919585097288325,0.010217750429795586,0.124,0.04,1.0,0.103249097472924,0.06,0
478ae16a-9793-4af2-bf09-c0ba21e4ca9f,3.390401518073076e-10,0.0242703002698917,0.156,0.064,1.0,0.8251295336787562,0.08,0
5b33fa09-22bb-4396-8dba-9026310534cd,0.9831534342421425,0.014450696982122835,0.18,0.088,1.0,0.7682566483748448,0.14,0
e96af638-ce79-493e-84dc-6d1f289641f8,0.00015772039004446493,0.005047276691963533,0.172,0.096,1.0,0.11805209060971962,0.1,0
344811e2-c5a3-4d9e-85ba-5e27bf7cbc9e,0.6688833663264934,0.19776365330941734,0.376,0.224,1.0,0.7206591244466356,0.22,0
0a52643a-0726-451f-8217-099e495ff04a,1.8253746475310855e-05,0.03939992715388724,0.232,0.08,8.444890497596988e-136,0.7626737530662306,0.04,0
dd55a2a0-385b-4eb1-861b-d516791f1bda,9.869510563920535e-05,0.10842793422916404,0.152,0.064,0.0,0.6667952178943308,0.02,0
0b4ff666-4f27-470a-a0a6-39a4713e7d7e,0.0020497005897670206,0.019513286137052065,0.12,0.072,1.0,0.3473282442748092,0.08,0
c136fd59-c991-4e20-b429-6bfb526d56be,0.03221417389638545,0.08228713304372917,0.284,0.128,1.0,0.0,0.28,1
3cc402c4-b79c-4e8b-9e3a-99d33992d49c,0.9589045657270305,0.017197331936166255,0.248,0.136,1.0,0.37295081967213084,0.18,1
e755cbf8-7e9c-4de3-aea6-8ea3f44dbca2,0.0006220061642959388,0.04418288286809666,0.12,0.052,1.0,0.7682566483748448,0.06,0
ec4e406b-0185-464c-b0d0-a074fcd53905,9.60764816133741e-05,0.004329280072137132,0.176,0.092,1.0,0.6667952178943308,0.04,0
ba0f8221-9c26-4862-8239-42423ce2c08e,0.998874538556239,0.01736694061429745,0.108,0.064,1.0,0.0,0.04,0
f9b7e417-d21d-4e94-8976-6cf856ce9624,0.027096544027014762,0.008058949670527085,0.148,0.064,1.0,0.0,0.12,0
bc677f13-5af7-4bcd-8013-c9c670d9ea28,2.4454331571835286e-05,0.0027518861678901417,0.156,0.05964,1.0,0.5762434889183949,0.08,0
49c2f01e-4902-4902-b173-e58df0aff3ef,0.22328034189889762,0.0025577594348565103,0.2,0.044,1.0,0.103249097472924,0.12,0
0b34e60a-c7d2-4dc2-8333-43c34646151d,0.00037076063395953415,0.002705482516945822,0.084,0.016,1.0,0.5762434889183949,0.04,0
c95a0a2d-db65-4bcb-8f3c-aeb7fa6dff52,5.844881747876711e-10,0.000958490748250145,0.032,0.016,0.0,0.103249097472924,0.02,0
b5d44816-dc1f-43b5-abd9-66b42008573b,0.2728892245603625,0.07025830022839716,0.324,0.128,1.0,0.7682566483748448,0.26,0
8ecd49a3-d0ae-4bc9-9c58-6fdb1a9a0bc5,0.9517860781750073,0.004780754694835027,0.16,0.052,1.0,0.5762434889183949,0.16,0
fa9050a7-9e55-4cf8-b5d9-b1798901bb6f,0.9985196297047874,0.0573615652189497,0.42,0.228,1.0,0.7206591244466356,0.26,0
ed34248f-535e-4c67-a9a3-8373cefa28c7,0.004536041796897383,0.03162926280416036,0.24,0.09892000000000001,1.0,0.29979726305119253,0.08,0
4edf9558-ae57-462a-ad8a-19fa7f1bb065,3.464262918261772e-07,0.002441034354696624,0.12155555555555556,0.044,3.5063326231414195e-302,0.11805209060971962,0.06,0
87424511-6983-4c9e-84bc-476c3cdd903c,0.0010235812566768137,0.006108084316116316,0.088,0.036,1.0,0.0,0.1,0
518285ba-53dd-4b63-8231-39245c74ecaa,0.6861395260821624,0.010336130156106535,0.164,0.084,1.0,0.6447368421052646,0.14,0
328a4b36-33ed-45f6-a3a5-3c7ebb67ad3f,0.9999544929958871,0.42042993539681145,0.536,0.276,1.0,0.8530038346825718,0.16,0
901860b2-d2b3-49d0-a0fb-2a146315b938,0.0005212651296976203,0.010493098991792741,0.212,0.12,1.0,0.7206591244466356,0.22,0
e122a7ba-944a-4c93-b6f6-23d07df811fc,3.433818234327357e-05,0.01504998538659936,0.272,0.108,0.0,0.0,0.22,0
ecf7fa04-c9a2-4ed8-a77d-9d21a16bd8d9,8.676869611458837e-05,0.0017768837510300282,0.144,0.064,1.0,0.8125,0.08,0
059d8b6a-6cf9-48e7-be22-0439c46d2760,7.751631776372346e-06,0.008436296769521217,0.116,0.084,0.0,0.13247374441093848,0.1,0
cd4ab9b8-e5cc-4022-87be-b8d8ed32e9b6,0.0009960966574284432,0.0005895233536594057,0.088,0.044,1.0,0.6667952178943308,0.12,0
735d23f3-cdf8-4bda-a345-e827afe18865,0.19761129781257888,0.0693788443050569,0.244,0.088,1.0,0.7206591244466356,0.18,1
9cd19a94-618f-4543-8c8c-90cd6ada7825,0.005541181255411661,0.0245880951788235,0.276,0.148,1.0,0.0,0.1,0
1134a883-9f65-4457-b483-1681a46fc7ae,4.778920789456175e-05,0.014322848240263168,0.216,0.2,0.9573865362239539,0.103249097472924,0.28,0
fd9e1731-dfbf-4e17-a633-2e10562d8f58,0.0005304731301123759,0.030305856045178447,0.284,0.128,1.0,0.11805209060971962,0.14,0
d4e8c5c6-0d3b-40dd-80f4-ff3a7a297b18,6.411833139177646e-12,0.000704729428137026,0.036,0.008,0.0,0.13247374441093848,0.0,0
746a8ef5-7759-4923-8ece-8161369211ad,0.9681618414114724,0.011051485496923082,0.18,0.124,1.0,0.5762434889183949,0.14,0
e469f470-c362-4dc8-8517-8cb6fbceb971,0.015910627579763494,0.007606339731390838,0.208,0.104,1.0,0.5762434889183949,0.14,1
d1492836-f5e7-4a8b-af24-7b7e83d406c3,0.003212746238210978,0.01856332805570877,0.088,0.02,0.017402602465714758,0.7206591244466356,0.04,0
c2d9e26b-1cb4-4aa1-99f5-041a8fc5a7f4,0.9861104746508904,0.002305639530919788,0.104,0.02,5.761595821109364e-61,0.11805209060971962,0.02,0
3df9819e-43be-4782-8f9b-e72f94c8f2fc,0.9980099162873138,0.011427479684164956,0.196,0.112,1.0,0.34732824427480924,0.2,0
b14be3b0-efcd-4a9f-862f-b462d42d6823,1.8812830869360157e-08,0.011854358879791747,0.076,0.024,0.0,0.103249097472924,0.08,0
b1ca20e0-cfb2-43b1-9389-e64299c9283e,6.408455954920242e-08,0.001763302242573973,0.14,0.052,1.0,0.5762434889183949,0.12,0
2f5c14b9-14e8-407a-851f-75c601f3a16c,0.07479553486183635,0.03495181567749595,0.22,0.096,1.0,0.0,0.2,0
b3a95fd2-1cb9-4323-ae39-9f1565afc5e5,2.8189977048299906e-05,0.01276075078840689,0.216,0.1,3.614222706685388e-178,0.11220715166461197,0.2,0
89e8cf38-c0d8-4b14-a09e-521b29d927c1,0.6527823492385191,0.08385388257698992,0.228,0.132,1.0,0.0,0.2,0
2adafc6d-c6cb-429f-9d23-ae81c1f08eb2,0.0010265225974146303,0.4697355600794146,0.3348571428571429,0.22,1.0,0.7626737530662306,0.16,0
7720ad51-7399-4a5c-a59b-e035b6e20f3f,6.238614291015009e-05,0.08327714434886256,0.144,0.08,1.0,0.7682566483748448,0.18,0
cc930ac5-e202-43c3-a11d-96966a2512a3,0.8749523341071054,0.00713866153874113,0.076,0.024,0.0,0.11805209060971962,0.06,0
a45344c5-4cf9-4c85-a1c6-b6a0d28e8102,1.0793635988214924e-07,0.009708548427442133,0.124,0.08,0.0,0.0,0.1,0
754bb168-ba1d-409a-a64a-6ca74c43408e,1.1768044347401477e-08,0.0037702913214611783,0.068,0.032,0.0,0.103249097472924,0.02,0
a890f8d3-fc8e-4a20-b106-48c23ce09fd7,5.669330591916275e-07,0.017069369181898955,0.148,0.1,0.0,0.11805209060971962,0.18,0
95d36a82-39e6-4329-a9b9-8703b68013a2,0.002915592783389,0.0023315336474904694,0.184,0.108,1.0,0.0,0.14,0
4017bd6f-4a01-40fd-b0de-9645ab2a011f,5.548454795159239e-07,0.0010910804133975234,0.092,0.032,2.27092012470246e-309,0.0,0.02,0
2e17b727-d137-40c0-9d45-823134b789c2,0.023069050483697343,0.057809055498437914,0.356,0.14,0.0,0.7663157894736834,0.22,0
3e331670-b4c6-4cf7-9247-7f228e8ce392,1.0442221470337908e-06,0.003944537320521593,0.096,0.028,1.0,0.13247374441093848,0.02,0
567118e4-45ba-4a06-8a99-e7e564a52633,0.020747641779000525,0.023400775548821248,0.216,0.12,1.0,0.8530038346825718,0.12,1
f6612057-5b00-4d1b-8716-258d06fd417d,2.424278841815379e-11,0.0018020327282033818,0.076,0.032,0.0,0.11805209060971962,0.02,0
c4684609-8185-4a09-8708-923ca30065f0,3.455722222200597e-17,0.005377762559348655,0.084,0.076,0.0,0.11805209060971962,0.04,0
9dce9d9e-f5de-4150-99bf-6787717047b0,1.0880889072301399e-05,0.019718741444563783,0.26,0.124,0.0,0.7626737530662306,0.18,0
b9e51701-923d-4200-a651-6f8f4861697a,0.4055722153241427,0.1621585246411571,0.296,0.212,1.0,0.8530038346825718,0.12,0
8634ac41-d1e8-4998-b6f3-a40a25e71938,0.492081385886374,0.049541546689866336,0.228,0.128,1.0,0.8530038346825718,0.3,1
170464ad-47c4-4672-837b-cea936f300c6,1.1196927537586462e-06,0.011866644741547323,0.092,0.048,0.0,0.103249097472924,0.04,0
93794911-5db6-4617-9929-30f8b311e769,2.11783027251862e-05,0.04093917415257409,0.148,0.08,1.0,0.5762434889183949,0.16,0
68234198-9c5e-4042-b054-a5658d6e3b21,0.0017560443446550226,0.0019611810152286593,0.052,0.04,1.0,0.103249097472924,0.06,0
7d7955b8-43fb-4131-9fc6-a12eb4bea33b,0.010250194491538508,0.0037399757132445008,0.064,0.032,1.0,0.103249097472924,0.04,0
005f7271-89e7-48dd-866b-6f7fca7048a1,0.07841817025732326,0.02868328756789965,0.152,0.1,1.0,0.5762434889183949,0.14,1
69cd6907-29bd-4c18-8b18-cd792deede27,2.4031113152059798e-06,0.0036290983084794367,0.144,0.044,0.0,0.5174654752233955,0.14,0
f93ae149-605b-412b-b6bf-00eab06a89b5,2.4494829883428638e-22,0.0026535873334162224,0.064,0.012,0.0,0.103249097472924,0.0,0
ecd46a01-09bc-424b-af38-2d6efa7524f6,3.611987168273265e-05,0.010027425453110797,0.14,0.052,4.725731012182273e-45,0.11805209060971962,0.04,0
10ff95d8-6ed9-4bb4-88ab-4edd1a8397e4,0.0005301714320288584,0.004554800894618468,0.192,0.08,1.0,0.103249097472924,0.14,1
2a94b5e3-978d-4469-b303-56574e5e8425,0.9875968954403084,0.07356433662001773,0.308,0.168,1.0,0.3973799126637543,0.2,1
684b2aa5-0e58-449d-bfc6-d80d24318708,2.1709614252546648e-07,0.0011928921824131107,0.09942857142857144,0.01964,7.389672889512641e-36,0.103249097472924,0.06,0
b59fa9bc-76fd-4829-8efc-5fb8e58c023e,3.1224322386822687e-06,0.07352654089062616,0.2,0.14,0.0,0.37295081967213084,0.22,0
a2fc9bc5-4fdd-4852-9664-f9d3c23642e7,0.0003081966431748797,0.0003067027405761164,0.04,0.02,0.0,0.0,0.04,0
4e13869f-34e6-4fdb-b061-2ecdfe88e01b,0.0001415319134611616,0.00023677400822438326,0.06,0.008,4.972289378658559e-54,0.103249097472924,0.06,0
ba9b39f8-01a2-4fd2-a88f-ad3a91a3a785,6.737332778627504e-07,0.001769019592774114,0.056,0.052,0.0,0.103249097472924,0.06,0
3a19c1b1-77d0-4729-9b4a-95d78d9006d3,0.0034587853503159744,0.09039945385592185,0.216,0.12,1.0,0.7206591244466356,0.24,0
080fe2b0-bba9-415c-a48c-80bb2c1b991f,0.03207672126041216,0.09338031015128198,0.24,0.14708474576271185,0.9999884740655344,0.7682566483748448,0.2,0
1bfcff7d-0e13-4333-8591-0aa2e8c348ef,6.164753441046081e-06,0.013818166865878136,0.12,0.04,1.0,0.29979726305119253,0.04,0
1b3fac96-005c-43e7-9811-6460e2a38122,0.008183247283717127,0.0002939261123708711,0.048,0.02,7.909627874524666e-97,0.103249097472924,0.0,0
1a2bb442-87d3-4ad8-9639-4c5a5d34c2ab,0.008451105611643916,0.020275988864775364,0.184,0.052,1.0,0.6447368421052646,0.06,0
824c4ba0-5f38-4985-8109-088ae1749f97,0.999949132749822,0.1811124784110438,0.328,0.168,1.0,0.0,0.2,0
a5002b19-d8a3-4ac2-b929-bee0acf2815b,1.1727072223439456e-12,0.001257492430402071,0.096,0.052,1.0,0.678092399403875,0.04,0
c9029a97-f67f-425c-a278-f3776868956c,0.7655030043535598,0.061823410821763555,0.344,0.144,1.0,0.11220715166461197,0.14,0
29b65a19-ae1a-4508-b6ee-f10542cdb59d,0.0009641975422228002,0.007700126810290798,0.052,0.052,1.8568216628563437e-304,0.103249097472924,0.06,0
c5d3a839-eeaa-458b-b7cb-d80f42f6195c,0.8189556126852137,0.13881054236453244,0.288,0.132,1.0,0.5762434889183949,0.1,0
e0e82a01-082d-42ab-8bcc-89bcbd77e36d,0.9999996255688725,0.025007061214173638,0.364,0.22,1.0,0.13247374441093848,0.26,1
c9942d71-04ce-4324-8d03-e42d79aa7109,2.797050327453432e-09,0.01915320120822363,0.132,0.032,0.0,0.7206591244466356,0.1,0
24bb6ef9-5890-42d9-aec9-5e1b1ba50ad8,0.06610275024129854,0.018275421187839244,0.16,0.144,5.1239262934216544e-204,0.13247374441093848,0.04,0
fb446e15-1401-4b36-90c0-2195be3da2e8,3.7710393362486355e-06,0.012357492570760464,0.192,0.044,1.0,0.5762434889183949,0.1,0
b2dc9142-e483-40bd-9eb3-b0a0a30115d6,0.004674127007906752,0.008353688025300447,0.188,0.092,1.0,0.7206591244466356,0.12,0
3e41b820-938a-4895-847d-d2e6c2db4196,0.9025342657725242,0.016239139321301745,0.148,0.116,1.0,0.858490566037736,0.02,0
abd9e9d8-4c44-48fb-a12b-bdb9f1371e37,2.8602092528367106e-13,0.001987820564586412,0.076,0.024,0.0,0.5762434889183949,0.0,0
1e265b57-e0ab-408e-b5ed-bdceee41ec46,1.2608594799036837e-06,0.00493332398199203,0.148,0.088,0.0,0.11220715166461197,0.12,0
2de162b9-bf13-487c-9312-d39ea2e2f7cb,3.208390123831915e-10,0.007767388935217904,0.124,0.076,1.3476735233809215e-257,0.0,0.06,0
01df7c2b-d86f-42f1-ad72-7190250a24d0,0.0001081837381384565,0.002302048650797702,0.072,0.04,0.0,0.11805209060971962,0.0,0
94c2d02e-7067-4178-ab8d-8cfca8d8f292,6.109777537139206e-07,0.00964733241619005,0.136,0.052,0.999999999911438,0.7206591244466356,0.12,0
a057453a-fa10-4191-91e2-ce0ed541b76a,4.3835555420148567e-07,0.004741366981024873,0.096,0.064,1.2822460729276307e-134,0.7206591244466356,0.08,0
f3f30b88-1a66-4781-aa2b-baca9523884b,0.0009597211057321419,0.017058969000231485,0.264,0.156,1.0,0.103249097472924,0.18,0
9dc69e9f-917d-4946-a864-3a586a99a4ff,0.01826579974145506,0.0046437588686511575,0.152,0.068,1.0,0.0,0.1,0
07739b08-3032-4eed-aca2-a5a307b3232f,0.5050494918052302,0.019542784365472684,0.156,0.072,1.0,0.29979726305119253,0.06,0
c1dfd263-ef3f-4a5d-91bc-8a4aaac88948,0.0005023933990794084,0.3967809495490243,0.336,0.168,1.0,0.8251295336787562,0.16,1
d234739b-511e-42c7-91fe-9ab90333c146,0.0020917566204382812,0.027761056129057732,0.176,0.076,1.0,0.0,0.14,0
e585989b-665f-4aac-aa6f-821794b031db,2.0252395642011285e-07,0.0014156321242415352,0.092,0.076,0.0,0.11805209060971962,0.14,0
a2e218a0-8648-45ee-bdcf-9f8ce5d960e3,2.1140083690732215e-06,0.0004758700553024771,0.056,0.02,0.0,0.7206591244466356,0.02,0
5f56dd13-34f0-41a1-8165-879b77af47ce,0.02257366114051455,0.025890518051841647,0.2074285714285714,0.132,1.0,0.7682566483748448,0.1,0
ea0e12bd-338d-44ad-8d7a-d6a0962609b1,8.496937629535496e-08,0.007182345364277165,0.06,0.012,1.0,0.0,0.02,0
e0daad94-c900-4524-93b8-3bebc05c23f9,0.1793567857087179,0.02703924844894933,0.292,0.156,0.9883339764990032,0.7626737530662306,0.2,0
79e92dec-e429-4848-9151-c926110801f8,1.3607039222633234e-05,0.0025439475600342208,0.116,0.056,0.0,0.13247374441093848,0.08,0
6fb82227-d308-469e-bad7-efaad623faf9,0.18395525882013997,0.031205120045433025,0.236,0.14,1.0,0.11805209060971962,0.14,0
cce20c6b-291b-4788-91a1-a529a24ec028,0.0014068597023853225,0.013910997931240992,0.148,0.07508474576271186,1.0,0.11220715166461197,0.08,0
c264fd40-143b-468f-a650-aad39d3ebc64,1.045071805890409e-08,0.007409122992466619,0.136,0.068,0.0,0.11805209060971962,0.12,0
e52cb6ab-d289-4ef3-8839-43a3736d3a58,0.9999351325107002,0.04507011848589028,0.24271794871794872,0.18364,1.0,0.8530038346825718,0.26,0
482c98ee-02c4-44a0-85e9-525b91359a91,1.6006044275007992e-07,0.00851383279951184,0.144,0.064,1.0,0.0,0.1,0
7fc10af7-1fef-4c7b-b23c-b74783c1e751,0.0001738280787507721,0.0008457145045511977,0.092,0.044,1.0,0.7711864406779658,0.06,0
01019aa8-5e23-422e-8ff9-aafb017c66f7,0.9493234713105604,0.0006708132603308311,0.2,0.116,0.0,0.08708133971291877,0.18,0
75056f29-f024-4c70-87a0-306f18141a2d,0.06505452749805453,0.00817746808203195,0.18919047619047621,0.09456,1.0,0.5762434889183949,0.14,0
3c3b8925-ebf7-40fc-8efc-876e5c8f2d39,1.8185812561159762e-05,0.00685930176474879,0.092,0.048,1.0,0.103249097472924,0.06,0
d9b1fb4b-401b-4401-b723-623492f93819,0.00019902050085647134,0.022632772839876747,0.096,0.068,5.132836709708494e-65,0.103249097472924,0.06,0
1b885bac-4f78-4631-96fc-80716652c32a,0.29902053075174256,0.023198308852129024,0.24,0.148,1.0,0.7682566483748448,0.18,0
2c63157f-55ac-453e-a4fc-076a7b19f429,1.8468275596179704e-05,0.0048240212258270285,0.152,0.092,0.0,0.13247374441093848,0.1,1
088fa1f7-7765-425b-87b7-7d6aa28ebc44,0.00025912469337519115,0.013806933635570588,0.14,0.044,1.0,0.5762434889183949,0.08,0
820d8f7c-4280-4489-8047-e77b9b7fb01c,1.364226527390102e-06,0.007060678867764748,0.144,0.064,0.001608759390827023,0.0,0.08,0
9ee65136-dce5-40de-9a7c-f1bdedf4ea07,2.3579778554524715e-23,0.0012677249792492637,0.084,0.032,0.0,0.29979726305119253,0.1,0
2e7c8917-2170-4f72-a18f-fb499bb14eb5,1.8895543279431124e-05,0.0036855754831911164,0.136,0.068,1.0,0.11805209060971962,0.08,0
4ab96ba1-b6ba-4c36-b5a6-83df7234e635,0.9999759711818389,0.04874744224116177,0.348,0.228,1.0,0.0,0.16,0
f9ade67d-8793-4a9c-9032-d9127687dfdc,0.0005551145260754212,0.004189363838370362,0.108,0.056,3.9921952208661673e-97,0.0,0.02,0
9829a7da-945c-480c-abaf-0ea165a24ee3,1.1414161476740726e-06,0.008922166550241287,0.12,0.052,1.0,0.0,0.1,0
9af7677b-bd73-482d-8d7e-56a504ea3c11,6.823389159284675e-06,0.1078276021885836,0.244,0.12,1.0,0.13247374441093848,0.16,0
aa32b922-2ad6-4bf9-a56a-e30adba7be5a,0.9933029733108,0.8412790525745032,0.444,0.188,1.0,0.8530038346825718,0.24,0
70bb01e7-870c-4d2c-b150-0e21c04d4907,2.8985465204209025e-05,0.001391747248531137,0.06,0.028,0.0,0.103249097472924,0.06,0
1b09d8bc-b1ab-452a-9f8e-0488733dd547,0.9975767650600255,0.7688398637647132,0.428,0.232,0.0,0.7206591244466356,0.22,0
6ffa8546-033d-4f1e-80d9-6c5dbc98b4e0,5.70868862314777e-08,0.0014870869302856787,0.092,0.044,9.097734753577953e-184,0.13247374441093848,0.12,0
5e61f49f-f671-4cbb-ae27-3ad6bfcd417d,3.3282786000651215e-08,0.06755667609775332,0.12,0.072,0.0,0.7206591244466356,0.16,0
2055905c-084c-4585-892e-27a5a64511ad,0.003884828870780089,0.003720427630313634,0.14,0.076,2.1188970487506207e-207,0.11220715166461197,0.06,0
5bbb9dee-6bfe-4042-84bc-3de411218ce1,0.001173526299912479,0.0022439186498445724,0.164,0.052,1.0,0.11220715166461197,0.08,0
a88db61c-c80a-4552-ad83-3b74fef1d2c3,0.29924412431644354,0.012033000636222854,0.224,0.164,0.0,0.7206591244466356,0.16,0
3712c65a-d8ed-42a6-ba25-803b7bf7489a,0.024638317003867073,0.4373370035983238,0.292,0.156,1.0,0.103249097472924,0.1,0
57d64e78-9a68-469b-b00d-c2c27f866a57,1.592947361929843e-07,0.014819667476735,0.1,0.024,2.8461925376991727e-38,0.13247374441093848,0.06,0
4aa8ddba-fcd8-431f-82af-802b3517e3d4,6.8087621151429375e-06,0.002311986147872512,0.152,0.056,1.0,0.103249097472924,0.12,0
e15f2547-a942-4506-bc0e-bddf672c7738,0.24262894714995603,0.0004859665749144133,0.068,0.016,1.0,0.13247374441093848,0.06,0
bb813964-b6de-45a2-9f9c-016c5fa0f572,0.0059320966525180764,0.005637416561792552,0.12,0.056,1.0,0.29979726305119253,0.16,0
a4dc9a64-be89-4804-9834-d671b669295c,3.085755306760195e-08,0.030930523213931697,0.116,0.06,1.0,0.0,0.08,0
699dfe49-dfae-466b-9615-b9335f9d3915,1.3246594640581072e-05,0.020933084549208794,0.236,0.1,1.0,0.0,0.1,0
81ca30d8-532e-4205-849c-e10bd0b21e42,1.003903843370089e-14,0.004917373819000679,0.096,0.028,4.3813724998081547e-218,0.0,0.08,0
4eee0e61-2411-4d14-a7b6-f196c433a74d,6.501366714225932e-05,0.06205189436177181,0.204,0.12,1.0900237078259166e-174,0.7691281138790024,0.16,0
f8152ed1-e403-4ff4-866b-e9dadf8fe220,0.4162747730669174,0.25378617966896977,0.164,0.052,1.0,0.7206591244466356,0.08,0
50085b50-09fd-467c-92c3-668ef68b41da,0.0003257839709438388,0.0005970526415535447,0.143,0.06,1.0,0.0,0.14,0
8753666d-da54-4ca6-81d7-82b55d6ee9af,0.047994874013415664,0.12788236921685256,0.448,0.248,1.0,0.7682566483748448,0.3,1
46af3779-bc1c-4f58-a36a-b0cc5377c96c,6.159435808737902e-05,0.004459573280456094,0.22,0.148,0.0,0.29979726305119253,0.12,0
22fcd113-afe9-42eb-a20b-95c91e7e52fc,0.0005939682404233675,0.0036450640184512574,0.13485714285714287,0.045254237288135594,1.0,0.7238636363636366,0.1,0
2b382d9f-1ce8-4b02-99f0-5ea23b17cd4a,0.5738417260235034,0.039135170322403885,0.224,0.084,1.0,0.6447368421052646,0.12,0
ee46dcd4-331d-41e8-a2e4-c8604a53dca4,0.0002582671550662404,0.21673572058321397,0.308,0.104,1.0,0.5762434889183949,0.18,0
99d1164f-aad7-4326-87c7-a4dae3cebcf8,3.417285315910268e-05,0.30004069641053766,0.224,0.12,2.1373691823858747e-75,0.5762434889183949,0.12,0
3b658506-3c6e-42e0-9a63-c85f552e7665,2.8675432983819778e-08,0.010014718158951707,0.23933333333333334,0.084,0.0,0.7682566483748448,0.24,0
b5c817cd-1164-43ed-b36a-d7b16c0c7010,1.2038882467672024e-06,0.0016532480753801754,0.068,0.052,1.0,0.103249097472924,0.06,0
347b0637-ddee-4837-b5bc-12b1511d4ab8,0.046411989790125036,0.03845343561413044,0.22,0.1,1.0,0.7620096959012786,0.18,0
03c8cf47-42dc-4c09-b359-7c61ae74d9d3,0.0004620613476666509,0.0412585877311554,0.188,0.108,1.0,0.29979726305119253,0.1,0
dcd4da37-feed-4566-8388-a65cf5d66a12,2.1527617593229222e-08,0.022149403540086002,0.188,0.092,0.0,0.3973799126637543,0.04,0
e44a078e-b99a-4852-a71d-a9384f65f193,0.1935699230365184,0.006711747994143492,0.104,0.088,1.0,0.103249097472924,0.08,0
7587c950-dd99-4bfa-96a1-0eeb37e0c9fa,9.10020142668683e-06,0.005117482842754263,0.1,0.032,7.626297804664365e-27,0.20177383592017717,0.02,1
502a9b01-93a0-4d23-af4e-441b7a1946f3,0.994682060859525,0.5778473426618582,0.376,0.156,1.0,0.7691281138790024,0.26,0
619b8132-cc7f-4b32-9a72-f44f9e099818,0.00015024392872024274,0.004997080870562702,0.088,0.052,4.654786165209484e-132,0.13247374441093848,0.08,0
f6d1dd97-ce03-4fad-873c-a986deb795ae,0.0012296865682125313,0.024052827391643578,0.128,0.104,1.0,0.29979726305119253,0.16,0
7196e4d4-6391-40ad-ba70-75c60734903a,0.00022483510742042103,0.0025189657332610822,0.124,0.044,1.0,0.08708133971291877,0.06,0
63dada99-4c9c-43c8-aed8-1c40f5d6cfba,0.13300221503672963,0.023758655689677183,0.136,0.064,1.0,0.5174654752233955,0.06,0
d5db43c5-c80b-4774-96e8-1b8072987b3d,0.0005638222687005686,0.0015324967115900772,0.172,0.088,1.0,0.7620096959012786,0.2,0
5cce260f-2d45-49cf-b16c-e328865104ad,0.9002650759005729,0.007452369076398081,0.184,0.132,1.0,0.7663157894736834,0.2,0
8c8dd1c5-4237-4037-a39f-b5df1e7c1c8b,0.001584376399802002,0.06512843520980877,0.276,0.132,1.0,0.858490566037736,0.18,0
9b4e3a08-3849-4d25-a4a5-f7e98d00bd3f,0.00090234513785814,0.005194840671462569,0.104,0.052,1.0,0.11805209060971962,0.06,0
ddc65bfa-7164-4ffa-8bba-8ef830de5204,0.0017219189657030577,0.0014846584134159742,0.076,0.048,7.783164207025916e-61,0.11805209060971962,0.04,0
fd1a2ba0-3fb1-4cc5-9e9b-29a6441ed937,0.0016427515898901656,0.5979692789831077,0.296,0.20764,0.9992851602036664,0.0,0.32,0
104be7a4-0291-4837-b81a-2452769e3ec9,1.8971502505232725e-05,0.07784144160164533,0.144,0.072,3.703819833e-315,0.7682566483748448,0.12,0
0a1bce7e-0962-4ca2-96cd-675358888e7f,0.006618414082968176,0.02912889754603838,0.2,0.064,1.0,0.7206591244466356,0.12,0
8def23c0-ded7-4397-9cf5-fe8ce3d84027,2.021489514513675e-05,0.010629944285271758,0.12916666666666665,0.072,1.0,0.11220715166461197,0.14,0
213b4ac6-2198-4964-99fc-f8d95cc53a26,0.045341897668358694,0.00549632997643372,0.192,0.064,0.0,0.29979726305119253,0.2,0
ccc121ca-0503-425a-91fb-39f7c593186e,0.9513455502706187,0.055992233489243315,0.2,0.048,1.0,0.11220715166461197,0.12,0
6ab6623b-d05f-4c3d-bd96-ffbfed8875d0,9.581074251728122e-06,0.0039725471228224,0.072,0.048,1.9092923925543323e-10,0.13247374441093848,0.1,0
4ce6b7cd-4b45-4ba4-a153-6da3f435a883,0.0008156268968289446,0.002081702933512475,0.184,0.06,1.0,0.7691281138790024,0.18,0
203399e2-f54f-4140-bdfe-51ad7009fefa,0.9733658655099537,0.05441915424547686,0.28,0.132,1.0,0.7206591244466356,0.18,0
1b399ab5-cc6f-4dfa-8364-5da78e3a320e,0.10393624097472111,0.25003111646710113,0.348,0.148,1.0,0.7206591244466356,0.24,0
7ac77d62-4d35-4539-9c08-7c7b24914e1f,0.013227702262576913,0.006822134020899546,0.09718542568542568,0.014169491525423728,1.0,0.8251295336787562,0.06,0
bb4e191d-62cc-482c-aa03-a6b223344708,5.9771712032158926e-06,0.024135784631972433,0.172,0.108,8.341468484714237e-301,0.7206591244466356,0.06,0
271fdf6a-7fdb-4dfc-9783-44c7b9ea8196,0.8720923493302412,0.10433161007171776,0.38,0.244,1.0,0.7206591244466356,0.18,0
1ccb8bfc-44eb-4852-a761-bce22cebf05f,1.3411826427890894e-05,0.029818412199629288,0.192,0.076,0.0,0.6667952178943308,0.08,0
30ec08eb-bbf1-4c21-8417-c75fd459aa27,0.007160008438625916,0.008586557618088327,0.108,0.044,1.0,0.103249097472924,0.1,0
8601e8b7-5274-49ee-b3d7-9acecbdab372,0.940161999948779,0.042096407706115814,0.136,0.092,1.0,0.34732824427480924,0.12,0
750d719d-9d5c-41a9-8413-b2be066e9bd7,0.00930420212606497,0.019546814927602137,0.12,0.072,1.0,0.11220715166461197,0.04,0
ae741cb5-32ab-46e1-ae17-1775eb16c6f7,0.9958243875571189,0.0013098912536251388,0.08,0.044,1.0,0.103249097472924,0.02,0
562a30d3-348f-450d-bcae-cb377dfa3d1d,0.9994740402152433,0.06564793846143907,0.144,0.05164,1.0,0.29979726305119253,0.06,0
93478f8e-ede3-4f1e-b410-6c59b341f9eb,0.00016756225870918342,0.000553652145871542,0.064,0.02,8.55382628053073e-74,0.13247374441093848,0.0,0
e1f2fab4-4ffe-424a-b3d3-a5ee75ebf212,2.786102918626777e-08,0.018569201218160424,0.192,0.132,1.0,0.7206591244466356,0.14,0
264d3e50-6dd4-4aeb-842b-d486a5c48133,0.006739306027788521,0.04256086330374858,0.184,0.1,1.0,0.7682566483748448,0.14,0
e00e30cd-dd56-47cc-8462-63be4bcf3b95,8.768384278487694e-06,0.02210725906245981,0.188,0.12,1.0,0.11805209060971962,0.12,0
380e0d69-0341-41f3-9a7e-0485b243c5d3,4.735956394780611e-08,0.01521104693067935,0.164,0.048,1.0,0.0,0.0,0
e15df6c0-b510-4b84-b954-77feaec6cfd6,0.7597611726105414,0.005495462204852622,0.18359999999999999,0.08,1.0,0.678092399403875,0.2,1
94d597af-5371-4097-9c12-eb661b51c9e9,0.0003884642422763905,0.020609294468626013,0.064,0.036,1.0553968497213438e-201,0.11805209060971962,0.02,1
2725e573-f587-44bd-a62b-695a707f6be6,3.6783506992377247e-06,0.0024357081258566064,0.08,0.048,6.238439059706975e-110,0.0,0.08,0
a68d85b8-5457-4ae6-b110-ca829c079101,0.11826295460753641,0.0030569032096081934,0.12,0.032,1.0,0.103249097472924,0.1,0
17679b46-e427-4b0b-9584-8d47630d5d41,0.9834223289710364,0.00904673588637241,0.116,0.076,1.0,0.0,0.04,0
e5fdfdc7-a3ba-462c-ae9d-baa30c77bb5f,0.008063261134092026,0.029601187558977064,0.288,0.14,1.0,0.7206591244466356,0.22,0
74382bdd-3d69-4a63-aa83-480407190d29,2.1982075229447735e-10,0.0007638596530323841,0.064,0.056,2.306651155627771e-131,0.13247374441093848,0.02,0
2e7086d4-3d8c-403f-af16-41ba065d7c23,0.8521244879799473,0.33583835562299164,0.444,0.216,1.0,0.7206591244466356,0.18,0
f791db2f-7422-4a66-808d-3c6e5b47d48e,4.8706046442437696e-05,0.0070605369377831064,0.12,0.072,1.0,0.5762434889183949,0.08,0
d5c2494d-3273-47bd-ba9f-e5198f23c439,3.7445576778189947e-06,0.0034358477257466985,0.024,0.024,1.9538957812105713e-165,0.11805209060971962,0.0,0
f1c2bdc4-6ce4-49fb-9e5d-9cccac57b2b3,0.003082331303636598,0.01484697638563933,0.06,0.02,1.0,0.103249097472924,0.06,0
89b2ec27-1b4a-49bf-96a3-577d3c51d8d5,0.02416872080556839,0.060558005354902904,0.204,0.088,1.0,0.3973799126637543,0.14,0
48438b10-d1b3-4252-9c34-838c86a7a274,0.39117158066473723,0.01271762999669884,0.144,0.076,1.0,0.5762434889183949,0.08,0
ecedc619-24c8-435f-9e8b-3114b24dce10,1.061001636079023e-15,0.00034159179475877824,0.096,0.04,0.0,0.13247374441093848,0.02,0
98bf1f7e-be86-49a1-8035-b05823a23775,0.00023428691798208949,0.007811376074344944,0.104,0.072,0.9999999997794475,0.13247374441093848,0.1,0
6b998688-96bd-4630-8a72-22adbc03d880,0.16335600753360477,0.00828206822980241,0.184,0.092,1.0,0.6408450704225351,0.2,0
47ba0342-f2e6-47fe-bd5a-4d5e011aad8f,0.8236806544650901,0.054867978504815444,0.156,0.1,1.0,0.13247374441093848,0.06,0
620e3d08-c33c-4d55-87ec-99986bcfa63c,0.0007815492013146484,0.05587579360507344,0.244,0.128,0.0,0.29979726305119253,0.22,0
cd446f45-ac92-4ddc-9a96-03aba5503ca2,0.002183737766936516,0.0016796171481143398,0.132,0.084,0.0,0.11805209060971962,0.1,0
4ed3029e-80cf-4219-a522-d2e2b2dbe407,0.0004582151220019214,0.01045786256044894,0.128,0.076,1.0,0.13247374441093848,0.0,0
e87884bb-f96b-4cdc-9fde-5794c9b43f91,0.0015111388469964697,0.0029362992653130925,0.124,0.048,1.0,0.11805209060971962,0.1,0
ae738c92-10f9-4ba9-90c7-294fc5912abd,0.1296972094318497,0.0031269863299125704,0.14,0.096,1.0,0.103249097472924,0.2,0
49781c95-4906-4a0a-97b5-01ba15ac28ec,0.000997723451790712,0.016588537176910754,0.348,0.18,1.0,0.7206591244466356,0.34,0
4e28764d-c9ad-4629-ba88-8045b2537d5a,0.11919837308250096,0.1905984045411606,0.328,0.152,1.0,0.7206591244466356,0.16,0
136dea81-6f6d-4569-93fa-1fe2d58bae4f,0.891451492132099,0.027070499028763576,0.176,0.06,4.954214993064156e-12,0.7691281138790024,0.2,0
f2bbfb82-ceca-4ff2-8eaf-1a8edc58221b,0.43161155422887476,0.005731639020157664,0.132,0.08,1.0,0.11805209060971962,0.16,0
aa174717-c12f-444a-98c4-dec0a1dd0b69,0.05825590966443739,0.008087247467748792,0.312,0.216,1.0,0.0,0.28,0
b28d20ee-5faa-4e71-aaf5-424b839daed5,2.450101620802196e-06,0.015134609900753535,0.128,0.084,1.0,0.858490566037736,0.06,0
cea75bbc-42a6-4192-bb71-e166d950869c,0.034713512836821926,0.06571427793871219,0.12,0.04,1.0,0.6447368421052646,0.06,0
19d26ce4-8db6-4e5d-b0b1-14fa0ccbb7eb,0.7878420110973723,0.11975793255428516,0.2944,0.19816949152542374,1.0,0.0,0.14,0
20163a6f-4e37-4f8f-a397-909f4599470b,0.08387235203336768,0.00319908393187833,0.1,0.048,1.0,0.0,0.08,0
d2707198-3192-4756-86af-2bae75018206,8.609054869789386e-06,0.007035138499753739,0.084,0.044,0.0,0.103249097472924,0.0,0
1df9de41-d1a3-4fd7-b684-7f0ab0c1657e,0.2402759344715123,0.004633431948461927,0.188,0.084,1.0,0.103249097472924,0.18,0
18724740-f455-46db-8f5b-558fdbff6d7a,1.933776287214014e-08,0.0036641051688511574,0.1,0.036,0.0,0.103249097472924,0.12,0
ef0c9f04-dada-46c1-83d9-651fce1c4188,0.00455694168222703,0.0042583643290873465,0.128,0.068,1.0,0.7620096959012786,0.14,0
fa23d7a7-46b3-4f43-8b7e-f05998a9e381,2.854953521119581e-06,0.006912948733673664,0.2,0.084,5.921617983027561e-193,0.34732824427480924,0.08,0
cd4494d6-d9f2-4c29-9366-ec891cb7fd0d,7.354259465818123e-06,0.00035449672718928686,0.068,0.036,1.0,0.0,0.02,0
29c046e2-f354-458e-b96e-4860e8ea495c,6.71245312324437e-06,0.03629184870066134,0.184,0.076,1.0,0.3973799126637543,0.08,0
37ab3801-ea69-4d13-9e50-41d36a4c9e85,4.250184773020147e-05,0.10010766353010477,0.156,0.08,1.0,0.7206591244466356,0.06,0
d47f6665-b0ee-46ac-8869-582d64bc4eaa,1.364135253846544e-10,0.0011217406074958067,0.104,0.032,0.0,0.7711864406779658,0.06,0
0fecfd24-f959-4cc8-8a24-0cbb071478aa,0.00037580356159880356,0.004604280585177499,0.148,0.052,1.0,0.0,0.16,0
81682824-95ad-4300-823d-7d5745a28f42,4.535969309527604e-13,0.0007227514460558312,0.084,0.02,0.0,0.11805209060971962,0.04,0
b7243455-fd4e-4cfa-b8eb-a0aee1f5203f,1.0382799259549495e-05,0.0006718833596031849,0.12,0.068,1.0,0.103249097472924,0.12,0
0dac2867-f1ae-4ff5-8d47-a1c5b9edee6a,0.0045238400383870985,0.00243398608548194,0.04,0.028,0.0,0.103249097472924,0.06,0
c00a8bd2-7ce2-4b32-ad15-5d92a8b49941,3.640057223451717e-08,0.00104917211925101,0.104,0.012,1.0,0.0,0.04,0
3677ec1d-561a-4a72-82ca-8df3e0061b50,1.574444449853453e-12,0.0003109850994846972,0.06,0.02,0.0,0.103249097472924,0.04,0
ed95c9d7-91fa-4ef0-93d1-9b01527e8837,0.8522231517143295,0.00566037940021997,0.084,0.044,1.0,0.13247374441093848,0.08,0
9217e779-0380-4504-bda5-5efdd6230082,2.4800617265163763e-07,0.0017044298771700355,0.1,0.032,2.812815481734801e-236,0.11805209060971962,0.04,0
ef4bec44-bd63-4148-84e8-0dabf52149e4,0.00524027797238321,0.5849387447631689,0.2556,0.128,1.0,0.5762434889183949,0.2,0
a9526099-42f9-4916-9de7-87353747b813,0.021093918111173924,0.013189057466472575,0.1829090909090909,0.088,1.0,0.29979726305119253,0.22,0
564a5f7d-49cb-431f-8677-99436df47570,0.016196921834492756,0.003971818485878149,0.092,0.032,1.0,0.0,0.08,0
a4ca8e66-1ad2-4292-a10a-f392ce2bf1b5,8.775414885401686e-07,0.013862353122458858,0.18,0.12,1.0,0.7626737530662306,0.18,1
8171a9af-d8e8-42a9-b628-34db5b309483,0.0002311851103920036,0.010713477563643896,0.132,0.072,1.0,0.11220715166461197,0.04,0
b96dee2d-b1f1-4836-9260-9d617ddb9f21,0.0155170470511196,0.005975907989009851,0.1628571428571429,0.09856000000000001,0.0,0.5762434889183949,0.08,0
1c0d2790-bd0c-41fc-8c3b-a98fa7136128,0.008182703192073456,0.001944860793118132,0.064,0.04,1.0,0.11805209060971962,0.08,0
e9f341da-46d8-47d6-9da7-da14139a7094,0.08685204377413665,0.07919064050145318,0.388,0.2,1.0,0.7682566483748448,0.2,0
fe87b892-a499-4036-be4a-1d5a168d351e,2.63410398164664e-10,0.0049599594570428505,0.06,0.04,0.0,0.13247374441093848,0.04,0
a2492240-a446-4ff1-a037-499a2ef7c958,1.1957069712174907e-09,0.0008423119253605741,0.068,0.056,0.0,0.13247374441093848,0.06,0
20b43077-aead-43e2-a706-846e5a58a522,0.6145889732897714,0.036703316834710516,0.188,0.052,1.0,0.0,0.16,1
8348a4e4-f0b4-4633-9ad0-cfb9cf7b7870,2.586342489937824e-05,0.002208573485868914,0.1,0.036,1.0,0.8251295336787562,0.02,0
b60161f3-b96c-4daf-8cdb-aa50fd2140cd,0.0005561159376755949,0.40992251600747853,0.164,0.144,1.0,0.8125,0.14,0
e9a07447-91c7-42af-8abf-d38e489a4f29,0.0034830551879340465,0.2291514493352668,0.372,0.148,1.0,0.0,0.22,0
27dc2b54-812c-4480-9ab3-7e0d8624d0a8,2.8273563398344997e-11,0.0873780667065006,0.196,0.1,0.9999999276474254,0.7206591244466356,0.12,0
41f1c9d5-32f0-4886-827e-e00f72b2f01f,0.8100465043100733,0.0005243867476490768,0.072,0.032,9.426303254438503e-57,0.103249097472924,0.04,0
14a3a9bf-5a93-46f5-8e56-4623ffc50ee2,0.9705108587021533,0.04066047403468353,0.16742857142857145,0.112,1.0,0.5762434889183949,0.04,0
ee288258-1058-444f-85dc-0cff5773686f,0.8755706751375358,0.009975395677098006,0.14,0.084,1.0,0.103249097472924,0.08,0
0753c029-856f-4c35-a32a-840457fb8250,0.134344649829457,0.6054510083203903,0.348,0.212,1.0,0.29979726305119253,0.14,0
c1c8f9a4-b011-487f-a0f9-bf1621ae7d2e,0.00022383295188522164,0.0010516282399769923,0.104,0.04,1.0,0.0,0.04,0
14f66f18-3597-4128-9a33-62863f3fb71d,0.0006527520788460751,0.05712900893676608,0.224,0.116,1.0,0.7878787878787872,0.2,0
24cc73aa-269b-4075-abca-8d90561e2210,0.9865072299274952,0.0021371068598843523,0.184,0.072,1.0,0.5762434889183949,0.24,0
86af78a3-8d14-4e43-a849-3b25bee8cf1c,1.590614253230822e-08,0.02750869910907039,0.192,0.084,0.0,0.0,0.14,0
f5a8de40-50b5-438e-b8a2-eeb5c59d8c29,1.381822164981882e-05,0.0025160345759596913,0.24733333333333335,0.112,0.0,0.5762434889183949,0.2,0
59e0a26c-c7f0-49e1-92df-404035713822,0.00010165188749042445,0.02135584959436964,0.16,0.116,1.0,0.5762434889183949,0.08,0
50dea629-1646-47a4-8c7c-19b3caf972b5,0.5108978378430825,0.011574525728930422,0.144,0.056,1.0,0.11805209060971962,0.1,0
4c8c5e21-24b7-4b95-aac9-415745cd5f79,2.419575689006127e-10,0.0018241107105494104,0.112,0.048,1.0,0.13247374441093848,0.08,0
00dc3bb8-5f86-4206-ba78-1caf1497cba8,0.9764484908813853,0.22115001976315957,0.336,0.172,1.0,0.7626737530662306,0.2,0
73d0948e-26b3-40ae-9690-c98a71935d64,0.00043524589878270344,0.005743826565205613,0.228,0.072,0.0,0.7206591244466356,0.04,0
faaa3cd3-d328-49be-b917-cea317b35e12,0.00046918124187429495,0.0017057897926126987,0.068,0.024,1.0,0.103249097472924,0.02,0
03fbaa8a-3c4f-45df-9dfe-2b79b3c3886c,0.8715342762236199,0.0569019564987193,0.388,0.192,0.18369940347357022,0.7206591244466356,0.18,1
0984efbc-59e6-4a94-8e32-97058624021f,0.22799305668620118,0.010511973318836288,0.046,0.0,1.0,0.5762434889183949,0.06,0
db9f7003-5320-42c9-b57d-68eb1fad70f6,0.8521627887521552,0.16319589364165385,0.268,0.184,1.0,0.7626737530662306,0.14,0
59647b62-2ced-48e2-9859-d05dd971635c,0.8413084170537634,0.05266757047706239,0.32,0.252,1.0,0.0,0.22,1
1dd23b70-4114-49db-bc1d-bd02aa234417,0.9212288946559434,0.003950075137053733,0.096,0.068,0.0,0.5762434889183949,0.06,1
d75ba59b-6f47-4adf-8b38-d1f7d139dfed,1.711674095110801e-05,0.0027200230918974565,0.092,0.024,1.0,0.11805209060971962,0.04,0
aea2885e-edfc-4a58-8c5e-e4d2854f4e5f,0.00017257049071379865,0.0012645019228999651,0.056,0.02,1.0,0.103249097472924,0.02,0
4e588078-9bf7-4f4f-ad66-c1b503220aab,0.03364395392094008,0.005514261795560484,0.084,0.072,1.0,0.11805209060971962,0.02,0
b2bee02b-2b77-4132-8caf-096efd1e21e7,0.00224706068795132,0.0017150464785936803,0.108,0.06,1.1748554506121197e-100,0.7206591244466356,0.02,0
8b52563a-4bbd-42db-a3ed-8719a8319d04,0.0039759514947488965,0.23953827460991706,0.312,0.18,1.0,0.7682566483748448,0.12,0
f8fa3d47-351f-4ee8-90e6-c99ff6fe7c16,0.00016312046009206582,0.002942738301677593,0.064,0.048,1.1650030293019932e-28,0.11805209060971962,0.02,0
6830ff89-f638-4bd0-a232-cb3090760219,1.5513475282021378e-09,0.0016790450624097767,0.112,0.056,2.6320870072431064e-51,0.8251295336787562,0.12,0
717cb5d2-3589-49bd-add8-2653ef5a3bc9,2.595907167200782e-11,0.005976410583993253,0.124,0.044,0.9999999489841698,0.13247374441093848,0.02,0
f0f3ad28-f377-47ba-a0f0-720f362be493,2.1087760145363633e-07,0.0029258656804739226,0.156,0.072,1.0,0.0,0.08,0
83db925d-adfb-4bc7-882b-1bf953a1bb93,0.3156573745560517,0.020368228525129258,0.132,0.044,1.0,0.7206591244466356,0.14,0
2b7124d8-31eb-49a9-8aaa-4eb589c3118e,3.354423709392256e-11,0.006621237883028557,0.108,0.04,1.0,0.11805209060971962,0.04,0
a0ae0bf3-61a8-485d-b586-d1c85113f60e,0.9981535868997133,0.2513460167631895,0.284,0.108,1.0,0.6667952178943308,0.16,0
b53b06ed-fa99-4bfb-bba4-29cdd26ccc31,0.015157731890995204,0.010572592566550446,0.212,0.172,1.0,0.8530038346825718,0.12,1
a711979e-000a-477d-a964-c846500f3388,0.00038376629964934853,0.002262425140974718,0.172,0.1,1.0,0.11220715166461197,0.18,0
6335a97c-7d24-446a-993a-4eafccf870c7,4.8550119302811696e-12,0.023818184284010852,0.128,0.076,0.0,0.11805209060971962,0.1,0
6592dd5f-4ea1-4c34-ba88-1736fae348d0,5.2597252566730125e-06,0.014089211004087023,0.152,0.076,1.0,0.7206591244466356,0.06,0
2f96a1ce-63c9-4433-a8d9-bb2c1b14ccb0,0.19393385601154803,0.047502197247927425,0.096,0.044,1.0,0.29979726305119253,0.08,0
5d2b6274-0c0d-4f1e-950d-def795ebcc94,1.6101874146670257e-08,0.011841404735957682,0.22,0.084,0.0,0.5762434889183949,0.06,0
83cb6305-73fe-4c55-b05c-2984a81dd31f,1.1492444176721375e-07,0.11190906840112946,0.208,0.124,0.0,0.7206591244466356,0.16,1
f9d2627e-cf49-4537-8381-6566ecf92eef,0.9998812134816363,0.017932706879530528,0.184,0.132,1.0,0.11805209060971962,0.2,0
d90c15b7-22eb-4b16-9957-a37ccc5c165b,0.7525111213068415,0.4444598274161111,0.3828571428571429,0.2990847457627119,1.0,0.7626737530662306,0.22,0
a3063fb1-c988-46e4-ad62-fc62fdc0c4af,0.6695870219928636,0.09973680544674049,0.292,0.192,1.0,0.7206591244466356,0.2,0
8a046f8c-4042-42b0-80d7-5c3f6fe95011,0.18179315497726467,0.022650375150051586,0.19933333333333333,0.088,1.0,0.7682566483748448,0.1,0
3beec75c-d9a9-4b1a-abe4-2a62eb198fe2,0.0056848977796087495,0.020536364129150917,0.168,0.08,0.0,0.3973799126637543,0.06,1
e4654381-5599-4b69-92d7-e56e423431f6,0.05746780600515802,0.2696243109340629,0.264,0.136,1.0,0.7206591244466356,0.16,0
326a0180-07f3-4ce8-b4db-66e6c3c856be,0.0010249778582425613,0.006369047819378322,0.056,0.024,1.0,0.13247374441093848,0.06,0
9082a7e5-0c13-4e46-9892-5c6047ce058c,0.17891340372570258,0.028701687954686368,0.21919999999999998,0.072,1.0,0.30536912751677847,0.04,0
fb362486-3244-4871-bff8-212bb0d3ad55,0.0009863587969993395,0.14637852760953077,0.304,0.12,1.0,0.8530038346825718,0.14,0
6672a1a9-94f1-4e85-854b-c9b86b367e7b,0.0025539884279996133,0.002322062060654608,0.072,0.02,1.0,0.0,0.06,0
012bfb22-b080-44e4-a6fc-514a10a7fb7e,0.6103314719876266,0.9124247868236949,0.9080182373182376,0.9099999999999971,1.0,0.5762434889183949,0.06,0
e029eb5c-86eb-4599-abd9-80653f2fdc95,1.8368548761992347e-07,0.0005741058357546102,0.124,0.048,6.658028784072868e-138,0.13247374441093848,0.04,0
595d5a3f-0e17-4f70-b36e-3378ed2ba120,1.97149870039384e-05,0.004615275038727949,0.11085714285714286,0.04,1.0,0.11805209060971962,0.06,0
3f0200b0-9347-4270-8e1f-d94e5d101c3f,0.16630495083215943,0.024244708059513093,0.288,0.084,1.0,0.3973799126637543,0.2,0
d49e1b8d-5216-4a02-a733-20549c0008d9,0.03605052562855037,0.004686330575539612,0.16,0.056,1.0,0.6447368421052646,0.08,0
68bac871-baa0-466d-9184-afa2428f5ea4,0.00017207701069872533,0.0021113627714789605,0.124,0.056,3.0032648778891743e-108,0.11805209060971962,0.14,0
08bdd2c3-fbfb-4296-8c21-4bbe3c7b7784,1.897713103399651e-06,0.0021311748846055754,0.14,0.028,1.0,0.6603773584905661,0.12,0
863e83c8-abea-474a-8004-cab2614cf816,0.04022025323639727,0.09306694951372715,0.328,0.208,1.0,0.7691281138790024,0.3,0
24277aba-cc24-45b8-8ad3-36916959e91f,0.0005511870945249987,0.015442412215349718,0.2,0.072,1.0,0.0,0.18,1
1f54b5fd-62eb-4b9c-99f1-c8bb166d6896,0.0005647458931568988,0.03170295691151359,0.192,0.112,0.0,0.6667952178943308,0.1,0
97b3299e-7a97-45e3-a927-9191822d3e41,1.1033988000838346e-15,0.015097568153219039,0.196,0.076,0.0,0.7206591244466356,0.04,0
e1766764-77c1-452d-8583-733ac719ffb1,1.2215380165156063e-08,0.0036616348651422625,0.152,0.068,6.958965689749881e-58,0.0,0.1,0
1ebce011-7f1e-4b10-bc15-538bf08c362a,0.8238149698478209,0.020380555708858637,0.26,0.148,1.0,0.5762434889183949,0.24,0
ee302f56-43c0-4c2b-968e-c709256f7a72,0.006761187531293866,0.20151420281346538,0.38,0.28,1.0,0.7620096959012786,0.26,0
04a0ff8f-5a43-4091-8a89-abe155229d56,0.019275040288780576,0.008536247945377811,0.16,0.068,0.004975771877117562,0.13247374441093848,0.08,0
8e3bc829-e65c-4e27-b71d-52d40d4fc327,0.0001758426892519764,0.024370435772999792,0.18,0.084,0.0,0.5174654752233955,0.06,0
7f39686a-b883-49b2-93b9-e17e6bc9cc7b,1.1245859305059663e-05,0.01305157542350041,0.228,0.16,1.0,0.0,0.1,0
1b21aa3b-f0d1-49f9-9266-4ff74342267b,0.0006029153489591035,0.059661348018336884,0.28,0.128,1.0,0.7626737530662306,0.12,0
12f92a96-331a-4dc3-9e71-53519cd117c1,0.9687668070816803,0.0416905889861198,0.368,0.176,1.0,0.7206591244466356,0.24,1
0645902a-b9e3-422d-9315-18b180ecd3a1,0.02861796818808939,0.05996230482683676,0.132,0.084,0.0,0.0,0.12,0
e90cf1bb-f823-4e87-9e8f-083d0e0e11f2,0.022590768240320865,0.09989223550358631,0.208,0.072,1.0,0.7626737530662306,0.04,0
594234c4-e150-4772-a962-8092f197352c,0.42741095830616255,0.01827882416057385,0.18,0.072,1.0,0.0,0.1,0
5d6ee96e-947c-45f0-a0b3-54d52fc23fcc,0.00013326063608707576,0.154846001253118,0.168,0.06,0.0,0.7682566483748448,0.12,0
0baa22df-79f3-4adf-a071-121f4414f156,0.004784248227658429,0.005390497886940337,0.148,0.104,2.2931927107134486e-52,0.13247374441093848,0.08,0
7bafc732-cbff-40cb-8441-21bd6ed4159e,0.0012603712541369562,0.001235788949598383,0.216,0.068,1.0,0.0,0.1,0
31df814c-2dd8-44e5-925d-97abfb6bab9c,4.073438830136334e-07,0.0634801397816942,0.324,0.164,1.459251594643188e-149,0.5762434889183949,0.28,0
f354db40-6491-45c2-bfea-59192cc379b0,7.921378909260641e-06,0.0018994730676448574,0.096,0.068,0.0,0.13247374441093848,0.12,0
91f949cb-19a6-47aa-869b-3c18def5ec85,0.029629993389261988,0.015688223898248914,0.184,0.096,1.0,0.20177383592017717,0.1,0
32cddd7c-0d67-45f5-9268-85d3f4a72a12,0.09339282450637386,0.004839280910113299,0.088,0.044,1.4187825102245805e-87,0.0,0.02,0
c30aedba-d3fb-4169-a121-a0a3a1b5094f,0.0008636939310272253,0.010044077938272958,0.152,0.104,9.375698330055487e-120,0.11805209060971962,0.14,0
e4271ee0-51cc-46b2-a595-8433301106c9,1.7384403116022833e-05,0.0034187785795287825,0.108,0.04,1.0,0.13247374441093848,0.06,0
c0468859-c921-49dc-9566-0bd22a164aba,2.2873416537241104e-09,0.0029953741318181288,0.092,0.032,0.0,0.11805209060971962,0.02,0
476b848a-ed13-4a57-be4f-8a2721a10fbc,0.0035374307534482407,0.004116280894728402,0.144,0.072,1.0,0.13247374441093848,0.06,0
be7e1a63-f345-45cd-a065-8b6f85cd0277,0.9976529601897324,0.08413231368945999,0.248,0.108,1.0,0.11220715166461197,0.1,0
6d08bc2a-c4a1-4a8d-a052-ed99e3efabf5,0.004961558417779318,0.004719245061166669,0.184,0.056,1.0,0.13247374441093848,0.1,0
099daacd-b1c1-41e2-92d3-c3336374edcb,1.721620985196071e-08,0.003861263036218569,0.084,0.048,0.0,0.11805209060971962,0.06,0
3eac3267-be0e-40cd-9bdb-84e33f5548b3,0.08732213724723019,0.01771975068396483,0.1,0.06,2.973878892582071e-122,0.11805209060971962,0.06,0
00ca4bce-523d-4c25-b984-f537d71f32ed,1.2539288901528726e-07,0.020426608593677557,0.11733333333333333,0.092,0.0,0.29979726305119253,0.08,0
b7a39702-333b-4253-b04e-fc3391c35637,2.2576850951603006e-09,0.0007962061826151153,0.064,0.064,0.0,0.103249097472924,0.08,0
8956f571-d338-48cd-a05a-0d5d434bb1c4,4.696559626988506e-11,0.009426412009713198,0.048,0.02,0.0,0.0,0.04,0
e5dd2f13-6b4f-423e-83ea-d35a6ac76d3c,1.6381867787620054e-07,0.39203110744813463,0.304,0.128,0.0,0.7682566483748448,0.14,0
f43ee165-0918-4e8a-8eaf-1908fb7aef45,1.0037374670425266e-06,0.008524176181421563,0.16,0.092,1.0,0.103249097472924,0.1,0
aa4ead6c-73cb-4f43-afd9-4dcc4913dd54,0.038904528979880865,0.4134669189501807,0.368,0.292,1.0,0.7206591244466356,0.28,1
7a073da2-fde0-4d6d-a878-a167e7105df5,0.0007390603799975019,0.02704984642148406,0.14,0.08,1.0,0.0,0.08,0
e5de91b2-3d54-4e5f-8477-108f5789c0a8,0.2873914374818726,0.03607123859286552,0.292,0.168,1.0,0.103249097472924,0.34,0
0ddc254d-84c8-4eda-b1dc-dbc04ddf54a5,3.8009292362195626e-07,0.003520441193831527,0.11142857142857143,0.04728,1.0,0.103249097472924,0.04,0
02d1ba3e-fa66-4765-8d52-ca70e651c573,0.000707480089803073,0.015493510940675258,0.232,0.144,1.0,0.6667952178943308,0.28,0
fca7532f-fba8-42fa-8f51-84a8674a079d,0.9953655479029077,0.40800110775432885,0.212,0.16,1.0,0.5762434889183949,0.12,1
f8fce6ac-439b-4f3a-a931-e2175c3a3b72,0.04113004066931583,0.027180983162691224,0.156,0.084,1.0,0.0,0.06,0
c0c2466c-a823-4c92-bff7-8b3cc4243e17,2.2645263356602805e-09,0.0009291624613497239,0.044,0.036,0.0,0.13247374441093848,0.02,0
f70d1c86-e43d-4578-b0fb-818d3c05dd8d,1.5379694267964109e-06,0.006055016647131333,0.124,0.064,0.0,0.29979726305119253,0.06,0
b0bc56be-366e-41cb-bb5f-7e8b5b196413,1.1757419961301998e-08,0.008193643015927432,0.088,0.044,0.0,0.7206591244466356,0.0,0
3678654b-4b0f-4f46-9531-234dc345fdfb,1.3284625455877236e-06,0.0015759449397364852,0.092,0.044,0.0,0.7878787878787872,0.0,0
24b757f4-ea26-49cf-9548-ff2217afac90,0.017886378196220337,0.0612477076895391,0.284,0.152,1.0,0.7682566483748448,0.2,0
04a6d3cc-99cc-49cf-8ce8-302fac4654bf,6.513864087279242e-09,0.005474987235847262,0.1395,0.056,5.57286514314e-313,0.103249097472924,0.1,0
11ad21a6-5eaa-49be-95d3-1b41d9d2a42f,6.826190522582618e-14,0.00901908368500397,0.152,0.068,0.0,0.7206591244466356,0.14,0
8dc7f0cc-4c68-4ebf-ad4b-d3ff7ae2d819,0.9790561604835474,0.14705469475315783,0.296,0.164,1.0,0.7682566483748448,0.16,0
4a937461-326d-4f1b-aad0-94dd379c60ea,6.06208226892879e-06,0.09293026397193085,0.172,0.084,1.0,0.7206591244466356,0.16,0
40d553ae-c6b9-4626-9cf2-5c5dd3036bcd,6.893401967224359e-06,0.007225674321043205,0.176,0.088,1.0,0.103249097472924,0.1,0
5fc643a1-bff8-43fb-8400-612ef27525f2,8.140257266691657e-07,0.008511860701604299,0.144,0.064,1.0,0.0,0.04,0
35e94679-5bab-49b0-bf39-28332b6b1267,9.793944476008464e-07,0.0032810231260181487,0.088,0.04,3.9041469277766025e-12,0.11805209060971962,0.04,0
7f624601-757a-48f5-a7e1-1af656c62e21,0.31990949000712565,0.0019695901984732927,0.18,0.084,1.0,0.3973799126637543,0.14,0
ae7526b1-7128-4e53-8c35-88d6705cb3e8,1.5934971990341425e-05,0.06838559552586868,0.356,0.108,1.0,0.7626737530662306,0.14,0
322bd5a4-ac64-43ab-970e-4398f5e52514,1.6200257576645543e-10,0.0017387588464514959,0.088,0.052,0.0,0.103249097472924,0.1,0
b2e0a6fb-73f8-4f68-a27c-ec0913e0d008,0.7357082306353837,0.6263810761227534,0.392,0.212,1.0,0.5762434889183949,0.2,0
37969ac6-88b3-4cc5-ac5e-c4b52712833e,0.0004341296827682742,0.011866571214002905,0.064,0.032,1.0,0.0,0.1,0
ed2405ff-6ee5-4e49-92e5-9de3cc812235,0.042943991455303074,0.0020463717076097624,0.116,0.048,1.0,0.11805209060971962,0.14,0
833ab3e8-63fd-4e13-a6b8-318e9a9438fc,0.9974606799168204,0.003300970319191226,0.124,0.052,1.0,0.11805209060971962,0.04,0
98209c66-f661-4495-a764-471ee7899879,1.78059562833332e-06,0.002535422638228969,0.076,0.028,0.0,0.13247374441093848,0.08,0
31e69a07-263b-4c1b-8daa-6d7dd13fc4d0,2.1339640598630705e-13,0.00828976346965628,0.104,0.076,0.0,0.103249097472924,0.1,0
bc16593e-f727-4856-ba13-1c763337408e,2.317224533467813e-07,0.0010539326681335691,0.164,0.084,1.0,0.11220715166461197,0.06,0
8a3a0fc2-1a59-4121-b533-1b4ed789c0fd,0.6595615504667053,0.0033836636317033496,0.224,0.076,1.0,0.858490566037736,0.12,1
62b17a05-6788-400f-8afa-ab3a4f0c1c34,3.072854001707364e-05,0.0013268260682253448,0.1,0.088,0.0,0.103249097472924,0.06,0
d99fef39-94c6-47b6-bdef-f72b316f2242,0.014847304697931506,0.003553396483946186,0.204,0.092,1.0,0.5174654752233955,0.08,0
65c38cf2-a5d6-471f-81fa-54aa998c104e,0.045025397480086556,0.007629341428111586,0.208,0.128,1.0,0.0,0.16,0
560f48e5-ee43-47ac-97c2-aa5c8465c5bf,2.2825621121448708e-15,0.0019227456556401106,0.1,0.028,0.0,0.103249097472924,0.04,0
00d55fbd-c109-4eb6-989b-605aeaffd981,0.16748455192542824,0.054624665480260765,0.144,0.072,1.9572007655737056e-15,0.11220715166461197,0.06,0
ab70105c-822d-425e-a1c6-7067abc6810e,4.228906327657698e-05,0.005414611893650156,0.104,0.044,1.0,0.0,0.08,0
449e8de7-40d8-4e33-a365-523da9f6db57,2.318829561844783e-05,0.03680412326707909,0.152,0.072,1.0,0.103249097472924,0.1,0
11446a07-56c7-41ab-9bf7-8479c58afe04,4.004622872061244e-05,0.0027403530570687517,0.12,0.06,0.9999999996664428,0.7238636363636366,0.04,0
587a1be4-dc15-462e-9ac0-b16d29fbb484,7.511023681667692e-05,0.00610365103486055,0.24,0.112,1.0,0.6667952178943308,0.12,0
e4ce9253-1b15-446a-85bb-0f711ae13db5,2.4049066008307335e-17,0.0014788930171439109,0.108,0.028,0.0,0.11805209060971962,0.12,0
a5563d23-f745-4145-8f14-3893c9301eda,0.0003036829275448188,0.00268534090207606,0.072,0.036,1.0,0.103249097472924,0.12,0
b1612c18-1b2c-4d7a-8ba7-06f235868bb1,1.5400560636161022e-05,0.014628943409827247,0.252,0.096,1.0,0.6447368421052646,0.08,0
0208be44-bc06-4ac1-867f-803dabdcab43,7.3987999395360364e-06,0.0013797417236520496,0.092,0.04,9.821471482684373e-160,0.103249097472924,0.04,0
bc5203e7-2ac5-4ac2-b519-f109c1b828d8,2.5896108596018307e-06,0.006011013840683953,0.144,0.056,2.0075920618509013e-18,0.08708133971291877,0.1,0
1654955b-05c4-47a0-a9c2-0af309b418f4,2.1464584669646522e-15,0.0007519409259387803,0.034666666666666665,0.008,0.0,0.103249097472924,0.04,0
b580a5c2-e0b3-461c-84c6-9d84270d4c86,1.5875973961849017e-13,0.0006267579092586288,0.136,0.052,0.0,0.7626737530662306,0.06,0
ddb47afa-a0bd-4fa7-855b-56d16da0dfba,1.231770008458621e-06,0.24487309738062504,0.256,0.128,0.0,0.11805209060971962,0.18,0
be08b323-6e10-44d7-955b-13113a5c4413,2.9232686635175796e-11,0.0007173522227366432,0.064,0.016,0.0,0.103249097472924,0.02,0
dd1966cc-6cdc-444e-9003-9601a43f2242,3.732790352097243e-05,0.0020332802262145577,0.168,0.068,1.1088812401391633e-96,0.103249097472924,0.22,0
56f9badc-53f8-46eb-8af7-03dc5fd5370d,0.0020455487921610576,0.018871240294495904,0.144,0.04,1.0,0.3973799126637543,0.12,0
fb42669f-c902-4f99-9c7a-7c460f3689a5,0.002033434217334865,0.01832646224488445,0.12,0.068,1.0,0.11805209060971962,0.06,0
a26cd969-8228-4647-b515-451fd9f2cc30,0.0008173733130407897,0.0009192777947513592,0.116,0.096,1.0,0.29979726305119253,0.16,1
f7624121-c437-4b51-8d22-024431f9284c,0.00017442100440504663,0.0026428978609632065,0.064,0.052,8.6289835943841e-156,0.11805209060971962,0.04,0
cd6b8f5f-d487-42d4-b133-5862650392d1,5.051639928729976e-11,0.0018477530297356804,0.104,0.112,1.0,0.7165354330708658,0.06,0
140a2ca1-d7bb-4f65-b277-8b6a71694d3d,0.00228471506832907,0.25963803530646756,0.352,0.224,1.0,0.7206591244466356,0.24,0
e3fce715-55d8-486d-bbf6-ce7609742a98,0.99980336146068,0.368616131841727,0.356,0.24,1.0,0.7682566483748448,0.3,0
f523ae0c-07a9-4dae-a845-6d576b9955f0,0.9996517165377009,0.0060007515757739775,0.196,0.08,1.0,0.5762434889183949,0.12,1
a3f528a7-2dd9-4749-8812-a1cf20db61fa,0.0010290910127458439,0.0013331200666553639,0.164,0.132,1.0,0.11805209060971962,0.12,1
dcba080a-9ad3-48c8-8be9-5e903447dc8a,2.1885408248587408e-15,0.0029709140434417197,0.18,0.096,0.0,0.29979726305119253,0.22,1
a51fef83-c8d2-4fb2-8366-13644160fb38,1.1817077216789515e-07,0.0014724514742379018,0.052,0.052,0.0,0.11805209060971962,0.04,0
95ee0b42-6def-4858-aa85-49654d0a4d7f,1.5884019911546682e-06,0.004540716127606049,0.092,0.06,0.0,0.7878787878787872,0.04,0
c78d7e8d-c5dd-471b-94be-5412254b73bb,0.30660274136940974,0.14468560067171346,0.476,0.2,1.0,0.8530038346825718,0.24,0
9c8bebc9-1141-498f-a3a9-e09b1c3e2ad9,0.008808199461804733,0.001958990939717166,0.144,0.072,0.0,0.5762434889183949,0.08,0
1a43f51a-5c34-4dd3-be89-cd7a25002485,0.7613773578782114,0.016453800359969704,0.172,0.108,1.0,0.3973799126637543,0.22,0
53bc34d3-9509-4ab0-801b-04669bde606e,1.0157182494387493e-10,0.0008262127201055624,0.1,0.028,0.0,0.0,0.02,0
a90062ef-9fe7-46bf-af41-45427f9e1e3d,0.0040486687186580585,0.00864852663222554,0.232,0.104,9.991451241020199e-16,0.13247374441093848,0.16,1
a50ecc02-ecea-4834-b8ee-b54e8e60ab5a,0.17527724780590095,0.11169943323804332,0.224,0.124,1.0,0.7206591244466356,0.18,1
74eeb19a-30fb-4f06-b3f8-8031080d859a,0.9568336859040196,0.05212926756390612,0.316,0.14,1.0,0.7626737530662306,0.16,0
99b46ff6-0bdb-49f5-8427-94240d026848,0.04318880022056473,0.010663725604040785,0.28,0.132,1.0,0.5762434889183949,0.08,0
4688610e-c240-40bd-82ba-4483a9dafc05,0.002655489397385817,0.013084990916837007,0.132,0.064,1.0,0.11805209060971962,0.1,0
e5249b03-6fc4-40bf-a4cb-13c1b6fe2aec,0.0001426798421977939,0.023070956713034888,0.192,0.076,0.0,0.103249097472924,0.12,0
fb5ce1d1-ae08-4da0-9b61-ab9a74431adc,3.2043625512283363e-12,0.0030787130294822416,0.112,0.044,0.0,0.678092399403875,0.04,0
790b5d43-7d61-4907-bafb-b47149d7addc,0.002329211519963923,0.018854837232407513,0.228,0.072,1.0,0.6447368421052646,0.08,0
e3d18d28-de5b-4c6d-aa0a-aa8cb456316c,8.824904223602924e-05,0.003366566782751919,0.088,0.072,0.0,0.11805209060971962,0.06,0
254d3500-2383-4788-b0e7-0b92012825b3,4.493592007752683e-08,0.0008839565279411955,0.056,0.032,0.0,0.103249097472924,0.04,0
5b590444-cc7d-4de7-bda2-cf165613dcf1,9.79908614400862e-05,0.005778659419275663,0.064,0.04,2.6872835820487496e-98,0.7206591244466356,0.06,0
9a115a02-4038-4fd0-917c-66098dd9d887,8.216499736872343e-19,0.0007155873474214309,0.116,0.084,0.0,0.7520661157024795,0.02,0
87b5e707-1893-4bab-988c-f9c5ae49b902,1.8471924897072222e-06,0.008764076088129322,0.076,0.012,0.0,0.11805209060971962,0.06,0
8e010a0b-9df1-47c4-9219-c4c48461dd7d,0.027081935605978786,0.0010921522845169314,0.064,0.032,5.2183503193170504e-61,0.11805209060971962,0.04,0
3875c340-8cf1-4f16-8bd5-46ab72412fec,0.015533926393385267,0.3080757578344994,0.42,0.22,1.0,0.8530038346825718,0.24,0
fc0296a5-2cde-4c2b-bb0d-0377e8935032,0.004118352726174156,0.022464043827348065,0.184,0.072,1.0,0.103249097472924,0.1,0
2cb6d426-4983-4eb1-ba97-619a6d115c9f,1.9758637535000003e-09,0.001524285167303509,0.072,0.024,0.0,0.11805209060971962,0.04,0
0658a35c-63e8-4689-801c-6420b9ba4883,5.8997476454999065e-06,0.0041934405437929565,0.156,0.088,0.0,0.103249097472924,0.14,1
89eccec4-93d9-4b6d-aad5-fc3aa21b9cd8,0.003319733713076812,0.031366909058647495,0.184,0.108,1.0,0.5174654752233955,0.08,0
9ce7445e-8472-4f6d-acee-7d3486e53235,0.4846201331808987,0.05435620354794392,0.288,0.164,1.0,0.7206591244466356,0.22,0
00f8ffa9-7863-4afa-bb5f-c3218644a177,3.4966361360217774e-07,0.008651022303495813,0.168,0.108,0.0,0.103249097472924,0.16,0
b741715c-4cc8-4494-a092-90e5b82deb50,0.0002148489649876646,0.1265799980432045,0.216,0.148,1.0,0.7206591244466356,0.16,0
293ff8e5-22b0-4990-bbe0-bd188d24b70d,0.0077105636646223295,0.03183351306438239,0.28,0.184,1.0,0.0,0.24,0
6a53585a-eea3-454b-bb38-bfb93fac9604,2.6171717702436438e-09,0.035566083702099564,0.16,0.028,3.883857874455718e-28,0.7682566483748448,0.12,0
753a2b2e-5c74-4393-9cff-6b7e0ebf6350,0.11319766824554987,0.005100840398070501,0.116,0.06,1.0,0.0,0.08,0
1c781ab6-0de2-4779-a63e-e7d4a11c03f4,0.9973391505052994,0.39137562029490036,0.396,0.292,1.0,0.7206591244466356,0.3,1
72e9dbdf-7325-455d-aa7d-7db8bfdfd2d2,9.069254957945152e-05,0.004514112503077206,0.12,0.064,1.0,0.13247374441093848,0.12,0
65b0fce9-597c-46ce-9ba9-db52db4e3284,0.7698611708753853,0.04814589608654769,0.24,0.164,1.0,0.7691281138790024,0.26,0
f2906fe7-cadc-482b-9778-4ab72dbf0783,0.006704413329717748,0.004324853376874878,0.1,0.032,1.4928862922846743e-297,0.0,0.04,0
945b8d73-53cd-40d6-b1df-fd0ca0ba9061,5.359644902040854e-08,0.004001687356157162,0.06,0.036,0.0,0.11805209060971962,0.06,0
45238bfc-999d-4aed-9e97-7c3f2dc42505,0.4733610630983102,0.061294700197672726,0.29824242424242425,0.12,1.0,0.8530038346825718,0.14,0
8076b621-0ec6-4c90-89cd-558f5a7ae31c,5.816275120745773e-05,0.2166824881963254,0.312,0.172,1.0,0.7206591244466356,0.16,1
de31591e-ffbf-4bcb-a2fe-5619d5bf5e0c,0.0004029402081031846,0.00972220997183014,0.136,0.052,1.0,0.7206591244466356,0.1,1
28a320e9-1e91-4ed8-9ad8-1ea7f4244d2e,0.0010489308443511315,0.004382295375199877,0.064,0.032,0.0,0.103249097472924,0.04,0
7e0fd379-22a8-41be-ba2c-63941b3ccb0b,1.0789074620585989e-05,0.041300571928492825,0.24,0.12,0.0,0.11220715166461197,0.12,0
5b8a6079-c0d2-4421-bfd0-630613eedc18,0.030293285270856722,0.07634389084366151,0.332,0.1,1.0,0.7206591244466356,0.16,1
30b85653-389f-4fa3-8619-95157f4a0d30,0.0744582819355266,0.009869273483043412,0.12,0.044,1.0,0.13247374441093848,0.08,1
2ac91d12-1649-4434-872f-4f252ed35727,0.1329811755449917,0.011147430336229601,0.14,0.08,1.0,0.3973799126637543,0.12,0
6890e696-d079-4a8e-95fe-8dad244c2cba,0.0011645152832413979,0.005629523704086916,0.116,0.05964,0.0,0.5762434889183949,0.12,0
0447e950-d0f7-427e-ab6f-52ea5be3ad23,1.826456592658825e-07,0.014240774729266714,0.184,0.048,0.0,0.13247374441093848,0.02,0
7a0921b8-cc82-4b1c-a1dd-fdd805cee68a,0.025048515320570917,0.0020773876337327087,0.08,0.056,0.9999999999977263,0.11805209060971962,0.04,0
a8db1761-ac04-4d24-b049-9db29a6ea180,0.0007865526819567398,0.008998745629204332,0.1,0.056,1.0,0.11220715166461197,0.08,0
b7330870-30bd-4c15-9810-2e6742030c32,0.3223553206495785,0.0011959067567811853,0.1,0.012,1.0,0.13247374441093848,0.08,0
477937a4-4d0e-48d8-9ad1-fd1198cf0b5f,0.48749255682956466,0.015704833380316575,0.112,0.044,1.0,0.4572864321608039,0.04,0
3eb4a06a-4219-49ad-aa77-99c371af42de,7.279350081753329e-06,0.008963102560743327,0.204,0.116,0.0,0.0,0.12,0
1e5219c5-7d87-4ea6-b13a-b6c7ab3a321c,0.03180893988086632,0.12592656227718124,0.368,0.216,1.0,0.7691281138790024,0.24,0
3cb7a8ea-86d5-40c1-94c0-8616c333a6de,0.10453655648494119,0.017194043122502584,0.328,0.296,1.0,0.7206591244466356,0.22,0
c36a7c55-ca37-4a8b-b3ac-5741b9eaa4b8,1.9651497681769542e-06,0.008408317978313023,0.128,0.064,0.0,0.13247374441093848,0.02,0
bcd2dbde-dcb9-46b5-8aef-048fa5886c3a,2.488833197492776e-06,0.002034828083811744,0.116,0.028,1.0,0.11805209060971962,0.1,0
8a195592-6bfc-4591-aa79-8f9feb250be5,0.033879633305199296,0.0012023967058919188,0.156,0.092,1.0,0.0,0.24,0
38853cee-5d45-4752-9f4c-a1267f39b453,0.02083074969291977,0.19121502997784248,0.324,0.192,1.0,0.7626737530662306,0.22,0
22ae86bd-6bd5-4fff-be68-249473dea9f1,0.023074873471348213,0.0011249664055890207,0.168,0.06,1.0,0.5762434889183949,0.1,0
c123a08b-6b39-4e64-a2e6-b2de1b44fcd7,0.9593246691294199,0.20324479282739105,0.44,0.256,1.0,0.7206591244466356,0.24,1
b4ec0c7b-cf5e-4bef-a880-89379f655ead,0.7611650499233976,0.024746394002051197,0.236,0.132,0.0,0.7206591244466356,0.14,0
2d6a224f-ac72-4631-a643-8492e9921dec,1.5205238791321212e-14,0.002576954360348166,0.044,0.016,0.0,0.103249097472924,0.0,0
ff83642f-6b76-460b-a273-9bdfa37ee447,0.15023981798209937,0.6242810408436028,0.38,0.184,1.0,0.858490566037736,0.22,0
dc35cfb4-8f51-4666-9ad4-bbbdcc381d74,0.019435579870794653,0.016087808692659352,0.196,0.108,1.0,0.7206591244466356,0.12,0
c0b24491-55da-4797-8866-a1b58daee5bf,0.9907709069225313,0.23852630096980784,0.472,0.276,1.0,0.7682566483748448,0.3,0
173caf24-d37a-4204-b67f-c9bb15a4fbea,0.9935012296833744,0.5641555759515875,0.32,0.156,1.0,0.0,0.14,0
01378b0f-c978-4a50-9787-c6f947abb413,0.004417074640905915,0.006909961621314296,0.104,0.056,1.0,0.7206591244466356,0.02,0
522bd08f-61dd-414b-9dcb-243ba238309b,0.012214890592014256,0.016659774379555344,0.208,0.172,1.0,0.0,0.28,0
c5f84b8f-5636-4967-9f8c-5f04b53e9caa,0.0882532029092702,0.015224052302058097,0.212,0.092,1.0,0.11805209060971962,0.14,0
64b9923a-64f7-48c2-aaa6-a3686f89410d,3.853087446524991e-05,0.0019249481778599322,0.036,0.016,4.59388334208082e-189,0.11805209060971962,0.06,0
a974a3e6-502a-41dc-8683-70a2d507da20,0.7520902513454567,0.07836259662074715,0.328,0.184,1.0,0.7238636363636366,0.18,0
b437c86d-9e44-4ef7-8892-5f41d34a561f,2.788294764667892e-09,0.044437429443381776,0.196,0.076,0.0,0.29979726305119253,0.16,1
ddbb9651-aa22-4d54-86b7-3b85080fd582,0.4473008329956108,0.12317669995208758,0.38,0.192,1.0,0.7206591244466356,0.22,0
061be1bd-95c1-4634-81c7-c3a5edc94624,0.10753927227330079,0.0015035052942898633,0.052,0.028,1.0,0.13247374441093848,0.04,0
cd5033df-0420-4a22-9917-60f8a6a832ad,1.076702382786436e-06,0.0007573070308071098,0.1,0.052,1.0,0.0,0.1,0
c74a7ee8-4622-4685-8268-dc8946a07c1a,0.03473155355383577,0.013951119723214946,0.2,0.104,1.0,0.0,0.08,1
9a2e52c5-ad40-48ff-8755-b1cedfe5c4bd,0.6413510203022333,0.0021221176566572275,0.058222222222222224,0.02,0.0,0.11805209060971962,0.0,0
0b94459d-0ea8-4a08-a58a-8317f9dc4542,0.003854362721805625,0.0012175105399228044,0.176,0.068,1.0,0.11220715166461197,0.14,0
7e826236-e26e-481c-a573-7fb1654552a4,0.006384152885450782,0.007697437295361529,0.132,0.056,1.0,0.7165354330708658,0.04,0
868f3946-a3d7-4003-a468-9591d91c9943,1.7620263026760038e-06,0.004028795150447193,0.22,0.136,1.0,0.103249097472924,0.26,0
4f349b34-d54f-410e-a04b-72a9ffff9166,0.0017462344718191473,0.00107080419489504,0.116,0.064,1.0,0.5762434889183949,0.1,0
a1e3012d-99a7-4bd1-bdd1-8b7ddc9da777,0.0007729778635711562,0.04291825758844024,0.116,0.06,3.5853524110577e-286,0.0,0.04,0
2f91bd21-1b3c-41f3-bb2c-c5d6cd5761da,2.3955066056990808e-06,0.3801173912642364,0.492,0.304,1.0,0.7691281138790024,0.32,0
e49d955b-5407-4e03-813a-e8cfda0fb028,0.0004580965017099731,0.004378201763044268,0.128,0.076,0.0,0.29979726305119253,0.1,0
610f21c9-80a7-4800-aff4-0896878ac6b3,0.1251909804893174,0.08485135967264401,0.176,0.128,1.0,0.103249097472924,0.12,1
722e0b3d-1da2-45f1-812d-3bd4e104eab4,4.620091628145613e-07,0.016567606769220797,0.092,0.056,1.0209734836752887e-11,0.11805209060971962,0.08,0
0eb566e1-6b11-45af-a3ed-895db69fb211,0.4361140475953775,0.08118627640218923,0.128,0.072,1.0,0.3973799126637543,0.06,0
6b786a83-8fb0-441b-b2d3-e456d4342afd,0.990546570336351,0.06727870005990956,0.268,0.136,1.0,0.13247374441093848,0.18,0
64a26359-c1ba-48c8-8117-85a78ee95f2e,1.1406404252648047e-06,0.0008700799768778918,0.08,0.02,1.7460165875933021e-35,0.11805209060971962,0.0,0
d797bfd8-e67b-4d1f-b115-90366aed0439,0.027069915179071657,0.08829151765140639,0.216,0.136,1.0,0.13247374441093848,0.14,0
00f75d0a-34f9-4eb5-9419-d422a136022c,1.497168612875119e-11,0.0015986849684991482,0.092,0.044,0.0,0.103249097472924,0.16,0
32606edd-ec21-4216-8de6-4d0b66f061f3,0.07840043638274273,0.0031011088877413357,0.116,0.068,1.0,0.0,0.06,0
33beec2a-8750-4fb6-84ca-72ef61ad9347,0.00017963504294976818,0.002240777857234554,0.092,0.044,1.0,0.13247374441093848,0.22,0
9f289552-565f-4c33-b3f0-2aeb24339a4f,7.027333537104906e-07,0.002706309902924209,0.112,0.04,1.0,0.11805209060971962,0.08,0
ec9e0b40-f85d-419c-8f68-d49da0fa5da7,0.43718692832651357,0.0350921084857276,0.244,0.128,1.0,0.6667952178943308,0.08,0
7dc83ae0-744a-455e-90c1-c9af5e55f741,0.9038009266149369,0.41245798694620533,0.416,0.228,0.0,0.8530038346825718,0.24,0
f58c2064-546f-4e42-85d9-b5c59511338f,0.09228147950512323,0.005170204931464654,0.08,0.044,1.0590684408308271e-64,0.11805209060971962,0.06,0
87e8a44f-e7b1-48b9-8a7f-78e3b0ac8888,0.03907707795569603,0.0941751914916596,0.408,0.228,1.0,0.7682566483748448,0.22,0
86ddb3f3-5be3-4b3d-be05-e1bf5e6a0e7b,0.9172355156056196,0.01740593221288305,0.172,0.084,1.0,0.13247374441093848,0.1,0
56ee7650-cf17-4dc2-8fd7-0746ce9fcf2a,0.0017879551830676564,0.003304533537504931,0.196,0.108,1.0,0.5762434889183949,0.16,0
459da84f-0781-4718-be0f-2fe2228e7255,0.0001634855354467021,0.011528960228843728,0.128,0.088,1.0,0.7626737530662306,0.12,0
921af68e-be52-4333-88d3-afedba42709f,0.9911277564385615,0.16243078752429313,0.232,0.176,1.0,0.5762434889183949,0.14,0
5f1d3815-0299-43d6-8248-13d7326d4db2,1.0454568088833288e-10,0.003230878181343346,0.124,0.076,0.0,0.7663157894736834,0.1,0
e64ecd76-f4f3-488a-ad78-1588ce415422,4.6078703025068616e-05,0.005222635773239335,0.072,0.036,1.0,0.29979726305119253,0.08,0
4a682ca7-31da-467a-9f1d-9a0aecae0fc0,6.7377549603419376e-12,0.003469635483168847,0.12,0.048,7.149469478526401e-32,0.11805209060971962,0.14,1
7ed2b291-cba1-4221-9fae-4da7fdf46679,0.00033195903485143646,0.0018068295151505154,0.09400000000000001,0.04,1.0,0.29979726305119253,0.1,0
c8c8c209-b48b-40ae-b2dc-d1d2d1968277,2.8054761421076274e-07,0.001647256600624397,0.008,0.0,1.0,0.13247374441093848,0.04,0
ebbfb15f-8819-442d-952e-49205590efe6,0.0002810105199923501,0.018687079925637923,0.196,0.084,1.1257539588419825e-303,0.6667952178943308,0.08,0
d9877d3f-0c23-4058-8087-2be3aef3b6eb,0.0009378632833072555,0.025796078562369342,0.128,0.052,1.373188556112187e-41,0.11220715166461197,0.06,0
af8a574e-3a0a-4749-9d69-c969f8f5e750,1.2420863844181544e-06,0.002827116643853756,0.088,0.036,1.0,0.103249097472924,0.06,0
fcc54284-570f-4ac4-8029-97ac4a9c72e6,3.2710365042668323e-07,0.0012075990205786986,0.068,0.036,0.0,0.13247374441093848,0.06,0
bca5620c-ac1a-4517-a773-842271148a79,5.800640151874515e-09,0.0015845242574697084,0.136,0.068,0.0,0.8530038346825718,0.08,0
fe6e7656-f5e5-48b1-93e1-39353cbdaf79,0.00032373892182131135,0.00154626453372009,0.056,0.04,1.0,0.13247374441093848,0.02,0
c4a392ef-bd5d-4f25-9dc5-10846c9cfb22,4.05359294284951e-14,0.003562681155634305,0.08,0.04,0.0,0.103249097472924,0.06,1
2add2f67-8d2d-4c3a-9b79-971c4d300f83,3.5365693226166435e-11,0.007388875835976066,0.076,0.048,0.0,0.13247374441093848,0.1,0
55252e7c-7a00-41ac-82ac-d70ce98a285e,0.00029391991569710664,0.006963208251794231,0.116,0.032,1.0,0.0,0.1,0
989c8444-67be-4fe5-92fd-ec3514dc44b0,0.002232966584875894,0.0037534810289718084,0.168,0.056,1.0,0.0,0.16,1
80dca577-edd4-4bb6-b8d1-4c446d6fa904,0.010284309065221325,0.05172546578613159,0.183,0.076,2.9194726037212275e-149,0.6447368421052646,0.12,0
314f0b36-fa05-4f43-a5b1-5d71e9d9b0dc,3.202715601572845e-07,0.035451742482726624,0.124,0.032,4.5909649900017603e-35,0.11805209060971962,0.06,0
1ce4751c-6ea9-4398-bc7f-9a27531393b0,0.00014950588792479486,0.004291411976933275,0.312,0.076,0.0,0.7206591244466356,0.08,0
9a3e89f2-fc75-475c-b3ac-d2cb1923e73c,0.9999984634478711,0.024982049774475393,0.296,0.156,1.0,0.7682566483748448,0.28,1
f48a0d35-8670-43f8-abe0-ff66e8c85ed3,1.3672207827669776e-09,0.00035700030759432306,0.08,0.052,0.0,0.11805209060971962,0.06,0
7379a14a-6bf6-48ce-a924-4ebf94a21f30,7.565183730926959e-07,0.0006676464440879546,0.052,0.052,1.0,0.103249097472924,0.08,0
5c77dcd5-509b-4da8-a681-d9710b1d20b1,0.9999351695940667,0.8506208986635411,0.444,0.328,1.0,0.7682566483748448,0.22,0
c7e07943-8d0b-48ec-a423-5bb441de3d08,0.014588611077510593,0.001278445544906284,0.192,0.052,1.0,0.5762434889183949,0.06,0
8f25372d-6e7c-4ed1-b8b7-343e89c4c0af,0.02759138688882763,0.05978659857602561,0.212,0.088,0.0,0.8251295336787562,0.06,0
3ed32598-a374-4c72-90ed-fa113d39eafc,0.0011112765427684736,0.10776542387494024,0.296,0.22,1.0,0.13247374441093848,0.16,0
15e3317c-9b7c-4386-993d-334678045300,0.6960729755698697,0.008719745996144985,0.068,0.036,0.3396356331223807,0.13247374441093848,0.04,0
70a071dd-9ff8-4e6d-85e3-9e6bbe529ae6,3.920375432457042e-12,0.001531376000710601,0.064,0.02,1.0,0.0,0.08,0
2e3efd8e-0dd7-4fe7-aa66-1284bdc36a4a,2.9871147021294773e-07,0.005977773546081006,0.076,0.048,0.0,0.103249097472924,0.04,0
ad00313a-08b7-4e18-bd4a-f1702de451bc,8.071883240278203e-05,0.009788461205797934,0.12,0.084,1.0,0.3973799126637543,0.06,0
0f5ffc1f-b58e-4a74-b8c2-57fa6f2b3b16,0.9977586563776445,0.3856458568262646,0.3868571428571429,0.248,1.0,0.7626737530662306,0.2,0
857b35b9-bb6a-4ab4-b2ff-eed112bcb4ea,0.010188677206932515,0.0885959577798459,0.3,0.116,0.0,0.7206591244466356,0.24,0
f6e8e998-0fc5-4d4e-bb44-5e8f579cdfbe,7.56094370917776e-07,0.07921649733405434,0.24,0.136,0.0,0.7206591244466356,0.1,0
91d80389-b54c-4c79-bb27-1bf9cae7cabf,0.1514807971777491,0.005274716215592702,0.196,0.044,0.0,0.13247374441093848,0.18,0
156c6459-c8bd-4edc-9d34-50ab3db4a09d,1.782667427624026e-10,0.02562800974232708,0.172,0.048,0.0,0.5762434889183949,0.04,0
1a723feb-df6c-410b-865b-0af75017ea12,6.58227080671509e-11,0.002136512211446072,0.088,0.028,0.0,0.11805209060971962,0.02,0
d29c8358-ce7a-42df-9260-04eff790ebc8,0.5543803896604674,0.015102952816710235,0.116,0.064,2.6975542980599017e-171,0.11805209060971962,0.02,0
7d55537b-16e5-4e64-89af-be797c24b3e9,6.344962175658027e-05,0.00537220063300434,0.136,0.08,0.0,0.5174654752233955,0.1,0
128bcf5c-963b-4479-9221-9d45eb86204e,0.009631663320345499,0.02042285813930536,0.16,0.06,1.0,0.11220715166461197,0.08,0
f3b809fd-2f32-484b-99ad-063af1d2e651,0.9103291445899734,0.0702591290411534,0.236,0.152,1.0,0.7626737530662306,0.18,1
04d43e64-e9f4-4684-b82f-66b204050298,1.602278901838758e-07,0.005579592338382951,0.156,0.084,1.0,0.7165354330708658,0.16,0
1c6b8616-9c50-4a38-8620-b7acc0090097,0.00016246020002608902,0.020398439242468484,0.132,0.064,1.0,0.8251295336787562,0.1,0
31a6b45c-d6da-4e15-b62e-22c397f1160a,0.956514340257385,0.07683701251258494,0.46,0.284,1.0,0.0,0.3,0
a2783df9-2742-4bbe-a142-edb81d9aa41c,1.3189072099779758e-09,0.002979344448917387,0.124,0.048,0.0,0.7206591244466356,0.02,0
586e84f0-a71e-480b-af95-02b9ab31d8d5,1.5393687882042411e-06,0.008966543772302603,0.092,0.032,0.0,0.0,0.06,0
5a8a242c-816b-4c4f-8752-e7ecc961cb2d,0.9809884628277259,0.32800373454240345,0.376,0.224,1.0,0.7682566483748448,0.26,1
6399d457-f007-42e2-b2ac-d5838cef4d9e,0.8751852583664685,0.00047796637090819356,0.087,0.076,1.0,0.0,0.06,0
ebc36bec-8004-4433-9787-7d0f5a96dcd6,3.149438710299878e-08,0.017342046694059622,0.24,0.09164,0.0,0.103249097472924,0.06,0
1e3843ad-c1a5-4922-9e89-eb7453f4d826,0.40117550417148995,0.017675507266950725,0.192,0.056,1.0,0.7682566483748448,0.14,0
283ddf58-9fdb-4fc4-8d9b-9e288e86b013,9.689473284468664e-16,0.002040180247326288,0.056,0.036,0.0,0.103249097472924,0.04,0
540a90d6-e009-45cc-8c25-94ed92f527bc,0.010980801496029334,0.032784116052714765,0.224,0.08,1.0,0.7691281138790024,0.12,0
c6b39dba-349e-40fc-8f1b-b4ffe50dd5da,0.6926944576240448,0.9042676199135536,0.624,0.48363999999999996,1.0,0.7620096959012786,0.3,0
eb669581-7a39-4d4b-8c41-bb4e829b8026,0.06364739305689056,0.5760097273855864,0.388,0.156,1.0,0.7206591244466356,0.22,0
ff49fd1a-da0d-4715-9b6d-c621926c8ada,6.764462574539694e-06,0.005781038185564144,0.164,0.112,1.0,0.0,0.12,0
41b43a7d-1c43-482e-a7ba-f0922b2a618b,0.5661957288218123,0.01309182199335405,0.144,0.076,1.0,0.3973799126637543,0.1,0
dc85fcad-7b8d-4815-8fc6-cbe69f6f01f7,2.64001722534883e-09,0.026293771382536763,0.188,0.1,0.0,0.13247374441093848,0.12,0
10ff76bf-c2d2-483e-a834-09815f3a08a8,0.10360393806578883,0.013626461661298715,0.176,0.144,1.0,0.0,0.14,1
a0b6ac63-9639-41a0-b3f8-b01dc1bbf372,0.9994894514547884,0.0034237934730794242,0.144,0.092,0.8519035481980032,0.20177383592017717,0.2,0
b66c8151-d8b3-4dbf-9751-9b9ccbc173e3,0.6785021063087441,0.009840363269640634,0.168,0.084,1.0,0.7663157894736834,0.2,0
fbfba500-1df4-457f-b22c-318cebae1eaa,0.0036677536816349526,0.009035305448528567,0.228,0.112,1.0,0.7620096959012786,0.22,0
f3611451-ef02-45d7-aa6b-751b2aa0ffb5,0.6555792853894445,0.006429845540984037,0.11342857142857143,0.06,1.0,0.11805209060971962,0.08,0
54fc2f2b-a794-4cf8-9fd3-cda5896e0470,0.011516295597139887,0.056502096205811016,0.2,0.116,3.756459406979599e-189,0.7206591244466356,0.14,0
a9dcee03-4318-441f-a559-febd57fb81d9,0.5464375963071485,0.6615460395356499,0.484,0.32,1.0,0.8530038346825718,0.24,0
48cfd629-ed75-4111-91d4-35df7d07e475,0.0007448440339547182,0.0015583901098667925,0.17633766233766232,0.06925423728813558,1.0,0.5687499999999998,0.04,0
053cf9cd-262d-4fce-b65d-60ee59d7fc13,8.946861234057399e-08,0.17388459005976728,0.26,0.14,0.0,0.5762434889183949,0.18,0
6ef85c61-81c9-42ad-b3b8-cecaaf1df39e,0.17160128639909134,0.024427885162519102,0.22,0.1,1.0,0.7206591244466356,0.14,0
5dadd66f-d922-4299-ac74-968d56ebf401,9.414846706728647e-07,0.00686530006853951,0.16,0.12,0.0,0.0,0.18,0
964de12e-8c29-4b44-b1d5-5d65ebdf3aad,0.00022301310507202683,0.07748560074767444,0.244,0.14,0.0,0.5762434889183949,0.26,0
f60a8c59-a9bc-49b5-8fb5-d17bbcee32dd,1.5678720311179516e-05,0.0032078712227594356,0.084,0.056,1.0,0.11805209060971962,0.1,0
ca5c44cf-15a6-435b-8c18-ff5ffe2bdfc5,5.5820397346368086e-05,0.0012961792868544757,0.056,0.024,5.334896979718206e-103,0.5290697674418602,0.04,0
ebd1b0d8-62cc-466f-8808-df721e5de248,6.540911841534603e-05,0.003110517685852004,0.156,0.068,1.0,0.0,0.02,0
69fa14b5-dbef-4c76-8c74-0329f58e82aa,0.0001804001270286074,0.006131912200133163,0.108,0.072,1.0,0.29979726305119253,0.06,0
f4fc16d0-151b-4b3e-af53-559a9abd6f52,0.009889641966573178,0.027424824968485098,0.3,0.224,1.0,0.7206591244466356,0.22,1
fc509376-eddd-4daa-bf1c-55ccbd2b10ca,8.64119879031089e-07,0.045019833550871705,0.276,0.132,0.0,0.0,0.3,0
0628fcc7-0c0d-4025-aa29-9f0c3e933f63,0.983108797110417,0.0010761736930168624,0.108,0.052,1.419433009447778e-73,0.0,0.08,0
9c2da82a-2d70-4583-a7b4-cb772663ae12,0.004992905963402362,0.013566099907043952,0.14,0.116,1.0,0.3973799126637543,0.14,0
ee31aaca-2873-4015-a7c4-50783a772205,3.0684210983831315e-07,0.0032548137659415416,0.056,0.036,1.0,0.103249097472924,0.06,0
12ad213a-a3ae-4550-8aa3-91ddf444fb28,0.5382289715941664,0.030669211859431212,0.32,0.164,1.0,0.7682566483748448,0.3,0
d465fea3-bddc-4075-9b28-8018de0430dc,0.44563539624879944,0.006903012476956269,0.172,0.108,1.0,0.11220715166461197,0.16,0
50c85f47-b64e-45af-aee0-f3d3341a0eda,0.1578396025453607,0.0763047632638691,0.232,0.14,1.0,0.11220715166461197,0.04,0
7801b5d6-989e-42b7-bb1c-f3c458204fa1,2.1877501695751432e-08,0.15292157363170764,0.288,0.104,2.8240414255191317e-84,0.7620096959012786,0.14,0
01de78a5-3c21-48b2-8e2b-b9cae018b1c9,0.04590851160430365,0.004887121830195536,0.172,0.088,1.0,0.0,0.12,0
d5baaa71-3f21-4d90-86a9-a6c5bf4fb4ae,1.3595639263116977e-10,0.0024290800403124944,0.108,0.032,0.0,0.3973799126637543,0.02,0
bdeb47f7-6831-4458-90f8-1e1dbd49eb18,0.00782524736221672,0.01326019971230529,0.152,0.076,5.78297867214356e-110,0.13247374441093848,0.1,0
de4e5e1c-1878-41d6-a3d2-7f012099e71a,0.8691790597170759,0.1620486499538315,0.2633333333333333,0.116,1.0,0.5762434889183949,0.28,0
2e0f7fb3-b174-4ffb-a648-9a9ede29183d,0.00012010059983831966,0.03481039428566404,0.124,0.044,0.0,0.7206591244466356,0.08,0
e923efa3-6f3c-40d7-b32e-2a19b97a560c,0.004274090191475928,0.07629930451861969,0.272,0.148,1.0,0.103249097472924,0.22,0
14728666-4f2c-4ed5-a63a-0f634c9424a4,0.01815200906140328,0.006409218695853655,0.144,0.048,1.0,0.08708133971291877,0.1,0
f6a980a6-4e08-49a1-859b-3b4c45de4dde,0.0013692041291269979,0.33951393782296496,0.348,0.236,1.0,0.30536912751677847,0.24,0
93cb785d-b5aa-4183-b4a9-6d33d3c5875c,0.00044501736681123305,0.025377418974540652,0.2,0.084,0.0,0.6667952178943308,0.12,0
50ad5816-08c0-46f1-81ab-46493a1d4760,8.643741827693171e-06,0.0026403791033186596,0.084,0.08,1.0,0.11805209060971962,0.12,0
2bcf92f7-c32f-4a42-98c0-0e4d4fdece16,0.010964325317443442,0.02973134974989018,0.18,0.06,1.0,0.13247374441093848,0.12,0
e8db7315-5cc6-4553-a9b0-0ebec5d2cf18,0.004855117001684179,0.17356590307841258,0.136,0.076,0.43005205790952605,0.11805209060971962,0.08,0
7aca22b2-4662-4411-bd78-40a9fccd091e,0.999052657479706,0.9263786703027795,0.608,0.436,1.0,0.8530038346825718,0.32,1
a171f807-f6d7-479f-a838-3ba76f1c52f1,0.32722963679764777,0.06621430206282537,0.256,0.112,1.0,0.7206591244466356,0.1,0
f243a2e2-c970-402f-9e35-f56367842c5d,0.0022893522788994063,0.0003797277786627969,0.068,0.028,1.0,0.7206591244466356,0.08,0
f560c152-a9dc-4e60-a96e-fa9030e79f40,0.010298661454861574,0.3248249313500103,0.44,0.276,0.0,0.7206591244466356,0.26,0
eeb5ca3a-31fc-49fc-bb3d-2daef846c32d,4.9109178561119396e-05,0.0014690923709109102,0.112,0.084,0.0,0.5290697674418602,0.08,0
8bbf134a-a0c4-4fbc-9b65-988984613add,1.7200329951340726e-05,0.0005206759225140857,0.048,0.032,6.829035729222499e-72,0.34732824427480924,0.02,0
1701ab36-c5e6-4272-bf26-37eed78ac849,7.078463470475107e-08,0.001350890851680923,0.1,0.036,1.0,0.3473282442748092,0.06,0
066e6754-2856-4ab2-bde0-42b489c5ca5e,0.14199645439215094,0.007869890832407649,0.212,0.092,1.0,0.7878787878787872,0.08,0
57339194-20cd-447c-9a4a-4cd9201b8249,1.4494074112379113e-11,0.030567854641162774,0.136,0.06,1.2256439779170303e-261,0.7878787878787872,0.08,0
0207cb58-8e33-40e2-8255-7b6dccd7a859,7.073253411501139e-11,0.0008102028511237765,0.156,0.04,0.0,0.11805209060971962,0.08,0
5b8a1b86-37e4-4a18-ab33-2d6174aaf822,0.9948756000930093,0.916306503296319,0.468,0.344,1.0,0.7206591244466356,0.2,0
33da55dc-9daa-4e53-8141-e164e927ba52,0.004842300345119017,0.005808704699705438,0.116,0.032,9.508396691668539e-17,0.0,0.02,0
f464c841-5b5b-446d-bffd-9654ab105f69,0.19734188359568972,0.04339055365015044,0.196,0.096,1.0,0.5762434889183949,0.12,0
679acb06-d5d6-471f-bd8f-b77ef3d31053,3.019922502653722e-11,0.01368346681123508,0.104,0.072,0.0,0.103249097472924,0.08,0
95fb44a1-0f74-480a-b207-0fce648ca9c0,0.0046507817859094865,0.040538830871890634,0.168,0.092,1.0,0.0,0.16,0
16dccda7-b408-4414-9a55-f1804d0e35cf,0.006778801301845379,0.0005861124649607688,0.104,0.06,1.0,0.34732824427480924,0.08,0
14f6ed20-3f0f-4ce9-8e6d-c84cc32c7640,0.9992070534574492,0.015039790575686638,0.108,0.064,1.0,0.5762434889183949,0.14,0
a9ca14be-8c1d-4576-925f-93589209d648,0.9906370056868617,0.26201992433590227,0.56,0.368,1.0,0.7238636363636366,0.32,0
b871555d-04af-477e-aa83-a557d6bbc7b7,0.9985050042214092,0.05848102112346654,0.264,0.152,1.0,0.29979726305119253,0.14,0
7c252fa4-eb38-442a-93fa-61141519bf11,0.3674186963210871,0.015502066346390612,0.204,0.08,1.0,0.13247374441093848,0.16,0
88920ec1-f495-4cef-a6f7-9b497fb40e6c,0.41365218420626226,0.04339783360259067,0.308,0.196,1.0,0.0,0.2,0
de83ea8a-feb2-433d-80e1-5d0fe37463ac,0.0035790476024262535,0.001129035211649467,0.084,0.028,1.687336616598933e-259,0.0,0.04,0
104e2504-a0b3-4d77-bb77-ee001951646c,0.08774826174584628,0.12920556638981207,0.332,0.148,0.0,0.7682566483748448,0.2,0
a37f6a2c-2db7-47d5-bf18-4af512b62c09,1.73921715535532e-10,0.0007481410388095304,0.076,0.04,1.0,0.13247374441093848,0.04,0
894c426f-5e25-4283-908e-9516416fbc70,0.9688879814508015,0.71933052121944,0.552,0.408,1.0,0.7626737530662306,0.26,0
07f8abc4-8d03-47dd-9b23-39a7e8b94ac1,1.1153588123355026e-08,0.00155139591620898,0.124,0.068,1.0,0.754739336492891,0.12,0
561445fd-4bcb-45c6-be38-10e2a51002d6,0.005899497749354463,0.035421247881235136,0.236,0.112,1.0,0.13247374441093848,0.14,0
23477173-0f51-47f5-b0e7-946bb35b67a5,0.019286546176827686,0.0013049066068249874,0.108,0.06,1.0,0.0,0.06,0
9cbbc7fa-66be-4b3e-a9c9-7a9cfb32f575,0.7494944064703103,0.00020895942878210286,0.1,0.028,1.0,0.7206591244466356,0.06,0
489d03ed-32b5-4f03-a71f-41cb730a65d3,0.01606693311607905,0.005751021309875672,0.12,0.052,1.0,0.29979726305119253,0.08,0
17954688-dd11-4c51-9f02-a6dd976357f3,0.7404882923018432,0.012780580863576998,0.092,0.048,1.0,0.11805209060971962,0.06,0
c56a97f8-4ea0-4a22-8d5a-972a93e036d4,1.1335632327717699e-08,0.00042987417293851145,0.104,0.032,0.0,0.103249097472924,0.02,0
1f7c7d60-f08b-4e4f-9dd7-55ce028eb380,3.671363725705996e-05,0.0022708599545762384,0.112,0.052,1.0,0.7206591244466356,0.04,0
3aa11b2e-7676-4827-bbb9-3d3d37dc154a,0.008015976084435888,0.0015344064490826629,0.016,0.0,1.0,0.13247374441093848,0.02,0
c5719993-0410-4b89-b9f9-0b692a0d1633,9.226368756930517e-06,0.0013246605919053456,0.06,0.012,8.148313196395384e-64,0.11805209060971962,0.02,0
168eaa51-ee2f-47ac-a37c-6ec4f4904959,9.026939082158679e-06,0.0012816925310668705,0.1,0.072,0.0,0.103249097472924,0.06,0
e38e8935-f612-45e0-9ec4-c6efe1d87d90,5.6099845616632726e-05,0.03916749859507617,0.228,0.076,1.0,0.7626737530662306,0.12,1
a757431d-2c45-437e-8b03-c024227e528d,0.007512844452645813,0.0014660051545725102,0.048,0.024,1.0,0.103249097472924,0.06,0
6577e64f-29c1-4246-b70b-56a61935dae6,0.008271283004473433,0.033931673514650595,0.128,0.064,1.0,0.6667952178943308,0.1,0
bd49a5bd-1463-41ce-a1f5-4c6ef1589609,0.0003849603664786322,0.02288916860032345,0.124,0.064,1.103372365572538e-68,0.0,0.06,0
434645e7-94c2-4978-8515-55f60885829a,6.001700605511571e-10,0.001267037946043557,0.136,0.068,0.0,0.13247374441093848,0.08,0
513ba7d2-b7ff-4a28-830e-03b0c774b7b0,0.6327060183754193,0.03691339397628727,0.228,0.076,1.0,0.11805209060971962,0.24,0
3ff7a96a-4c4e-4e3d-bbec-87c5b34617b0,0.00012942662134022195,0.0008543589721673743,0.112,0.048,1.1356088384343288e-149,0.34732824427480924,0.06,0
11877df6-3056-498b-b884-e45496d7c67d,0.00014224698928186404,0.025584442709157034,0.152,0.088,1.0,0.7206591244466356,0.12,0
20706cdc-7728-4d97-95ae-92ba27be862c,0.0004140464125276268,0.011131253577381617,0.176,0.072,1.0,0.0,0.16,0
ffa7308b-5ef7-4b74-9ff2-105ee9cff7da,0.00016070367276154027,0.004210920684638083,0.124,0.036,0.0,0.3973799126637543,0.06,0
0bad10bf-4b24-4265-8961-6d2ea6008f30,0.9887780888125891,0.04883681989192235,0.12,0.064,1.0,0.7206591244466356,0.14,0
2ae5d6d7-a535-4ab5-a187-e3a50c40f543,3.2761586782125056e-06,0.003242430768806374,0.144,0.056,0.0,0.0,0.04,0
6d65f0ab-d444-499e-a487-0df5049ec253,0.005773650050278909,0.00806823403302652,0.156,0.076,1.0,0.5762434889183949,0.06,0
63e89061-02b8-4760-b9cb-3cacf377f397,3.773145522155582e-07,0.0004323127560990908,0.16,0.044,1.0,0.0,0.1,0
579b2378-d99d-461a-96b9-bbe1871a56c1,4.466440780591888e-09,0.0024240655239958814,0.096,0.032,3.979453140513799e-18,0.13247374441093848,0.06,0
3b2b9bc8-afbc-4134-b3b4-f3fe1b61c293,0.01821578824347747,0.09947573742849271,0.196,0.096,1.0,0.7682566483748448,0.18,0
a8575935-cb73-451e-837f-0ee7322886c0,2.5286081560011776e-06,0.03075106782413178,0.16,0.1,0.0,0.7238636363636366,0.14,0
450f6934-728b-453c-b86e-04940878c7c5,0.9972513822465108,0.15624561021921593,0.396,0.236,1.0,0.11805209060971962,0.22,0
6688aad9-7acf-43a9-9334-5dac82d5a7cf,0.00012889461177690293,0.005099003217911916,0.216,0.088,1.0,0.30536912751677847,0.12,0
3f8cda1e-3ffc-43c3-8651-4175b31d14c7,0.00022178160172351923,0.07570281203380082,0.184,0.108,1.0,0.5290697674418604,0.12,0
a489f447-ae78-4b8b-aa34-dec6998dcfa4,0.0006756099548416108,0.003068721707080324,0.04,0.008,0.9999999998024123,0.103249097472924,0.06,0
1877f028-b208-4cf9-baf9-32cf15a01f17,7.237574058636538e-05,0.17245614383563956,0.244,0.14,6.129023095970263e-12,0.7682566483748448,0.24,0
e8705d09-cb2a-450b-b956-e62d0db31db9,6.035941536653211e-08,0.004528256782064138,0.076,0.036,0.0,0.13247374441093848,0.06,0
df337f9e-d724-47e5-b1bd-6c001f6c1556,5.1394927046154875e-06,0.008682284906490876,0.2,0.084,1.0,0.11805209060971962,0.16,0
7ffa6915-4992-43dd-843b-ef3c5e256799,0.859852531004064,0.0034350751249756584,0.2,0.12,1.0,0.0,0.14,1
742bf2ba-2230-41b5-97f1-aa197f495f88,1.3087102321044236e-05,0.021014353427045374,0.14,0.08,0.0,0.5762434889183949,0.14,0
d427a587-ffa0-4e14-925a-08592f1bc246,0.08700375782472038,0.010680446228122387,0.1796904761904762,0.07128,1.0,0.29979726305119253,0.14,0
eabc185b-be0c-410c-8025-1cc94b252927,3.673448626201154e-09,0.0009384103750637038,0.116,0.044,1.0,0.11805209060971962,0.08,0
4d283571-2d8f-4e7d-a5fe-8e8f317ad015,0.016718518917209928,0.09255214927316163,0.252,0.216,1.0,0.8251295336787562,0.2,1
7a7b222e-6877-4144-9f39-7f354acd269c,0.9361921637475704,0.052077467477258506,0.272,0.116,1.0,0.0,0.14,0
a8632ee4-4b0b-4a97-b8f0-356393783ea4,0.0024683190150932848,0.04863653179436705,0.14,0.076,1.2246946183360995e-18,0.8530038346825718,0.1,0
20a8237d-ef0a-4ce6-9988-88226a95e724,0.00018762383397021853,0.010255356800864647,0.168,0.112,0.0,0.7206591244466356,0.18,1
9cb55ed7-1e72-4303-8081-8d038ff712ce,7.678850170433377e-10,0.01995112441191788,0.156,0.04,0.0,0.5762434889183949,0.12,0
0338696b-0737-419c-9b87-cef706f7b08c,0.0037338724913711825,0.007197544341014048,0.108,0.028,0.0,0.6603773584905661,0.06,0
92a64b38-4af6-40d7-b2cf-ab817e1b95f7,0.003025238183138003,0.001851044233463334,0.108,0.06,1.0,0.13247374441093848,0.06,0
ec14838a-a86d-4e5d-bb53-b0a7df0181f9,0.01307948184052827,0.05268626503109576,0.316,0.12,1.0,0.0,0.22,0
30882686-edb7-41b1-952e-68d7e0919c51,0.007015710619044625,0.0030387259128522967,0.076,0.04,2.2917392102954375e-05,0.5687499999999998,0.08,0
a5132900-319b-4977-8ea9-84596262514f,0.013049351286059723,0.014034289506851823,0.204,0.12,1.0,0.7206591244466356,0.18,1
67879ee1-d58e-4509-a4fe-5e7f60594c51,0.09816352044607708,0.00846465880072647,0.15885714285714286,0.096,1.0,0.5174654752233955,0.1,0
fc44e82a-0af3-42c2-83b2-4abe283b7946,4.875496644121141e-07,0.004457110906233432,0.104,0.04,1.0,0.13247374441093848,0.02,0
469f271d-087d-42bb-89dd-972e55102fc9,4.126666789727202e-05,0.0009947299223234123,0.064,0.04,0.0,0.103249097472924,0.1,0
9ae6874a-b747-4288-8f6c-8ae33ae5990a,4.1840771798327314e-06,0.14000690001058197,0.268,0.16,1.0,0.0,0.16,1
76062c06-6863-4659-bbfe-c6092c659647,0.22796679753543983,0.005544811086446882,0.015241758241758243,0.0,1.0,0.5687499999999998,0.04,0
9d378474-518c-48de-8540-9d75263f6598,3.942129104604729e-12,0.011084103964391039,0.06,0.016,0.0,0.11805209060971962,0.02,0
ac0b44f7-b528-4fa0-8ee9-6990249a8fdd,0.0986930269875014,0.014392128105656947,0.184,0.088,1.0,0.0,0.08,1
84ebf95a-8f7c-4ff0-9274-19cd9e08d8e4,1.4423587391906287e-09,0.01290432557960226,0.116,0.084,0.0,0.13247374441093848,0.16,0
8b63c68b-c805-4003-9c9f-6ddab0b7ade8,0.07023336306948039,0.0054552194630483,0.22,0.108,1.0,0.7206591244466356,0.2,0
786c36d5-6374-4f65-9390-b56ff9d02f4d,0.3673623203463295,0.009044097611311218,0.216,0.108,1.0,0.7682566483748448,0.16,0
05b7fcb6-e725-4074-95e9-5a6087a511a8,0.9998280894218761,0.014946669385418594,0.12,0.104,1.0,0.7620096959012786,0.14,1
a8aa7649-c0ce-4d6c-8d26-a8af44423893,0.007367772842295587,0.44952733233618863,0.436,0.176,1.0,0.7206591244466356,0.22,0
8f0c8914-0c75-4920-b77c-4e34474ad35e,8.208301703170002e-06,0.00028036984503478215,0.056,0.036,1.5241303489185935e-223,0.0,0.02,0
afb53bc5-13bb-4963-aef6-25631caa33e5,0.0001613238220798259,0.010728994356733206,0.18,0.092,6.88974189958074e-169,0.37295081967213084,0.1,0
c8c2fa31-9887-44da-ae69-24d27e685d5b,0.9999906644399682,0.04116341679155366,0.216,0.12,1.0,0.0,0.2,0
04581bea-a127-4564-accc-90160b4c2c96,1.6225251159239604e-09,0.0008101130548663226,0.148,0.076,0.0,0.11805209060971962,0.06,0
056e9e0a-246c-40ce-9817-48da7677cc02,0.9999990968019616,0.01606617617883985,0.1364,0.04308474576271186,1.0,0.8251295336787562,0.06,0
597e1c5d-0fc1-4d36-b192-17b7b4e7fc44,0.13806774454263365,0.05072926166661938,0.116,0.06,1.0,0.103249097472924,0.18,0
a511a3ce-08bf-44e3-96f7-51475434ff19,0.15265632210278948,0.004713115766408975,0.18,0.08,1.0,0.7206591244466356,0.14,0
1ab67494-ef4e-43dd-bf8d-211d32a3802e,4.6187099825877746e-09,0.3242763785056376,0.248,0.204,0.0,0.37295081967213084,0.2,0
bf799c64-4c36-4ec4-aa1f-4e166c55d7eb,2.395219128845731e-06,0.027624768738743373,0.196,0.088,4.574696061870208e-22,0.0,0.06,0
e1fefd92-cd4a-4b9b-9e32-32e9d6c9c4ba,0.010939000412028775,0.00561617918565484,0.288,0.096,0.0,0.29979726305119253,0.16,0
e925ddbf-353f-4a47-887b-df5d791e137d,0.0003695660532101582,0.05915082247515533,0.14666666666666667,0.09908474576271187,0.0,0.8251295336787562,0.04,0
ea8c1b01-60c8-4393-b506-05d305f69569,0.008571496979592082,0.023253760665726254,0.132,0.08,0.0,0.103249097472924,0.14,0
48ed2287-69ba-4b06-8ba8-a8480935812c,2.4420785627076445e-07,0.0031926085623001205,0.148,0.076,0.0,0.7206591244466356,0.1,0
57a9b0e6-19a5-4703-978d-41894cae514b,0.13124115823604685,0.0011945941255418007,0.164,0.08,1.0,0.13247374441093848,0.08,0
08f1cbc7-9a4d-4683-89dc-97a4339ef96e,0.021768656535715573,0.08574874139808501,0.32,0.216,1.0,0.7691281138790024,0.18,0
5332e4ca-b2a2-4732-913f-822d6dbac824,0.00013071002161328825,0.08775705373359426,0.372,0.176,0.0,0.3973799126637543,0.12,1
660e1138-fbbd-44da-ab62-2fa2ffcbb9d2,0.02048732285361541,0.0007201742933528147,0.144,0.064,4.345912833148679e-124,0.5174654752233955,0.08,0
15b723fa-299c-4ab8-b91f-df4c3a6104a0,0.033265744698439556,0.03480496132433121,0.156,0.08,1.0,0.29979726305119253,0.16,0
e8c94c05-fd79-476d-ab0b-94ca5c134bb7,0.00028331355768762665,0.029432467623762226,0.22,0.1,1.0,0.7682566483748448,0.12,0
26fdfb38-8cdc-44ed-b11c-d19b8c729579,0.00011118593705150391,0.16367636630939517,0.456,0.22,0.0,0.29979726305119253,0.32,0
ec1ced37-463f-4a36-929e-9fc23dc24775,5.76950472093347e-07,0.007253830306401201,0.152,0.044,0.0,0.103249097472924,0.04,0
860b1daa-96d9-401e-a2d1-ffcf6d199a71,6.450834227909709e-05,0.0002997264982231786,0.068,0.004,0.0,0.103249097472924,0.02,0
35a40900-37cf-4601-88dd-bfe969266b56,7.205471076763398e-05,0.0021631800639870832,0.04,0.008,7.523803956082801e-90,0.103249097472924,0.04,0
7947d5ca-3aee-44c5-9a21-c10343dc78ef,0.2052351264788283,0.08834869869668706,0.192,0.092,8.132841566775378e-158,0.0,0.14,0
811f0a21-c68f-4028-a8d0-bb40b53b1a9e,0.021213686628548126,0.02635215641914022,0.26,0.096,1.0,0.7620096959012786,0.26,1
16f12c61-9dac-43e8-aa79-66b884e48227,4.338079725897004e-11,0.00584177596709475,0.1,0.092,0.0,0.11805209060971962,0.14,0
e49bc40d-89f0-4654-acbc-714dcda932a8,0.0017745378543825414,0.015066637983627689,0.104,0.072,0.0,0.8251295336787562,0.1,0
34a455b3-793c-4ace-84a0-048242d21954,3.5942761297624975e-09,0.006877546317758085,0.164,0.06,0.0,0.5762434889183949,0.1,0
07e4bcf5-a046-4a7f-a829-1b218ff073e8,0.39999106060979833,0.04024838035738342,0.364,0.156,1.0,0.0,0.24,0
f76edf1b-aeee-487f-9495-bf74ac331033,1.0629341212966464e-13,0.0010777795990843562,0.024,0.024,4.343844380119868e-52,0.103249097472924,0.04,0
b678a023-4d11-4a1a-9047-c4805eaff30e,0.9959550483756677,0.00420314580237348,0.116,0.05908474576271186,1.0,0.0,0.06,0
9f637340-afdc-47b3-a317-0beba1427e26,0.933843665667677,0.0392020169310363,0.244,0.124,1.0,0.7206591244466356,0.14,0
48e3a752-7d62-41c3-b6a6-a7e5d060e7a6,0.9999978474119773,0.19467975422338715,0.264,0.172,0.9999998994637787,0.7206591244466356,0.14,0
247c8424-b800-4a8c-8931-62a01b7a39ea,0.9912110006197444,0.09948417904625206,0.192,0.108,1.0,0.29979726305119253,0.1,0
1b302cfd-e1ff-45cf-8539-cd4be4d0bc7d,1.6464533010785655e-07,0.001290063997414285,0.06,0.032,0.0,0.13247374441093848,0.0,0
82a6f99f-84e6-481e-a51a-53a524df1792,0.8207134440245264,0.02100981046111047,0.228,0.124,1.0,0.0,0.26,0
ee776bf1-9cf7-4ad9-abf3-a33bdb44b2fe,0.02687614095314975,0.06881791111079438,0.264,0.14,1.0,0.13247374441093848,0.22,0
1b79fb4b-08fb-407e-be2d-047479a3152b,0.4965162305289795,0.013002683843153695,0.232,0.084,1.0,0.7206591244466356,0.12,0
a516a5de-d6bc-4230-ac3c-aa6604e781d0,8.263716680560373e-11,0.021977375814698684,0.084,0.04,0.0,0.0,0.02,0
aaa61a6c-c121-4865-8367-d92732e054be,0.016096977653753848,0.0575715609696578,0.236,0.104,1.0,0.11220715166461197,0.2,0
c59bf6dd-552b-4a7a-ba07-710ff0544f69,0.09983345533612062,0.01008839892774734,0.18,0.136,1.0,0.3973799126637543,0.16,0
e3625b90-26e1-4c53-b4e8-fe3aba100762,0.00013847572840472731,0.056787704395527,0.188,0.092,1.0,0.7206591244466356,0.06,0
8642942a-7059-4229-8874-f50ab0e0db41,0.01838248932022236,0.025694366210666876,0.276,0.184,1.0,0.11805209060971962,0.18,0
3750bab0-3881-4003-81a5-58a257c741d5,0.0021259584891724125,0.018454270020039156,0.056,0.016,1.0,0.7206591244466356,0.04,0
7692487d-98b7-410d-8526-e3bee97373de,1.0245903800180752e-05,0.0021388939113999817,0.136,0.092,1.0,0.11805209060971962,0.06,0
042b3559-81e1-48a7-b245-160c474d86de,0.011271556969227043,0.0022993568631786256,0.104,0.04,1.0,0.0,0.08,0
00f213e0-aa78-405f-917c-a8ea24a655ba,4.91572186567012e-06,0.008672876095587086,0.10355555555555555,0.068,0.0,0.11805209060971962,0.1,0
8f4c09c7-8367-42be-900c-795adb4f839f,1.767543222830664e-09,0.1414966962324853,0.304,0.108,3.679678328632532e-297,0.7620096959012786,0.16,0
58b621aa-8aae-4e0f-8cbc-009241170bf5,5.005685990236569e-05,0.01028272902731846,0.08,0.06364,1.0,0.103249097472924,0.08,0
e0bfc170-6edc-4861-946f-aa2b19f0cc66,0.0017843121470302221,0.013753406853914931,0.224,0.08,1.0,0.103249097472924,0.16,0
e4a39533-6aba-40e9-9fc3-87d4fa9ffd29,1.2890963435312293e-08,0.0010415538351306163,0.072,0.044,1.3659194654887474e-43,0.7206591244466356,0.1,0
c3727216-a25f-4a7c-83bc-e8d1428ad36a,0.6568399369150454,0.014078791020186582,0.184,0.12,1.0,0.7626737530662306,0.16,0
509b5a48-83b6-431b-9a66-d2be5cd43126,8.755093125867605e-05,0.002924137380466599,0.108,0.048,0.0,0.0,0.08,0
bda33a6a-e392-4884-9d47-267d593c5f25,5.956046298769091e-05,0.0002986506660614787,0.076,0.048,1.0,0.11805209060971962,0.06,0
470e8520-aaf0-491a-8fec-7f98138c9380,0.003825426719574719,0.023213869732784203,0.172,0.068,0.9999999999988631,0.0,0.16,0
e96b886f-718a-4f7f-acb8-5b27d823c68a,1.2370186343041667e-08,0.0066927374940722924,0.1,0.052,1.0,0.3473282442748092,0.16,0
2321f56c-e2eb-4d34-b6a7-af8ce5e61125,0.03317206434511245,0.17988718961222105,0.384,0.184,1.0,0.858490566037736,0.18,0
ecf229d1-b556-4c47-985c-26d4b9c3cd05,2.1688040514960403e-12,0.0010586473600019243,0.048,0.02,0.0,0.0,0.0,0
e99d362c-0d99-4aa2-8f34-8221a7e0b0c9,0.1582889732765533,0.015078905577898283,0.192,0.112,1.0,0.7206591244466356,0.12,0
39a363ea-1656-404c-b9d0-da92a7ac6b0a,0.9222853357551809,0.7535731538305808,0.424,0.196,1.0,0.5762434889183949,0.32,0
ee5941a7-5be6-4e54-82cd-e62f97358d44,0.0001622651477130747,0.0080438381807857,0.148,0.072,1.6823324092589943e-109,0.11805209060971962,0.06,0
75030b44-0e0a-42ca-ac12-0398da9c1357,5.572065283397053e-05,0.01336151219861885,0.148,0.04,1.0,0.0,0.08,0
a19d2dde-b016-45ee-b21e-b9212a204bc9,0.06392053434584717,0.02197931234704897,0.096,0.1,1.139733504008708e-06,0.11805209060971962,0.02,0
43a09fa1-91a9-49e8-8936-936c33d3c8d8,1.5802607428981033e-07,0.001602907696690904,0.092,0.024,0.0,0.11805209060971962,0.14,0
33159ebb-97ff-43fe-a80e-31fdcf467065,1.1243551698292606e-05,0.0154811541340312,0.256,0.1,0.0,0.13247374441093848,0.14,1
08e1aa92-866f-4e4a-90db-b93c9f8f4edb,0.9960856803241324,0.24566129031292297,0.364,0.216,1.0,0.7626737530662306,0.32,0
2d2efe0e-4f3e-4a72-8b56-c24d8f425499,0.05506549707189694,0.005420913968273365,0.072,0.072,1.0,0.103249097472924,0.04,0
73bafa6e-6580-48a0-8198-75f9de930338,0.20667257714533252,0.013515046711888527,0.156,0.068,1.0,0.11805209060971962,0.12,0
05bde9d9-ff6f-4dc6-b64d-5e39d2dbd863,4.1846910804363595e-09,0.005258000843840965,0.144,0.028,0.0,0.103249097472924,0.04,0
c1bb0d81-f631-4d9e-9299-61bf7bd06f6b,0.0041252888277823205,0.02848249445816825,0.248,0.148,0.0,0.5762434889183949,0.14,1
cfe2160e-f9b8-4514-8e5d-ab0041d7416d,0.00939116252742391,0.008788382546133372,0.14,0.048,1.0,0.7878787878787872,0.04,0
4c28e721-a0b6-4b1c-9345-20565df0c247,0.004223366654104755,0.011757739510609039,0.164,0.076,1.0,0.0,0.14,0
69ab1dfc-b99e-42bd-9e21-3d6c9d48b7d4,1.0927093916988995e-13,0.000676578910648926,0.112,0.04,1.0,0.08708133971291877,0.1,0
6e4cf61f-4815-4d8c-9a5a-29fc49a1ecdc,5.643511081940189e-09,0.004567188635823688,0.06,0.06,0.0,0.11805209060971962,0.06,0
53cd7786-1f32-4a6d-84e1-30e24b8b9f08,0.0003195427191784416,0.0045784480445405775,0.124,0.06,1.0,0.103249097472924,0.08,0
7deb0e5d-982e-4dc1-a397-8ee3c72d32e8,0.061423490002861916,0.25671814448139263,0.376,0.16,1.0,0.8530038346825718,0.18,0
f771bb12-4e4c-4541-b5c6-3a837bf2c51b,3.701822767836988e-08,0.0020458229175999458,0.204,0.1,0.0,0.0,0.16,0
fc3305b4-1c5c-41b1-b2d5-7ef3122ec96a,0.0009033749081078716,0.0029387400090397065,0.12,0.028,1.0,0.7878787878787872,0.06,0
829d50b8-03cb-46ba-bbfa-f55e2bd27863,0.09376524956917429,0.0036149943043732717,0.132,0.08,1.0,0.5762434889183949,0.2,0
d4cf5a57-6adb-4de5-af20-9787e95b4d64,2.8504369804391647e-06,0.00653891045792666,0.08,0.068,1.0,0.7691281138790024,0.16,0
79c04302-ab52-4bc7-91f9-f5ed76c278a0,0.9884235504572451,0.07693839954758835,0.336,0.2,1.0,0.0,0.18,0
72e6ab89-fd30-40f3-a638-fdc56e4098d3,2.7152024916289698e-05,0.19768960107147504,0.268,0.096,3.5374328413750853e-146,0.8251295336787562,0.12,0
f0c63ab0-0c61-49ea-9008-5e059363b962,5.843118067786056e-18,0.0023682222114473233,0.076,0.036,0.0,0.0,0.08,0
61c9794f-9cdf-4689-b6ed-ff1ba2228da5,0.024148645147259274,0.013571981141492703,0.252,0.128,1.0,0.11220715166461197,0.14,0
1dcf4c10-b5bc-4573-88cf-59317dcebffc,0.0005301502069277145,0.04772757964090097,0.22,0.116,1.0,0.8251295336787562,0.12,0
924488cf-0bba-42c6-be2e-754d22eb015d,0.8358431945351928,0.02524268542066319,0.308,0.196,1.0,0.0,0.16,0
cd7411be-508d-40c1-8378-f326c18f0401,3.5111973057679296e-05,0.0027107578558476565,0.08,0.052,0.0,0.6667952178943308,0.04,0
3e360f40-62aa-4163-a049-5b8db00fe186,0.3755117669985025,0.19573127835717977,0.244,0.132,1.0,0.29979726305119253,0.22,0
9a390061-bc96-4e34-b26f-5ffa263b37bb,2.0111942224873966e-06,0.004034728511636994,0.124,0.04,6.747168174219373e-82,0.0,0.02,0
0786e68b-d8b2-4bbe-a61d-5d0d771a23b5,0.0001748797762631683,0.051745148070953075,0.208,0.104,5.699128418639505e-76,0.0,0.08,0
42f0fd77-2af0-4acb-b0ce-7f657f09ad8c,0.0002203174368101151,0.09989863361964178,0.256,0.124,1.0,0.34732824427480924,0.2,1
902744b5-b3de-4673-a2bb-966cdc092677,5.939417693134838e-06,0.0044546024049992574,0.072,0.052,1.0,0.103249097472924,0.06,0
e934c113-38b0-4740-9d4f-3316bfe8cfe4,0.980312430405725,0.14288736862786844,0.38,0.236,1.0,0.7206591244466356,0.22,1
01c444fa-13d6-4364-8ada-b8eaea5e87e7,0.04739455668626852,0.08452146896975876,0.304,0.144,2.8230031195415893e-24,0.7682566483748448,0.26,0
4f776f87-4ea8-4471-b7f5-476b51f205b7,8.737620468801925e-05,0.0053970423416400785,0.064,0.036,0.0,0.103249097472924,0.06,0
51733171-a1ae-4129-abba-30b4316dde98,0.0028477233456196925,0.010730781735759152,0.124,0.064,1.0,0.0,0.04,0
b587e385-a8de-441e-82eb-0b9c00a616ef,0.9299074680457712,0.3639664355934349,0.28,0.144,1.0,0.7620096959012786,0.22,0
4ca7b889-052c-449f-8422-5d452593c7eb,0.14905354605551951,0.044612324910023995,0.168,0.104,1.0,0.13247374441093848,0.06,0
a74eeccd-e398-4eb7-9d5c-3ddb8c11f632,0.04277966873091075,0.007232469060048944,0.148,0.076,1.0,0.13247374441093848,0.1,0
360311c8-9ba1-4e3f-a843-1c62cb3e2aa8,2.02806193376765e-06,0.08920614338966434,0.248,0.14,1.0,0.7682566483748448,0.12,0
d8d071b7-8d8d-400f-b625-e17d69bcf1eb,0.9997198576463417,0.006786007131704308,0.188,0.072,1.0,0.13247374441093848,0.12,0
5cee5ad1-f2f4-4e17-81b0-17286aaf4dd3,0.9998902270554768,0.7614275759199638,0.6,0.428,1.0,0.7682566483748448,0.34,1
18af1f09-909c-4500-ac7a-0c870c7a9725,0.0005818025906046063,0.012828285060263359,0.128,0.1,0.1046495478103179,0.6447368421052646,0.06,0
47737d31-5e79-4175-b7cc-dfd83bdce758,0.8153108826642672,0.2570631453551081,0.404,0.172,1.0,0.8530038346825718,0.24,0
237180b5-52c4-401a-a4ae-c7ac2562b670,0.9922235926714642,0.11232880207849545,0.28,0.104,1.0,0.3973799126637543,0.16,0
365a41d2-5b58-4332-bead-a4d66827e403,6.047016555016351e-05,0.006387055089082944,0.16,0.1,1.0,0.11220715166461197,0.08,0
380e974f-5a9b-4443-9d01-7e99c6bada59,0.5689675408941612,0.22383056267708734,0.412,0.268,1.0,0.6603773584905661,0.28,0
2c457f63-8c81-4099-bef2-54e7152cb58f,0.0016787444027272199,0.004447772493883067,0.084,0.032,1.0,0.13247374441093848,0.08,0
c286bf0c-c358-43d1-83bb-dddd409d0dcc,5.193515786155179e-07,0.001818149565239274,0.188,0.116,1.0,0.5762434889183949,0.18,0
e3744fed-12b8-4b07-933d-153d1a11f19a,0.00018615524396342587,0.02072204023268265,0.196,0.032,1.0,0.7626737530662306,0.14,0
2c714b50-ff44-4b98-a7f3-3abe0e7b9181,0.007857626179235806,0.005493946729008916,0.1,0.064,1.0,0.34732824427480924,0.06,0
74355bcf-fb86-424e-bf4b-1fef826deef7,1.3507138089134894e-06,0.008287848424772365,0.152,0.048,1.6029488403545315e-12,0.6447368421052646,0.06,0
5abcbc38-f5fe-418e-b48f-dad975b75df7,1.2058292168621535e-08,0.0008497921961412683,0.116,0.06,1.0,0.0,0.12,0
b8cb9834-0d7e-4bc0-b5a8-2bd97d34b16d,1.6552051338214912e-05,0.038148175963062844,0.264,0.156,0.0,0.5762434889183949,0.12,0
da488630-7941-461d-97b5-66419b5efb66,3.643124019115586e-14,0.0032965258940459586,0.128,0.08,0.0,0.7878787878787872,0.04,0
fe4c30c7-6799-4ce5-81b1-e0b8dec3d340,2.9294443852844762e-05,0.006387140208266417,0.088,0.016,1.2431840562071026e-95,0.13247374441093848,0.08,0
eee49c0c-1fa4-4ef8-9fe0-6300fb6671b5,0.0967372537017218,0.1423290049054851,0.372,0.17108474576271185,1.0,0.20177383592017717,0.16,1
13d589eb-75bf-4b65-bea5-138461092660,0.0006662420731159809,0.061405687962969566,0.352,0.156,0.9999999999997726,0.7682566483748448,0.18,0
df7d0609-9a42-4dda-816b-3fcd152ddf30,1.2119745531199974e-06,0.0008723683104138015,0.06,0.028,1.0,0.103249097472924,0.06,0
5670d9cf-bbe0-463e-898d-aad660f75cac,0.0035329581124326445,0.029712201106621768,0.168,0.08,1.0,0.13247374441093848,0.08,1
96cc903c-a491-4a84-88b8-c716117aee45,0.2961448011910249,0.42012991575653136,0.488,0.38,0.0,0.7682566483748448,0.34,0
947b07e1-33d4-444a-ab94-48db8e8f9824,0.007480742840017004,0.002981073674007478,0.128,0.072,1.0,0.0,0.22,0
96c8c08d-4484-4dab-ac0c-5ad6ce9c6c11,0.9453499556074039,0.265914909437716,0.372,0.188,1.0,0.103249097472924,0.28,0
900d2cd5-bb72-4770-b508-4ea51cba5c72,5.4629373584474545e-06,0.27227154787151225,0.244,0.16,1.0,0.0,0.14,0
d1e404c5-c017-466b-a2ce-3c5326391dee,0.7254287393831532,0.005042413927711478,0.14,0.084,1.0,0.103249097472924,0.14,0
5424792e-0356-4150-9703-a1227c4d6543,8.73275084319689e-09,0.005818967075764203,0.15385714285714286,0.09108474576271186,1.0,0.7626737530662306,0.06,0
5c9d25ed-7f7a-4c6b-9d03-fcf1ba966095,0.0004499369272391402,0.0011646642450462616,0.044,0.036,2.756152223640729e-226,0.11805209060971962,0.06,0
a04151eb-671d-4eab-a5e0-ee550d99d2a9,1.4695308752486048e-06,0.004505812509041849,0.08033333333333334,0.04,9.025022412841141e-21,0.11805209060971962,0.04,0
2e72d91c-840a-492b-97a4-c3a8a03b9e12,0.7430331279935298,0.013549344206508641,0.096,0.02,1.0,0.13247374441093848,0.06,0
b67e04ca-dfe6-4818-b97f-04456f439ca6,0.995261570820357,0.005014845207307039,0.104,0.056,1.0,0.34732824427480924,0.14,0
6a2dabda-3b2f-42ff-a254-8c11b9112256,0.7695425320019393,0.025606081757846337,0.276,0.104,1.0,0.7206591244466356,0.14,0
6ff012b5-7996-4283-8a1b-23ad5940f759,0.00017445922645045473,0.0043056434813519935,0.096,0.02,6.144784376553664e-18,0.0,0.06,0
35bff062-e027-46ba-9dce-98ebc230cf20,0.0034114018853528293,0.002155938108737204,0.028,0.0,1.0,0.0,0.06,0
834ab8db-9c20-4336-9b40-914174f831c7,4.505911998033965e-07,0.03811134466406437,0.28,0.072,1.0,0.0,0.12,0
8cf8aa93-6dc3-42a7-9053-1d93bb6b7dad,0.03522261489632307,0.0029124688199515603,0.16,0.124,1.0,0.103249097472924,0.24,0
bc574305-6729-44ab-92b1-fd49e5e4c08e,0.03756258540075051,0.0013436818190995135,0.112,0.06,1.0,0.5290697674418602,0.12,0
71973f78-6c6a-41af-970a-f0cd2b97d947,0.03550011048018344,0.0013905735603527822,0.068,0.024,1.0,0.0,0.0,0
c3ff59b3-3cb0-4312-b4fa-70f40ffca15a,7.463270909668903e-09,0.003023671048498324,0.1753333333333333,0.068,1.0,0.7238636363636366,0.06,0
5f0e18b2-6071-4a47-ad8d-acba03d563c6,1.5132065006807814e-06,0.0008744043602062453,0.136,0.028,1.0,0.13247374441093848,0.04,0
8653162d-5bc9-4a9e-bb76-a1a400119c70,0.02053780902417247,0.007116946526188919,0.132,0.056,0.9999999999998863,0.5762434889183949,0.06,0
56588347-b8f5-499d-b589-27b2059c4c8c,0.024725983971454292,0.02754329967049313,0.176,0.092,0.9999999746780762,0.7682566483748448,0.1,1
6cf2c8cf-a2a5-412a-a4fe-5723ce987d90,4.026644978168499e-14,0.0846889537673886,0.184,0.148,0.0,0.0,0.16,1
d72c88bc-692e-488d-8c93-104401cc6e10,0.019516467906456798,0.005178375909490709,0.2,0.072,1.0,0.0,0.06,0
8114beb9-cc96-4339-a475-d6261e935af9,0.0023036533394770924,0.0017322746832248528,0.112,0.048,0.0,0.5174654752233955,0.04,0
a4ec9b9c-b49a-498c-9e13-a500ab64ac78,0.20639236653858187,0.009159146921612566,0.12,0.04,1.0,0.103249097472924,0.02,0
f5bd5b03-f283-47b4-808d-44b6953bae67,2.437844957332061e-07,0.0014450304815342896,0.064,0.004,1.0,0.13247374441093848,0.02,0
fe983c67-d649-4279-ac21-89ce434bddf1,0.5495745539108344,0.03428559989926169,0.212,0.14,2.0666748227108753e-76,0.11220715166461197,0.22,0
9bb596dd-a319-4741-90ac-71f942453ced,0.07796617815756476,0.021733187381358546,0.22,0.104,1.0,0.0,0.14,0
911b90de-8151-4594-98e8-f78becb3c99a,0.6602153533385793,0.010696308180770685,0.272,0.096,1.0,0.7691281138790024,0.2,0
0d452f88-5fdb-43b5-b0c0-0aee70c91499,0.016710092618033332,0.12261899229021574,0.404,0.156,1.0,0.7206591244466356,0.22,1
730145d5-4c62-4253-a6f0-29b71e4fc81e,0.019225195078256485,0.023998492117956002,0.0432,0.03164,7.067821099264452e-40,0.103249097472924,0.06,0
900b1ff5-ec52-473a-b280-a7a983947da3,0.9912223390031751,0.14319871781640967,0.256,0.144,1.0,0.0,0.16,1
3c65daa5-6acd-4a72-910e-a20cb66c604b,0.06173621388032724,0.18184562382657216,0.18,0.144,1.0,0.7682566483748448,0.14,0
b073ee1a-56d2-431f-b962-94a2ffa175b4,1.3742985693148012e-06,0.014817825390226982,0.228,0.136,1.0,0.7682566483748448,0.16,0
88661662-f58c-47ab-9560-2a633098f6ef,0.0026432131708696493,0.001171097613803037,0.116,0.052,2.190369574192251e-27,0.7663157894736834,0.06,0
005b0113-f219-4f26-950c-134f81377553,0.0001267347232802439,0.0006410557177865226,0.084,0.036,1.0,0.29979726305119253,0.02,1
029ec1a1-c61f-459a-850a-91703d4d778f,1.0212429998804603e-10,0.0010871667534308464,0.096,0.04,1.0,0.7711864406779658,0.02,0
0af157fc-8bbe-4543-95a1-ffdd517ad63a,5.389738106524236e-08,0.004960851800949629,0.088,0.064,0.0,0.5762434889183949,0.04,0
dbf9d82b-6d75-4e9a-8853-8a778b80720e,0.06295564060805792,0.009424518191069764,0.308,0.168,0.0,0.11220715166461197,0.2,0
8dcc03f6-a423-4ace-a30d-dfb91c8fe146,3.099296686557598e-06,0.0012622895043565765,0.044,0.024,1.0,0.103249097472924,0.08,0
6f0f4e65-b279-44bd-8c41-a338957d139f,1.5303210776054565e-07,0.001499750452218712,0.056,0.028,0.30711123749678637,0.678092399403875,0.04,0
8263c891-4d57-4569-9435-54325f404e17,0.029755683035988176,0.01242276406730851,0.268,0.116,1.0,0.5762434889183949,0.12,0
163fbdeb-743f-428d-af2d-e87cad433c91,0.21569716616970766,0.02419882104824775,0.104,0.06,4.665873617830326e-136,0.7626737530662306,0.06,0
38222caa-066f-40a3-84d9-7df063bc6efb,3.689883784284348e-05,0.007189413041532133,0.144,0.08,0.0,0.0,0.16,0
4e1e2dd4-4064-4f60-b2a3-3a4fdefc2aae,0.8959671483424255,0.3307572074111497,0.428,0.224,1.0,0.7682566483748448,0.2,0
4a25334e-9255-4577-bd23-d3528b3c2a42,0.7629969977107265,0.08315955887148217,0.18,0.144,1.0,0.7682566483748448,0.2,0
1b1ad878-c0aa-4ed7-bbb0-e376fed2f6f2,3.0029260364338108e-05,0.019181209255393416,0.252,0.12,0.0,0.0,0.18,0
733e7d90-de23-4e6b-a1c1-fd1849ce42d4,0.120840410024145,0.07804835166407975,0.184,0.06,1.0,0.29979726305119253,0.18,0
0f0966ee-ad45-4692-ac52-0d2e7fde663d,5.708163950897871e-05,0.03901564246065974,0.324,0.14,0.0,0.29979726305119253,0.3,0
f545d18c-9d80-42ee-87a0-639eb67418de,0.0008321286407633628,0.005850004354585897,0.136,0.048,1.0,0.11805209060971962,0.12,0
23f7f6a4-0f43-46b7-b04a-d941ef6d45c3,0.01653873934482703,0.035471002915378254,0.216,0.056,1.5331593068390908e-98,0.7682566483748448,0.18,0
9586ef10-8597-4da7-bbe2-54e2a72351cf,0.004905996271872328,0.28837528795961437,0.32,0.184,0.9999974884335351,0.8530038346825718,0.12,0
19757c5f-24a7-48c8-b715-ad5edf2d4f32,0.0813780830513618,0.01177114118655616,0.148,0.056,2.6285345870557947e-29,0.3973799126637543,0.08,0
241994fc-7289-4125-a8e3-ce79f332909c,3.911232250217157e-05,0.0006362391289861138,0.096,0.092,1.0,0.11220715166461197,0.1,0
35ea888f-031e-4781-8d0b-9f356e6db7cd,0.00045093197295721524,0.0030767032691544015,0.068,0.02,1.0,0.103249097472924,0.0,0
4bc573f2-7185-4991-9d79-897fb2360176,2.02966149860377e-05,0.003164528203333723,0.104,0.024,0.0,0.103249097472924,0.06,0
80386a95-a1b8-4d76-9902-de9495bd8687,0.040647158420498646,0.11103329852403286,0.316,0.14,1.0,0.7206591244466356,0.18,0
4fd7864c-77f7-418a-af43-8a5a6cd67e9f,0.0007084016127336632,0.055342584571077665,0.184,0.07164,1.0,0.103249097472924,0.16,0
74e5b848-a8c5-4430-873d-86da75ae4446,1.5122704286851646e-05,0.0009781718383424863,0.072,0.052,0.0,0.103249097472924,0.08,0
c1fffe97-82da-45df-bab8-bfc7d7d69666,0.002218414959786457,0.013288996918200398,0.164,0.096,1.0,0.0,0.06,0
b34103b7-a170-4610-96e6-47703f531004,2.4539168572203234e-12,0.0012962146161237132,0.088,0.064,0.0,0.103249097472924,0.1,0
f1d34e92-4372-495d-a322-345dc86cf79a,9.236189120996557e-11,0.00016014070623982416,0.096,0.024,1.0,0.11805209060971962,0.06,0
4e850b21-bd6f-4f99-8b35-6ae5da6c5943,0.2599108123735173,0.013615477483044699,0.132,0.072,1.0,0.8251295336787562,0.1,0
098ccf64-4d4f-4555-8991-a794f6a6dd75,0.279439935414312,0.12515265822781574,0.25127272727272726,0.116,1.0,0.103249097472924,0.18,0
50c41a8f-aae9-4386-af77-2f16c6a1fa3a,0.9065470811988189,0.06985739254089134,0.284,0.132,1.0,0.7206591244466356,0.2,0
30d9770d-f57b-4332-b744-64bb49045af6,0.14769289929305995,0.06225910978134451,0.268,0.168,1.0,0.6447368421052646,0.14,0
1a3a270a-0428-4e57-b49c-afed5d3532bf,4.0589644401333205e-05,0.0032780002750416176,0.12,0.072,1.0,0.5762434889183949,0.04,0
06fa097f-85bb-4e50-a39e-7fc96a924680,0.05739270305567612,0.037845812153768074,0.316,0.156,1.0,0.6447368421052646,0.12,1
f7803932-8e8f-4f12-a6bf-138302f2f9b6,2.519413238485874e-07,0.11152495214610592,0.2,0.108,1.0,0.11805209060971962,0.12,0
609dee39-10c9-4bf6-8f87-b44371b0110c,0.0025225668220620625,0.03249557470901571,0.18,0.036,1.0,0.13247374441093848,0.1,0
21f9e5e4-8db0-48b9-919b-da80ad3cd67b,1.1023985163401497e-06,0.029093195410805205,0.188,0.112,2.1686633603133812e-235,0.103249097472924,0.1,0
720726e0-e46a-49a3-b65f-ab5216ed76fc,0.7286605609391157,0.12986689069461488,0.256,0.156,1.0,0.7206591244466356,0.12,0
e519f5ef-3a8b-4122-a0bd-4d1baeb85482,0.0078004386479377675,0.06144652315235479,0.144,0.056,1.0,0.7682566483748448,0.14,0
c2638428-a524-4a4f-bc56-2ad2a45f192a,0.000966267276438066,0.03787968628068703,0.12,0.056,1.0,0.0,0.04,0
366413ee-0901-4df6-98ae-9d3d19c8948c,0.404231568364996,0.5175808167050358,0.58,0.352,1.746182427272223e-203,0.8530038346825718,0.34,1
46ea6c05-f03f-4dd2-8bf2-30013088dd26,0.5140844735646801,0.01053151614735491,0.172,0.1,1.0,0.103249097472924,0.14,0
92093763-74c5-41b4-8a26-4f86b877d927,0.1016865000807465,0.06705989161388262,0.3379518037518035,0.2686101694915253,1.0,0.6447368421052646,0.06,0
ac45e661-30d3-4034-b28c-c784a6d6a740,0.21863631964681843,0.0016304859743078383,0.084,0.02,1.2937794992675512e-33,0.103249097472924,0.02,0
6e1bd935-5ac0-408f-b733-5060be24ed3a,2.173144210880039e-05,0.014767722351044432,0.152,0.072,1.0,0.5762434889183949,0.02,0
2930b36d-88e4-48ad-a46c-ada9bb22ac93,5.188857991693155e-05,0.0010788439929550278,0.1,0.052,4.388441483145629e-80,0.6447368421052646,0.04,0
704c6f0f-40be-43ab-af12-0477758751fa,0.007689370047130006,0.005744336937676854,0.132,0.084,1.0,0.7206591244466356,0.18,0
a8047a4b-1765-46c5-961e-f9b37fe5de08,0.011984351375880935,0.007369343599875281,0.224,0.132,0.0,0.11220715166461197,0.08,0
e81d9213-2dfb-4c17-bacd-c5093bde6d13,0.00332330748168207,0.01912958472100953,0.272,0.14,1.0,0.7682566483748448,0.18,0
41327456-1bab-40b3-9376-ab95fe0c50e3,5.048961079534444e-07,0.03516274904048871,0.312,0.188,0.0,0.0,0.24,0
6592f97b-ce18-47b6-bb84-3486bad1fcb1,0.00284040681591739,0.002470169615439037,0.1,0.04,2.9481416991087772e-64,0.0,0.04,0
bff94c7d-28f5-4cf6-b38a-eee629d279ed,0.5849701927875628,0.7674607465930426,0.7732403374403377,0.7711864406779703,1.0,0.6447368421052646,0.06,0
515829a8-1d49-4e06-9607-ddfada05e6fa,0.06694440819651559,0.070356898548069,0.316,0.176,1.0,0.7691281138790024,0.3,1
520423e6-a39f-41ed-98ff-abd2bea91edc,5.256532145351568e-10,0.014487814810683857,0.16,0.092,0.0,0.7620096959012786,0.12,0
345b1b6b-947e-4a95-8d75-1b4f53efcd80,0.0011430825708087383,0.05321370489749445,0.224,0.112,0.0,0.11805209060971962,0.1,0
1342f3fb-7def-4571-906e-285cb4b77044,0.9029704009813159,0.06963488410457293,0.304,0.152,1.0,0.0,0.14,0
d32cf618-14ae-4cda-8f59-c59d14fc632e,0.00145122526960485,0.00285991488155955,0.14,0.04,0.0,0.7682566483748448,0.1,0
36ade90e-d023-457e-ac46-af65705217ed,0.36926757058094556,0.5938529634957574,0.52,0.348,1.0,0.7206591244466356,0.2,0
03a010cc-314e-4a6b-9e4f-8337a0423716,0.04516294119214284,0.23885927227946335,0.328,0.188,0.0,0.5762434889183949,0.24,0
0766fafb-756f-496f-82fe-dae5affdd4dc,0.6630270869844338,0.008657367924054471,0.152,0.052,1.0,0.6447368421052646,0.08,0
fcb93274-d181-49c5-9b88-4578515cf00c,0.9404237412489395,0.03348844023206949,0.236,0.076,1.0,0.8530038346825718,0.1,0
dc8ae6b7-3dfe-4f8e-adb4-a5f7ad3ca7dc,1.3964012718722352e-05,0.002804367882820905,0.084,0.04,8.010605288394768e-150,0.0,0.02,0
ea52d53b-9de7-40fd-a1f7-95f05d963279,0.006097546196084892,0.010940228737025893,0.16,0.14,1.0,0.13247374441093848,0.08,0
fcd1c62e-2f5f-4e14-ac2f-e0c50bb66cb6,0.9221642331305094,0.10610321827254066,0.228,0.104,1.0,0.11805209060971962,0.08,0
180a0429-3f97-4c1b-b111-a62d27b52bc4,0.05510855773244875,0.008157262025545689,0.228,0.108,1.0,0.0,0.08,0
46620f44-57ac-43e9-a690-095b18c7dff9,0.1729120301305157,0.054769632605046394,0.188,0.104,1.0,0.5174654752233955,0.12,0
b2d18a27-7862-4df1-94a9-91ef3a22679a,0.0018131030963208863,0.00875216139403862,0.204,0.096,1.0,0.0,0.16,0
f8a0982c-bba9-4925-aaa5-843d4e698050,9.408410657694961e-06,0.0064290360804051165,0.088,0.052,1.0,0.0,0.1,0
c968fcd3-254c-4c1a-baaf-4ceb08016a13,0.03135646370034149,0.032891140268887425,0.22,0.096,1.0,0.4572864321608039,0.16,0
ff7cf923-d846-49d6-a8f9-6e82ea81eb44,0.5155640313401619,0.06939348300660117,0.28,0.184,1.0,0.7206591244466356,0.16,0
415de145-98ba-473b-82cb-74b32dd03953,2.0983584318058686e-07,0.0008753327577687425,0.048,0.008,0.0,0.103249097472924,0.0,0
b7fd14cb-f433-4067-98c8-3385efcec79e,1.6189592297969096e-09,0.1190170442718941,0.164,0.124,0.0,0.13247374441093848,0.06,0
8cd52812-f1b1-4e43-ba6a-82e8ba4c82b3,5.148463319023492e-05,0.005588505929392135,0.164,0.096,1.0,0.37295081967213084,0.16,0
ba8f1d4f-4adf-4df5-91dc-db23672f857a,0.09651660614205194,0.022902206769856416,0.164,0.092,1.0,0.13247374441093848,0.14,0
087fe4d4-d15d-4b0a-b47e-212f9f621783,0.9647407965874932,0.013461585730996099,0.084,0.028,1.0,0.13247374441093848,0.02,1
7d97e232-8e00-4063-9bdb-07adf6439b31,0.003706732966940195,0.006602384242907919,0.248,0.084,1.0,0.37295081967213084,0.14,1
e17b5dd2-7572-4132-b1f3-f3e985fff677,5.764654983520253e-06,0.0007329033607404586,0.172,0.12,1.0,0.7238636363636366,0.12,0
e1b5767e-ee58-4963-97ef-47b5a8261760,0.7017366602547193,0.029134145792894157,0.264,0.128,1.0,0.0,0.16,0
2540f664-18ee-4456-91bc-7c52d9eda70a,6.48040639939665e-10,0.0004259079985299204,0.072,0.052,0.0,0.5762434889183949,0.1,0
91c861ec-0bf0-4746-bc99-c9075e6a9c0d,1.7380688140048227e-06,0.006368496849930298,0.152,0.068,6.624873772285576e-35,0.13247374441093848,0.16,0
de9a4d60-e0af-4144-9589-d4e26d30d686,1.3620942267302733e-06,0.07438883380156601,0.2,0.108,0.0,0.7711864406779658,0.22,0
d9d59ade-caa5-4539-93ee-9aed20ab4447,9.414496306840812e-09,0.0350878140601078,0.22,0.088,0.0,0.5762434889183949,0.2,0
40ab020f-74cd-44ac-babb-0da70cfb9ce3,1.027754979769064e-07,0.07855153263253913,0.192,0.104,0.0,0.7691281138790024,0.12,0
c7037d62-058a-4362-9f78-cfc9cfa8b7b7,0.08018206940439965,0.018176695285272614,0.14,0.08,1.0,0.6447368421052646,0.1,0
10a2881d-31b7-48ed-937f-f60dd1d026b7,0.9964303907295929,0.05553440628461625,0.336,0.18,1.0,0.7691281138790024,0.2,0
9bf956aa-6752-4cdf-97d7-787691662161,0.9985983644583283,0.03169190202831178,0.188,0.068,1.0,0.103249097472924,0.04,0
761b07a2-729f-4468-899d-cee517e9473b,0.021101553022048025,0.06222373110986038,0.164,0.064,1.0,0.11805209060971962,0.16,0
e633e89b-3b2d-47e9-8e34-6747f77d8b05,0.2734627589917782,0.01415674001273209,0.192,0.092,1.0,0.29979726305119253,0.14,0
f4855882-454a-4b29-8bab-60eba5904af1,0.006903474608331831,0.013804233433059455,0.196,0.112,1.0,0.8530038346825718,0.14,1
38ea98b5-5bd0-46e9-b6b0-f979a5705c66,0.00852526421677311,0.011309201163001674,0.148,0.092,1.0,0.5762434889183949,0.1,0
2fc1a6e0-20ac-403c-b946-391df14c8b99,2.464022966175159e-19,0.0024475955816503085,0.052,0.028,0.0,0.103249097472924,0.0,0
3cb7f4b2-a86b-4cac-9596-e4acb3d574ac,1.0162716955009542e-05,0.0011819916923377798,0.08,0.02,4.830481053748254e-110,0.11805209060971962,0.16,0
fefb0a49-7938-465c-9a11-afb9da332280,0.013727460049684363,0.04641285286520518,0.104,0.056,0.5425667592313974,0.11220715166461197,0.06,0
f23a6755-0f65-4766-bdde-a5ec743d8d94,3.528347995477716e-10,0.0003839383316029399,0.044,0.028,0.0,0.103249097472924,0.06,0
d2df26a8-46a1-4315-8e13-0829bed55a2c,2.3209615725511203e-07,0.002436638768186251,0.072,0.04,0.0,0.7206591244466356,0.1,1
31cd87f6-95f9-4a10-a5e9-10be5047ea80,2.0281591877163148e-08,0.00334246663087706,0.064,0.036,1.4021855428952874e-183,0.0,0.02,0
398e6052-356b-4650-996e-e561ed3c8849,0.0077805117804832305,0.003253243151446707,0.104,0.028,1.0,0.29979726305119253,0.08,0
6a4fa7ed-9801-476b-8c68-aae4e0dba139,0.00017864733500640783,0.004468790265624626,0.076,0.052,0.0,0.5762434889183949,0.06,0
468c21a6-29d4-4b9a-ab22-5f9881c82178,0.9551763841465727,0.07195440996545503,0.248,0.148,1.0,0.0,0.2,1
ac077c8e-93c2-45c5-9a06-7a266a52ee3f,0.0022573619350830525,0.001279786981702644,0.148,0.072,1.0,0.11805209060971962,0.1,1
6c925728-e768-4245-a65e-31d59cb73e43,2.5448753574871105e-09,0.010266638839580676,0.184,0.1,8.411942116245774e-200,0.5762434889183949,0.12,0
eae737d0-f268-48d3-aae6-ad2d8396b4ef,0.0198086251186437,0.25911009031280946,0.248,0.14,0.0,0.7682566483748448,0.1,1
86c8e203-e87a-4716-a09b-cb2d85334d09,1.4577464475471052e-08,0.012067403129907462,0.136,0.068,0.0,0.5762434889183949,0.04,0
4a92c13f-f80d-4390-977e-4722df161957,0.05574006541176846,0.0016056628564602238,0.104,0.052,0.0,0.5762434889183949,0.04,0
a4bb2b50-b87c-46eb-a22a-f12fdbee252c,0.9932331138156487,0.0023941348469644183,0.084,0.036,1.0,0.13247374441093848,0.06,0
57f54929-79f1-4d63-9097-6b0e48a5436c,0.20387384868046435,0.0156793066058502,0.164,0.108,1.0,0.29979726305119253,0.16,0
b0f3f843-7fc4-4a24-ae75-9740e43298e4,0.9426495158229394,0.16266695196319392,0.408,0.16,1.0,0.7682566483748448,0.24,1
7f46f4ee-9914-4986-bf85-22c9dc362b1d,1.2394696805789458e-06,0.0007082212909337464,0.084,0.064,0.0,0.0,0.12,0
dfec9f5b-3e40-4dcf-9011-f41b2b2aa8fb,0.015316688254494289,0.044678077063137166,0.224,0.1,1.0,0.5762434889183949,0.1,0
601c9ca5-59ef-4cf8-996a-425069b6bf1c,8.243752982770104e-09,0.005710212192732098,0.09422222222222223,0.04,0.0,0.7682566483748448,0.04,0
eabc34de-5fe9-412f-9f2f-587ff1a0df3a,4.085838471794892e-05,0.0014423672704179423,0.072,0.024,0.0,0.11805209060971962,0.02,0
8b18e820-504e-4dde-8ea7-eea09d2cf565,4.152626749164859e-09,0.0012426722190260725,0.084,0.052,0.0,0.13247374441093848,0.14,0
51359c2a-f9f9-4c91-bb28-320f6babde36,0.26676326365611847,0.07443964721502334,0.312,0.18,1.0,0.8530038346825718,0.2,0
ef268003-da51-432a-9626-4807b1a643cc,0.8736920253228198,0.060605254496921904,0.32666666666666666,0.148,1.0,0.5762434889183949,0.08,0
70e21094-494d-464d-8c29-7d19b8e3141f,0.007245480805727875,0.000580054475515952,0.12,0.064,1.0,0.13247374441093848,0.04,0
63c75144-bad5-465c-8310-f8ee194e8b1e,3.5357180705687974e-07,0.0016289207961754884,0.092,0.052,0.0,0.0,0.06,0
4db31e95-527d-4fad-9506-5dcd25f67378,6.987828824854167e-13,0.0015638774042783304,0.076,0.016,0.0,0.11805209060971962,0.08,0
5c265740-b624-49de-87ee-bf21cef68250,0.09537944848628714,0.0016487154864875217,0.132,0.044,0.0,0.0,0.04,0
59fde3f3-c329-42b1-b85b-30f90b2888ed,0.030515931459321972,0.005860807552109538,0.156,0.088,1.0,0.6408450704225351,0.2,0
9ca33250-8681-4996-861f-5cbfb61a47ac,0.9825112868273649,0.024916763520091853,0.092,0.056,1.0,0.0,0.1,0
db443310-f234-43d0-a283-f9b281bb297d,0.9943720781303446,0.001574638399780604,0.096,0.028,1.0,0.11805209060971962,0.06,0
a44b28bb-4abb-4792-902b-c46860ca5220,0.00241679427305981,0.0031410935902523767,0.044,0.0,1.0,0.0,0.06,0
65bd9b52-3b0c-4043-b1dd-97b54babe247,0.0020245863463803594,0.011753169651525517,0.188,0.076,1.0,0.3473282442748092,0.02,0
10c5655b-54d8-485a-96f7-e3b0b22f4f94,0.00010779447038167341,0.004053874577870879,0.112,0.076,0.0,0.0,0.1,0
5bdcd76c-7e3b-4065-a1a1-7c459fe41e5a,0.0002584244374938506,0.010566283443101171,0.050272727272727274,0.016,1.0,0.103249097472924,0.04,0
c789c67c-a40d-491d-b8ed-9c001112ce79,5.922135390922631e-06,0.007624425100867,0.224,0.084,1.0,0.4572864321608039,0.08,0
fe49bb5c-de42-4aa8-9bfc-ecf578e9cf22,0.002928941864471728,0.029532450639720292,0.2,0.084,0.0,0.5762434889183949,0.1,1
89c46f7f-e2df-44c9-a5ce-ba1cc0af184b,4.7088367920461005e-05,0.0020251194297587595,0.148,0.056,1.0,0.4572864321608039,0.06,0
a6219fcb-3351-425b-81f9-a329d3a59a0d,0.027485650005110513,0.0884797260978711,0.204,0.076,1.0,0.0,0.12,0
93988e87-5bdd-4b20-9a0a-13100176fb4f,2.9260211272111885e-15,0.006160784446670513,0.14,0.088,0.0,0.29979726305119253,0.24,0
73b4a9ee-0cff-4d2e-8ea6-bbe1d9168410,0.05570209668205231,0.0008350985645359934,0.09555555555555556,0.02,4.0226970199307266e-224,0.103249097472924,0.0,0
cc014514-a4bd-4785-9234-7ec0958cf6af,0.8245120957506333,0.04680463786607616,0.232,0.112,1.0,0.7206591244466356,0.12,0
59a12abc-ad53-400d-918e-ac64f7e5923d,9.839219265489106e-08,0.0036429975889671674,0.08,0.044,0.0,0.103249097472924,0.06,0
18191977-0fad-48c1-9814-1636e725078a,5.928851326423492e-05,0.0042843403726693045,0.172,0.056,1.0,0.13247374441093848,0.1,0
50af8a9f-cf38-4709-a09c-3726eb0ed5ec,0.329748029256561,0.003040427387053507,0.064,0.052,0.9991443917360601,0.103249097472924,0.04,0
8ba60699-f85e-4e31-9b9e-a054b3806368,1.6524430047196805e-07,0.0024864241246399616,0.072,0.024,6.583261015652192e-54,0.11805209060971962,0.06,0
e5c83cf2-a872-4b59-acc1-508ec58529a8,0.0024713337460313695,0.012220043233332733,0.172,0.07964,1.0,0.29979726305119253,0.12,0
fee8c43f-b002-4e99-be13-fb31085c3cdb,7.336574467657944e-06,0.0017880154339192068,0.12,0.06,1.0,0.7520661157024795,0.08,0
e2faac47-2828-4679-b31f-8ba065b817c4,0.9944592353882965,0.014771939802948464,0.168,0.088,1.0,0.11805209060971962,0.04,0
14b17e46-14f9-4445-9fef-d7724ea569b9,5.53309576441114e-05,0.0025662544313987713,0.164,0.068,0.0,0.29979726305119253,0.08,0
5ffd5ea5-e625-41d1-a65d-4d3d1b02fb1c,0.18592161525056466,0.003136441678502266,0.148,0.096,1.0,0.7620096959012786,0.1,0
3619efa1-1a5f-4350-99da-80e39f2e7f44,2.9523867077963526e-07,0.00280171071648067,0.14,0.052,0.0,0.0,0.08,0
05e5f937-e3ed-4b62-9e3e-a3ddb4d11819,0.010489514631775509,0.0427115921391055,0.296,0.16,0.0,0.7206591244466356,0.24,0
8532cf93-2bb4-442c-8f4d-20e16e0dcbe4,0.0003850178448242667,0.04851151261142386,0.236,0.068,8.044952908633273e-110,0.7691281138790024,0.18,0
e24d0a56-8b0f-4109-a43c-918698e908fa,0.004350425527078168,0.004423192010337217,0.12,0.06,1.0,0.11220715166461197,0.06,0
45b359d6-7bdb-409f-b18b-33da649a0a14,0.8014145511089317,0.0003897369371819391,0.06,0.04364,0.0,0.5290697674418602,0.04,0
c634f927-ccf6-4efe-9d52-768fbd69a005,6.526161533811194e-08,0.07884548455365303,0.268,0.156,0.0,0.7206591244466356,0.22,0
59e0d41e-58e6-4fed-9b22-c6bcb9d887fd,0.6333959824081005,0.02795579775143215,0.124,0.076,1.0,0.0,0.1,0
36987b84-1ca6-40fe-8c26-64641f70057e,0.01674072417628969,0.003484367102449768,0.184,0.108,1.0,0.7691281138790024,0.22,0
31260889-33f2-42bf-b587-adac407b3cd5,0.0006105851855414397,0.02394149266240705,0.192,0.088,4.88206806220848e-272,0.858490566037736,0.12,0
daf4e45a-17e5-4716-915a-91def22cfd52,2.2783009060486007e-10,0.0021977053026530128,0.08,0.064,1.0,0.103249097472924,0.1,0
6463a938-f16b-4af1-b28b-9f226741dc38,1.7485818165964346e-14,0.018062333901368393,0.196,0.092,0.0,0.7691281138790024,0.22,0
cdf91222-98ae-4838-8e87-a329055bcb72,0.14344644683289803,0.002410983634085054,0.104,0.04,1.0,0.0,0.12,0
0d6ae8af-bcae-4e02-a1ee-a300c81d3ea1,4.165967517723314e-06,0.014476515082537061,0.148,0.084,0.0,0.7682566483748448,0.16,0
9ca5f5aa-9038-480b-accb-6feb65d1ca6e,0.9993722919308123,0.004468109834914946,0.176,0.076,1.0,0.11220715166461197,0.12,0
ecbf9cdc-7f68-4dbc-a2a1-3fa8145fb475,4.893689904156356e-06,0.01781640021019685,0.268,0.136,0.0,0.7626737530662306,0.12,0
6e81407f-620e-48db-b921-8377151132a1,0.06892691986948127,0.013777217731429947,0.248,0.08,1.0,0.103249097472924,0.16,0
acbbbc77-bdb3-43b6-b5a7-5a7a0e8196de,3.116770152814422e-05,0.003954886027524083,0.108,0.072,1.0,0.13247374441093848,0.06,0
5f7965c7-7e90-48a9-a185-1c8cb8f6ab19,3.821918054796476e-13,0.5093713090832008,0.504,0.372,0.0,0.7620096959012786,0.3,1
d20895fd-cc65-4b19-8d3c-86c2c54efd61,4.8920958249723636e-06,0.1175205651992663,0.208,0.096,0.0,0.0,0.08,0
11b2ee25-864f-4781-a9b5-7101d8ab4ab2,8.040698663801854e-07,0.00039787625850483497,0.056,0.032,1.0,0.13247374441093848,0.02,0
4cb41c1c-aff1-4970-bc46-ca29606a9091,0.7944358889662789,0.023400200459632793,0.176,0.12,1.0,0.5762434889183949,0.22,1
f9f25052-f7c8-4699-bdea-1d97b3e4df75,0.029621092914668443,0.01159425123052973,0.204,0.116,1.0,0.29979726305119253,0.2,0
d551fa0d-8ca1-4396-a7f2-573fb996eb94,0.07574354113964733,0.04734215980251374,0.192,0.08,1.0,0.29979726305119253,0.14,1
0274c465-a4a1-44d7-9a1b-0d3b64cff02c,3.572307702568974e-05,0.0019897809943828365,0.1,0.072,1.0,0.7206591244466356,0.1,0
0f2fd9e3-70b8-4911-b5d7-4e0daef499c3,9.008625127260561e-10,0.0019731107616366124,0.112,0.044,0.0,0.0,0.06,0
635e1fb2-bc81-497e-bd30-69f6c901d5c2,0.6848473918111844,0.08340871820099507,0.184,0.084,1.0,0.7682566483748448,0.16,0
b4c5991a-27d3-4ec7-8e87-cd47178c8d72,0.32000054751826673,0.0016760497144808987,0.076,0.064,1.0,0.103249097472924,0.08,0
1f0c91d6-e071-4eb5-976b-7ef0fed7b192,1.789865505629449e-05,0.0014329997416229652,0.112,0.04,0.0,0.0,0.0,0
e7c82812-488e-4f7c-a30c-22efac8675db,0.021633624816776185,0.004613519961609777,0.136,0.044,1.0,0.29979726305119253,0.04,0
420b0849-4038-4ec7-85e6-515c708ecb61,0.00023577650424602768,0.29853254934201945,0.332,0.172,0.0,0.7206591244466356,0.22,0
0bb38f8a-c9d7-4d89-9c3d-db4216b3fdf7,0.00021971172362519396,0.005925906796054605,0.092,0.02,4.9068561774059626e-179,0.0,0.04,0
f17b2e20-6733-46d4-9a84-3b791de16fb7,0.8077052684183778,0.16481606120374195,0.26,0.132,1.0,0.7206591244466356,0.14,0
ff84bb2a-f433-4080-825e-abe37dd7ede5,0.020589134529926455,0.003147213734373661,0.132,0.128,1.0,0.13247374441093848,0.12,0
c42b1195-0ebb-41e3-a890-963d1f37eb99,0.0013981203466448006,0.0024166215094973973,0.104,0.052,1.0,0.11805209060971962,0.12,0
4fe9cbd3-d266-4b2d-b850-96a2f750cbb4,0.01858987749604626,0.05229856106688405,0.176,0.08,0.0,0.11805209060971962,0.1,0
1a5471f6-4ebe-4a68-8f59-025abb9cf4e6,0.0029996984209144473,0.011082032854206534,0.14,0.04708474576271186,1.0,0.0,0.08,0
81879b09-d663-4bad-bf8a-ae97fae3cb07,4.055309852337639e-05,0.02018500311280774,0.248,0.108,7.925061324052548e-17,0.13247374441093848,0.14,0
999dd3b5-86a6-4305-845c-ae7f9e5f5782,9.355214960422542e-06,0.0036574461712644093,0.052,0.016,0.0,0.11805209060971962,0.02,0
9b6fc729-bfb7-4b84-a773-dbc225ffba68,0.0010730534660974179,0.004426379833510808,0.224,0.152,0.0,0.7206591244466356,0.26,0
6597a8ae-b134-4798-acb3-ce20e87a3f04,5.148183017486878e-05,0.001384039403044787,0.112,0.084,1.0,0.13247374441093848,0.14,0
25e498f5-8c66-4c49-bff1-5416dfca751a,8.997678550234986e-11,0.007841211207263128,0.14342222222222223,0.05233898305084745,1.0,0.11805209060971962,0.04,0
d8030042-e397-4bd0-baff-ee1a4e89d7fd,7.350342127204113e-05,0.07650165632895049,0.272,0.128,1.0,0.29979726305119253,0.24,0
0d9169f7-71fa-47ab-a71a-b32dc92e6760,0.20960128964151792,0.06609896351142873,0.112,0.052,0.0,0.6667952178943308,0.04,0
43781b12-a014-498c-a689-ab457e7258cf,2.329712141330636e-05,0.004138822155374091,0.132,0.064,4.985280684724276e-106,0.7878787878787872,0.08,0
26328e93-9b6a-4e0b-97af-9fd6c7877394,6.9789870133662255e-06,0.007604402123826759,0.156,0.04,1.0,0.0,0.08,0
3189ae15-fd10-400e-94d1-96f81586f642,2.6450702728501106e-08,0.004933867599041649,0.084,0.044,0.0,0.13247374441093848,0.02,0
8a9bf4d0-dee1-4198-932a-2d71b248a847,1.9304869020001793e-12,0.0039302448183295945,0.156,0.056,1.721021877868361e-139,0.7206591244466356,0.1,0
e6b3cfb6-3cc2-4a5a-817d-85d3571f7b32,0.08459622219629591,0.03859717575867521,0.116,0.1,1.0,0.11220715166461197,0.16,0
b64627c1-8310-4c1c-a408-3f0199d2472d,0.5841314142491066,0.006959675647100153,0.268,0.132,1.0,0.7206591244466356,0.18,0
d0d25bf2-cde8-46f0-b3f4-8a20ea7d84ad,1.2807266465841329e-08,0.003901009565597052,0.112,0.048,0.0,0.5762434889183949,0.06,0
d6786dc5-7725-4421-a8c5-df199efd59e8,0.9861564761732379,0.0028965329253901727,0.324,0.104,1.0,0.6447368421052646,0.2,1
545cb57e-6202-491f-9064-b649e84dd74c,0.741258096752048,0.24867081480611317,0.296,0.196,1.0,0.5762434889183949,0.2,1
18b3f6c2-da77-4b20-bc26-f2b88ebe498f,0.004275351067429031,0.01072965895909459,0.12,0.04,6.978119944472172e-266,0.7206591244466356,0.06,0
9878500c-00ed-46f2-be09-09073c0732eb,0.8385703718675269,0.2567959670583138,0.424,0.216,1.0,0.7682566483748448,0.2,0
f8273691-ec1e-47d0-973e-6b328a7b3f49,0.0007897627702726801,0.002722863981263746,0.204,0.08,1.0,0.103249097472924,0.18,0
9f679a3f-47db-4240-aa29-a6bbe7721010,2.0198835658884684e-07,0.0005944652377244981,0.12,0.028,2.87257580629189e-239,0.11805209060971962,0.1,0
37131008-22d0-48cd-81a0-265ea0586a96,7.100661840902644e-06,0.006757836438030167,0.108,0.044,0.0,0.7206591244466356,0.06,0
d3efcc7e-0110-4d14-ace4-7837b7fc2be6,0.0074384130556803514,0.05812558276730582,0.28727272727272724,0.144,1.0,0.7682566483748448,0.18,0
d294b926-06b8-4aa9-b4bd-6220035c56ea,0.002664419434952444,0.013789375747693934,0.096,0.064,7.675841447354002e-171,0.7878787878787872,0.14,0
3f2fda05-6f7c-4c2d-8f86-434de1ac20b9,1.1255935638149233e-05,0.00078358083742514,0.112,0.068,1.0,0.08708133971291877,0.06,0
a5d6512c-0f3a-4f86-ac4a-2e812a9a64a2,0.6000154696515588,0.014801441345487363,0.276,0.148,1.0,0.7682566483748448,0.24,0
47d6f8c6-e1f0-4f96-85fc-702504cf1cdc,0.26531818465180357,0.07611054695171837,0.34,0.204,1.0,0.7691281138790024,0.26,0
91c5edba-eb88-45e3-ac74-b0832a6c1f43,0.010160530901389589,0.008664855401723619,0.1010965367965368,0.02,1.0,0.0,0.06,0
f6372fc5-0340-4daa-8177-0c86fb44bc87,0.11362717341794257,0.00807383653816484,0.244,0.1,1.0,0.0,0.14,0
57e0c311-e4ff-4dea-9909-27fb1705fd79,1.5215854465455317e-06,0.011567823208819007,0.172,0.08,1.0,0.7206591244466356,0.14,0
48ebf7ca-0e4a-4399-bb9e-eb0c99d73770,0.0016300404779376583,0.0006473663582880217,0.044,0.016,1.0,0.103249097472924,0.02,0
d6b4b215-8bfd-4b1c-836d-861fa93b05d7,0.00016245626466198724,0.008663264161763858,0.132,0.076,1.0,0.103249097472924,0.06,0
c7d7b58c-50e7-4e4f-83b5-3133d3e516ef,1.6542731164794026e-10,0.0032434667770065233,0.104,0.028,4.2678740423480513e-19,0.0,0.04,0
d017f77f-49e1-4a58-a7bd-c676a0ba0915,1.0486083099626075e-08,0.0012291398285196391,0.132,0.04,0.0,0.11805209060971962,0.06,0
27b932b0-4bbc-4c4d-93d7-cb0747f0fe43,0.0014057209541355163,0.00769280024510154,0.124,0.068,1.0,0.13247374441093848,0.04,0
9337b848-78fe-45c4-9caa-fb512f5d98a2,9.504533158652997e-05,0.005098499928023342,0.084,0.036,1.0,0.103249097472924,0.06,0
d0344719-94d0-40f1-9a40-aeb752df8ef2,0.005700238154553119,0.011386347504956996,0.108,0.044,1.0,0.5762434889183949,0.02,0
0194cb03-edce-4284-bd07-d3f5deefab83,0.8382679698592311,0.008727250725791148,0.212,0.12,1.0,0.13247374441093848,0.12,0
2b825cf6-d11a-4e5c-8381-0deba222337e,0.00019305572740044245,0.04504674976243753,0.332,0.148,1.7104743008017112e-124,0.7682566483748448,0.08,0
7ebb59d9-e020-4388-894c-86e8e66e55b6,0.03909918420792115,0.0029269548725327573,0.172,0.084,1.0,0.5762434889183949,0.12,1
b13076af-f039-496f-b543-57307ba545cb,0.0003700503759399094,0.006921592422787588,0.116,0.048,1.0,0.11805209060971962,0.06,0
2a5ce7cf-f060-4086-a2ef-170de6dcac1f,3.40161156314095e-05,0.037573359585150734,0.24,0.136,1.6387304262059305e-93,0.37295081967213084,0.1,0
6f392e57-a2e2-41fb-b3e7-5bfed3c5af64,8.830209373035615e-09,0.004711025106609347,0.048,0.008,1.0,0.13247374441093848,0.04,0
1ddb6342-8735-4bfe-b561-ea7d9237f1e8,0.00012204015848968605,0.0037800355747967264,0.076,0.04,1.0,0.08708133971291877,0.06,0
eccacfad-e621-4cc1-bab4-fe0bbf45360e,0.01068923891551339,0.004009501362895104,0.084,0.044,1.0,0.13247374441093848,0.08,0
6ad635e2-c9ab-42e1-bb4e-1162656f1efb,4.917898511689027e-18,0.0002781240126080328,0.068,0.032,0.0,0.34732824427480924,0.06,0
80a4e274-dcad-4eaa-a3bf-c20cfcd45198,0.031518289328466516,0.0026123877806880943,0.1753333333333333,0.092,1.0,0.7682566483748448,0.12,0
f84ebf72-02e5-4d4e-81e6-1068cb6f3094,0.028478858398397307,0.02283933508380248,0.396,0.18,1.0,0.29979726305119253,0.3,0
074294a4-0cc9-43a4-a9e3-48c8b61ace5a,0.02048947520673207,0.011981957663481141,0.12,0.068,1.0,0.5290697674418604,0.02,0
7fca03b6-6ed1-43c2-8feb-fbb8bae9e712,0.9995898804354518,0.009137784231669535,0.10466666666666666,0.036,1.0655473197596464e-101,0.11220715166461197,0.06,0
9834f525-7f6a-415b-8906-4d61a7bcad32,0.4384489759993705,0.04372353531549349,0.204,0.092,1.3030989862607968e-100,0.7878787878787872,0.12,0
88b5dd74-cdc3-49a3-be49-6d2e5d1491fe,0.9272274926259091,0.5154985455968876,0.572,0.364,1.0,0.7206591244466356,0.3,0
5a374572-5357-4f64-a083-86ed24ed4ed9,0.4968891133779247,0.04436604425596734,0.184,0.128,1.0,0.5762434889183949,0.26,0
aea56a58-687d-4f07-9e7c-5090c1c5a548,3.096411010065308e-07,0.001308413445664305,0.036,0.008,1.874921650978123e-79,0.11805209060971962,0.0,0
edafa347-9cb0-4e32-9c82-5d619a04921f,0.03238466284259539,0.001405921363848858,0.112,0.064,7.4451985961156805e-137,0.13247374441093848,0.04,0
692060dd-ae84-4f6f-b569-c40a7677f539,0.9962743766636334,0.07763638346541228,0.316,0.136,1.0,0.5762434889183949,0.22,0
29b2fdb9-de2c-40d5-9c27-9b860a7c1d32,1.8343986516955306e-10,0.01136668399970286,0.112,0.068,0.0,0.08708133971291877,0.2,0
4662595e-fe17-4998-a0ad-fd20ff6a087e,0.010366053612078735,0.08940653394062256,0.308,0.228,1.0,0.08708133971291877,0.26,0
9fe40118-fd4d-42bd-88a6-6f876c3400dc,2.2052033912053395e-08,0.0010834467024762547,0.056,0.024,3.643172593152501e-136,0.11805209060971962,0.04,0
eaa040ea-730a-4e42-a573-89072bdcbec0,0.00042979622100830457,0.005840567297459717,0.12,0.056,8.029692315488957e-197,0.0,0.08,0
aaf38fe4-1d42-4d7b-8cc4-c43f0ea2c9ea,0.00013310864523463477,0.014923294897217668,0.108,0.07108474576271186,1.0,0.754739336492891,0.06,0
2687c6c0-576c-4dd9-8477-440ca1c5df9e,0.0033496894494821497,0.011474284024371555,0.344,0.156,0.06579970646398924,0.7206591244466356,0.18,0
4cf52c25-c7d2-4795-9189-4d28f2ab44ce,0.018583396878497728,0.013562615327973903,0.152,0.104,1.0,0.29979726305119253,0.18,1
3dfba8c6-17d8-46b3-9f8f-cb5ac6929375,0.00882835219264961,0.09487023549900934,0.192,0.22,1.0,0.08708133971291877,0.24,1
0cee42ba-d2f3-45c1-afd5-e84828be1d39,0.0004222001714842389,0.0014530349732522682,0.128,0.056,1.0,0.0,0.08,0
8776b3e8-a776-4c7a-98f7-2a9bf907156a,0.25650002919138537,0.011001093518486299,0.18,0.12,1.0,0.29979726305119253,0.18,0
fc2f55d6-3efd-4e28-ab8d-a565c417500f,0.005170786190083564,0.15198699835502347,0.18733333333333335,0.108,1.0,0.11220715166461197,0.2,1
2b5683c0-5b21-4e27-b16d-fc9f5ddf4ac9,0.027322213451117034,0.7849929060183973,0.416,0.184,1.0,0.8530038346825718,0.12,0
c0f6ba9e-7605-4d65-b7c6-c9a6f40cf6de,0.00031561556289280164,0.00139217033744319,0.068,0.02764,2.252447979688098e-103,0.103249097472924,0.0,0
08c1fc40-96c1-43a9-a485-4f3c7f9a3dbe,0.12647468245572888,0.0016405504650099754,0.036,0.0,1.0,0.5762434889183949,0.06,0
974200e6-a5e0-4fe5-acea-bd75416cc412,0.0021911327119340626,0.060049890325893245,0.268,0.14,0.9999999998733529,0.8530038346825718,0.14,0
893e925d-56c8-4111-b593-e481efb8f691,0.003818983261419218,0.0009913928070801447,0.052,0.028,1.0760826969774708e-75,0.103249097472924,0.0,0
093f6f12-4a64-4e60-bbc4-4082238eae39,3.194336261431625e-08,0.012942788092110398,0.104,0.036,0.0,0.103249097472924,0.1,0
d4b95e72-5994-48ea-b356-e6534802aa07,4.2831814321840044e-10,0.0018373771062618076,0.096,0.024,0.0,0.0,0.04,0
3cecc00f-2a97-4589-8a76-0ea248c66bc0,8.451272619372066e-05,0.026434582490796728,0.156,0.02,0.0,0.29979726305119253,0.06,0
09fd65d7-f936-4b03-9945-63835bafe41c,0.15649704129900374,0.016141893418338375,0.136,0.092,1.0,0.7682566483748448,0.12,0
c40d9089-21af-4598-95d2-7150e8f38b55,1.0682844091662094e-13,0.000657611275153436,0.06,0.032,0.0,0.11805209060971962,0.0,0
a3455b1e-0c8f-4f93-99b3-3a0f6ef8e77b,0.007029191062936552,0.7111248061217285,0.248,0.116,1.0,0.7206591244466356,0.18,0
ec0b32a9-8ecd-4f11-882d-c459c22aabde,6.409069578568163e-06,0.011273310277724817,0.088,0.068,1.6897761135868813e-133,0.13247374441093848,0.12,0
dccf91e8-e58a-4b3b-afe8-1458a338287c,0.9999494984787412,0.2622324873976203,0.356,0.216,1.0,0.8530038346825718,0.14,0
c4341c1a-3da6-4168-97da-363d8a23ec88,0.01668253428736562,0.006797585508477474,0.08,0.04,1.3058201668410323e-09,0.11805209060971962,0.04,0
68961b60-a448-40e9-ba2c-92dfbbc6dfd4,0.00011182932014303249,0.003587334424795912,0.188,0.088,1.0,0.0,0.18,0
b6060ae1-c423-4819-b5f2-96719a9ee442,0.0006301183337433532,0.0068395792804977415,0.112,0.048,1.5554476974543442e-11,0.13247374441093848,0.06,0
b610b499-d7f3-4e7c-bdc2-3b7b93a6ebea,0.24009436254019884,0.003693271534372654,0.244,0.148,1.0,0.8530038346825718,0.2,0
10fccb68-ceb4-4942-b741-5804cc9e06e5,0.006067486895873179,0.01771263624331139,0.256,0.096,1.0,0.5762434889183949,0.18,0
452be503-fdd7-4e91-bdf9-2bb6d6ebe19a,0.09991831596612324,0.007748935120079499,0.172,0.068,0.0,0.0,0.12,0
9a64d836-d364-47af-bfd6-d3c37c7fc80d,0.018614654578775456,0.0012189619583219432,0.176,0.056,1.0,0.7691281138790024,0.2,0
5c7d38e7-9573-482c-8d1e-9781b81dea88,1.8691954439183435e-08,0.0034057355929012745,0.08,0.032,0.0,0.8251295336787562,0.0,0
0bd01837-4a32-4a3a-a9ba-95a7f8ba0b8f,0.7251970207785022,0.1009343305893528,0.224,0.12,1.0,0.7206591244466356,0.16,0
13b871d7-8b5e-48ef-b06f-3fde47d127f0,0.028054596025386905,0.013434457596046015,0.068,0.028,1.0,0.13247374441093848,0.04,0
7a529247-3095-4ec0-89b2-8edf0d9caaa6,0.03487757708606828,0.07577603489049595,0.36,0.132,1.0,0.11220715166461197,0.18,1
e5c428be-c554-496d-8b36-f06f1a7d9cdb,6.117913984951053e-05,0.0268110579929824,0.216,0.136,1.0,0.13247374441093848,0.14,0
49aa718e-b351-4170-99a7-aa52ea4fd3de,0.007847955198209564,0.004402527132468642,0.196,0.112,0.0,0.7691281138790024,0.22,0
f2afbd0f-3664-47b9-a361-dc2679667956,0.00011277512626103729,0.001967248218385985,0.164,0.08,1.0,0.11220715166461197,0.12,0
056e18b0-8424-4fac-bece-fe84fc443e89,3.107196063356685e-05,0.007890778783019982,0.14,0.064,1.0,0.7691281138790024,0.08,0
3dc4677b-1ec4-4e4f-9edd-3d9575c31f33,0.0005690162797286701,0.002315552507350539,0.08,0.024,2.6424236134957646e-111,0.103249097472924,0.0,0
fb1829af-b292-4a09-a747-c4187efb5b5e,1.8265809489021538e-05,0.009005908516860704,0.076,0.092,5.914899570783042e-234,0.13247374441093848,0.02,0
098c2268-aa72-4889-ae59-ae5c728feba8,0.01032319011101844,0.0036206499534579325,0.14,0.084,0.0,0.13247374441093848,0.1,0
e684ab26-ce22-4f8f-a013-5b1b90672a1d,0.3978143106724102,0.051409613469777696,0.292,0.168,1.0,0.3973799126637543,0.22,0
5e76bf46-312a-4e45-8b11-d343de0cbb94,0.00639153302284537,0.035610886353492376,0.276,0.15508474576271186,0.0,0.7682566483748448,0.12,0
7b83f510-ab2f-4d82-a366-afe97e8e2fcf,2.0508828763355221e-07,0.0017232543861521999,0.06,0.028,0.0,0.0,0.04,0
c9407b63-3572-49d2-954a-468a3e14fb00,0.9997127648589297,0.9106239708115007,0.488,0.296,1.0,0.8530038346825718,0.16,0
54c71a07-61f1-48ab-9d01-155ac11b55e1,0.8838869265523381,0.036203742614001715,0.288,0.192,1.0,0.7626737530662306,0.18,0
72a9400a-b562-47de-bb5e-0ab829a1b0a6,1.0904814550284694e-14,0.002021510787140605,0.188,0.07416949152542372,0.0,0.11220715166461197,0.06,0
ace5113b-a01f-4f5c-bd20-fe7d39ee9578,0.005744350764037199,0.010424157729978236,0.132,0.064,1.0,0.11805209060971962,0.14,0
78112dd7-4137-4c5f-9507-94c2c1152298,1.6687107314336425e-08,0.0006680909310134265,0.124,0.044,0.0,0.6667952178943308,0.1,0
bf38c08b-0b28-4dd8-9828-03cb55d69dc1,1.3105215224877143e-06,0.007307214701433828,0.144,0.076,1.0,0.7206591244466356,0.1,0
6537e52b-6098-4101-825b-fa274937c031,0.9791947247661188,0.0018568159364663291,0.128,0.036,1.0,0.13247374441093848,0.08,0
035730ac-4c4a-473d-b53e-a50bd0dcbcfd,4.897277852679564e-09,0.005280044470131035,0.12,0.044,0.0,0.103249097472924,0.12,0
b7dab7b3-fd70-4c77-b3c0-c5806a899041,0.984152190082758,0.005981001886866367,0.152,0.048,6.773844454142684e-77,0.11805209060971962,0.1,0
2e0942aa-185e-4a56-9841-901cc152fc74,0.8681995999893641,0.017699718498794124,0.248,0.192,1.0,0.34732824427480924,0.18,0
afd89897-629f-4893-8156-9f1d6d49f736,0.04853738437040607,0.3993561760274866,0.272,0.236,1.0,0.7682566483748448,0.32,1
7ec28e6f-8cd1-4ab6-9291-6aba35e588f7,0.001076469776405476,0.003313049336636681,0.136,0.068,1.0,0.103249097472924,0.2,0
ea2b6189-b838-4c28-b493-0e15dfaf0864,1.3096778579965222e-06,0.026326885280075478,0.108,0.084,2.081016215380461e-12,0.0,0.2,0
296a5994-d931-4bc9-a237-9c7562c744c5,0.0073606020442665175,0.04981246424317469,0.332,0.2,1.0,0.6603773584905661,0.3,0
0882d424-fd43-493d-972c-80f9c5cb7290,3.04619253942004e-06,0.013175521708473437,0.108,0.064,5.801619874862105e-108,0.29979726305119253,0.16,0
5671e99a-e9b2-42e8-890a-6c4135dce23c,2.9799933172729084e-09,0.020845542511705065,0.156,0.044,1.0,0.11805209060971962,0.08,0
a4f42c12-188d-4178-879d-101a87cbce4b,0.04291403616157686,0.07254088888662807,0.304,0.088,1.0,0.7682566483748448,0.18,0
ab6aa9ba-54fe-4236-baed-7188be4fad66,0.9799510646556112,0.0207620279067608,0.252,0.12764,1.0,0.29979726305119253,0.16,0
7e70e5cd-7086-4d6d-9e38-da821b91d8c1,0.22376259506623686,0.3960195535978346,0.3,0.168,1.0,0.858490566037736,0.18,0
254c13bc-a704-420b-a561-063cff98f7df,0.006588968219628223,0.008317365944493772,0.072,0.032,3.2838953664899623e-31,0.11805209060971962,0.08,0
3d30bf27-0000-4d94-a5bb-79dc15a1ac0b,0.006420952124523412,0.011319521709984388,0.136,0.092,5.025989164320893e-46,0.103249097472924,0.16,0
cf363528-c86f-49b3-b99c-1624ac22ee0d,0.0314772679611388,0.252154514845677,0.272,0.164,1.0,0.7691281138790024,0.22,0
1dc2863f-834e-45a3-8811-bd25034a4f6f,2.0137812193667363e-07,0.003044397241963672,0.104,0.056,1.0,0.0,0.04,0
f820fc8f-3e00-4389-921b-69b6a0db70eb,1.968512980424876e-08,0.020170164217376364,0.092,0.068,0.0,0.11220715166461197,0.02,0
756886be-14f1-44c8-b332-ef8fb5b083de,0.004680678072733896,0.001690347362685151,0.06,0.048,1.0,0.11805209060971962,0.04,0
c3fb9281-4ea6-475f-854f-75b8d3f0d3c9,0.06347001655363471,0.0024807905874217584,0.128,0.076,1.0,0.0,0.04,1
cb44f18a-a4ef-4a73-8b1c-f4c89a5247db,3.639011335741304e-07,0.025180067815678647,0.208,0.1,0.0,0.103249097472924,0.16,0
856fb362-8dd7-4166-b63b-db19dba1e8e0,0.7996498243496483,0.26826599105312526,0.316,0.132,0.9999999411591052,0.7682566483748448,0.14,0
41d9d2b8-162d-42e7-bf0a-899dfed9f701,0.017171295133957206,0.002102872792602997,0.116,0.06,1.0,0.11805209060971962,0.06,0
24b31e99-3c8b-4365-890b-a2d0d827d1bb,0.9999030325519748,0.0029154857337583746,0.108,0.056,1.0,0.0,0.04,0
a7673c1e-9c63-41d9-8f1b-5f2aeb796da3,7.108277554223968e-07,0.001823346709168015,0.08,0.04,1.0,0.11805209060971962,0.12,0
0bdf60ab-9233-46dd-874b-b7a79e148ee4,0.574820256506881,0.07028249964217857,0.144,0.08,1.0,0.37295081967213084,0.14,0
35405bbe-2b42-48bd-9cac-2f7faf422c73,0.024107228929654625,0.00704755485810411,0.18,0.108,1.0,0.0,0.22,0
8a263a27-86ff-4c36-b032-794512f69bf1,0.6188472614574351,0.00641568358660846,0.304,0.208,1.0,0.7206591244466356,0.2,0
3e39e3a3-70cd-45b8-96dd-62fb335fd67b,0.042025901173995954,0.0655197370533379,0.144,0.08,1.0,0.7682566483748448,0.12,0
6921a362-1704-4794-876d-bc0f0dd615aa,0.0010601227628418413,0.000563242739171356,0.12,0.036,1.0,0.13247374441093848,0.06,0
10cd4138-ca98-4336-9cbe-31165cba2186,0.33777230585878115,0.25646288305393883,0.396,0.288,1.0,0.7691281138790024,0.28,0
01c6eed0-f7ca-4a2f-992e-15ce2a622d44,0.6105304986194565,0.48469736375885597,0.62,0.344,1.0,0.7682566483748448,0.3,0
1743bf40-3769-41bc-99ac-81d2e3184c2a,2.867408004944788e-12,0.001368370670304716,0.08,0.032,0.0,0.11805209060971962,0.04,0
02ad0014-ad3c-412a-852b-cd7336578bba,0.688351369894576,0.004592807594977941,0.152,0.072,1.0,0.0,0.08,0
614c48bb-6b1a-49da-907c-e1327346a066,1.960949326428149e-05,0.001627128768043028,0.092,0.036,0.0,0.103249097472924,0.02,0
f7f34aa7-ba03-45c3-b567-902020d9e6e1,0.033055252963024216,0.03037915731300214,0.212,0.14,1.0,0.7206591244466356,0.18,0
6719b845-60c9-4bb9-9ac6-7dd460f15b40,2.5329400376369392e-05,0.00576289982981392,0.19911111111111113,0.144,1.0,0.7238636363636366,0.18,0
fe0be04a-d873-4c37-94d9-5b5b199224f7,2.7957032427217043e-05,0.0029922285962486845,0.048,0.0,0.0,0.29979726305119253,0.06,0
7a898cc9-6253-42c5-93f0-318227deb51f,0.3092174362174988,0.0052754191507818305,0.128,0.076,1.0,0.7206591244466356,0.06,0
661cf529-9625-4e3b-8318-eadae4549ff1,0.00012947889000061152,0.04031317003791909,0.164,0.088,1.0,0.13247374441093848,0.04,0
b988778d-8918-4805-a0e5-17d12126d22a,5.247235633046129e-06,0.0022761374937763116,0.052,0.04,0.0,0.103249097472924,0.04,0
d2f2b083-72e4-4a5d-bce9-0ed4e7fc8c2e,0.011423095112826473,0.04117059241626171,0.336,0.2,1.0,0.7206591244466356,0.3,0
378525ab-ef6d-4b6a-bc24-85fd242e9495,0.008973756952708606,0.015409531096303665,0.116,0.064,0.0,0.13247374441093848,0.06,0
8557a5cc-0447-4ef9-8554-c60c8cd372c1,3.6366513628469064e-09,0.002628033236142663,0.036,0.008,4.573524078779777e-44,0.0,0.06,0
5687e4b7-95e3-4bbb-96c4-7cf087e03559,0.5324463790061814,0.03211384917063562,0.132,0.084,4.5190984321993704e-183,0.103249097472924,0.14,0
961a5318-dd40-4454-a707-6c612bfa90d8,0.00012356377021009542,0.011236797866708406,0.088,0.024,0.0,0.11805209060971962,0.06,0
a127b2c5-d0a0-444d-a57f-6724c3b81e2e,3.5465025810003013e-06,0.0011938823417597816,0.044,0.016,1.0,0.13247374441093848,0.06,0
803a2970-5093-44a8-ab37-022b641da215,1.0675565667496609e-05,0.11069806682722992,0.236,0.136,0.0,0.13247374441093848,0.08,0
0716946c-0272-42a8-a035-d6150e182586,7.797343046530303e-07,0.001546716230011861,0.1384,0.044,2.1563259214312412e-19,0.11805209060971962,0.08,0
e22408ca-2059-4374-9270-d6e7f19ac546,2.7193480516693003e-05,0.005273588247563973,0.16363636363636364,0.088,0.0,0.0,0.1,0
e40fc76c-d45e-4d8a-a685-2e4f4827f241,0.0009079027922626847,0.002959248606074266,0.212,0.072,1.0,0.0,0.14,0
9cb05818-63e8-4b24-8920-740e51f9a5ad,1.5320118564956964e-05,0.0019245378641257803,0.072,0.032,3.565049163667291e-78,0.13247374441093848,0.04,0
291618cf-bc2d-4d95-9573-404ef1d985c9,2.963422424248667e-11,0.0002480316070783757,0.048,0.028,0.0,0.3973799126637543,0.0,0
0098fa10-a87b-41a5-a82c-704f1d73ae7e,3.843488753922757e-09,0.0022439369465398623,0.096,0.064,0.0,0.5762434889183949,0.04,0
ad144b4a-5b79-4374-a215-35f69551d353,1.750571682962757e-08,0.000527186082799745,0.024,0.016,0.0,0.13247374441093848,0.0,0
650c607c-2381-4e24-8476-9b2393ae01cb,1.0002350721221457e-06,0.040147205232368206,0.104,0.06,0.0,0.11805209060971962,0.08,0
398cd219-e697-4b77-80cf-f2ac18252ad4,5.174306663238306e-05,0.001644463947713534,0.1,0.056,1.0,0.0,0.1,0
c36f9ba0-458c-4bf8-b5fa-e01823a460f7,8.445723797962226e-05,0.008080086068861028,0.076,0.048,0.0,0.103249097472924,0.06,0
67ecea6c-927c-4bab-8293-b1d33f21e87c,6.982864700922979e-05,0.317525556557881,0.472,0.272,1.0,0.7206591244466356,0.26,0
ed694a47-14a8-4dd1-ab42-12bed58f746f,0.9964894525060961,0.5794326388198648,0.468,0.236,1.0,0.8530038346825718,0.18,0
369f2c2a-97d6-4ade-b152-5ff77b93f874,3.844447931111121e-06,0.010797687390001023,0.12,0.048,1.0,0.08708133971291877,0.1,0
24f61953-ba26-466a-ba39-00d90c3887a5,0.006813940793002158,0.0016751931145299556,0.16,0.096,1.0,0.13247374441093848,0.12,0
edf44833-1fd2-40f0-a7fd-d436c6c974dc,7.324190819489693e-07,0.023985800426712126,0.152,0.072,0.0,0.7520661157024795,0.1,0
1f4b4f87-97f6-4140-ac18-5ec838775755,8.644657632886927e-06,0.03399255014548408,0.06,0.056,1.0,0.103249097472924,0.04,0
d95f4b37-a6e4-40bd-a479-d6f2eda329f7,4.979152322072005e-05,0.02213063658413451,0.184,0.09508474576271186,1.0,0.11805209060971962,0.22,0
1f129c2b-6af5-44f1-bce7-6561492fd68f,0.013025475001624388,0.010441012140978922,0.147,0.064,0.0,0.0,0.06,0
b4c687f6-8527-4eed-9b59-75305d64553f,0.15479962926348206,0.038605883448037524,0.268,0.152,1.0,0.7620096959012786,0.16,0
06f27797-58f4-40e8-900d-179f60f97998,6.494496559803409e-10,0.0036733686672370184,0.176,0.076,1.0,0.8530038346825718,0.06,0
4c665b83-438b-4c28-bbf9-959c93b43c2f,0.9849703323434792,0.06823431546238282,0.172,0.084,1.0,0.3973799126637543,0.06,0
140378a5-f803-4a67-b4fa-ee46f5794ad6,0.6453509374304749,0.004583749723334865,0.092,0.052,1.0,0.0,0.08,0
5b14c23e-7aad-4538-b5d9-166c1f0e2f1e,0.00022917923056998797,0.01795924507799076,0.176,0.084,1.0,0.6667952178943308,0.14,0
98589d31-b19f-4841-a6ef-bd289476f6dc,0.08481154559418003,0.07490263856753025,0.356,0.136,1.0,0.8530038346825718,0.14,0
c5616079-05cd-4be3-ae62-ddf88e7d5df1,1.4487477336994557e-05,0.006930904194877556,0.044,0.024,7.708544936524994e-08,0.11805209060971962,0.08,0
315c7f61-cc5a-46a2-ad2f-25378a60ba39,0.0001141975620063288,0.06523525882790529,0.23085714285714287,0.13908474576271185,3.1773461329255446e-17,0.7238636363636366,0.08,0
37952481-8165-4182-9deb-1ef5570d1e52,0.9818903064008744,0.012703053726688904,0.14,0.092,1.0,0.5762434889183949,0.12,0
2143d7e7-47c5-443a-bf7f-52b7a18a9ba7,0.9919381816944325,0.42046640863379003,0.408,0.144,1.0,0.11220715166461197,0.26,1
26f987b6-17bc-4000-b0a7-82c285fe0ddc,0.015531562285325026,0.23078405448895165,0.456,0.212,1.0,0.7206591244466356,0.24,0
526aa25e-cc8e-47e6-b722-ec4383df5ee2,0.002467994506382262,0.0017072347804864727,0.108,0.068,1.0,0.5762434889183949,0.02,0
13e28312-65a1-4e1f-9216-a04b826414f9,0.9281672525210496,0.00812390064449787,0.128,0.048,1.0,0.08708133971291877,0.14,0
74ff6342-ead1-4782-9744-9de3eaf0b3b9,0.003344046552535996,0.0029422153402907996,0.104,0.036,1.1476562830281095e-25,0.5290697674418604,0.08,0
85256c06-6fc0-4356-8830-3ab1e82a4939,0.26284222258482387,0.016544594177343018,0.244,0.096,3.9543619265798164e-129,0.103249097472924,0.14,0
78b2487a-1f5b-47d0-9423-556915d1e5d9,0.00012486969998964193,0.13338924033525187,0.364,0.212,4e-322,0.08708133971291877,0.2,0
28d33a32-8489-4118-860c-06f0879ec73e,0.9640843649380969,0.4832516375980953,0.4,0.2,1.0,0.7691281138790024,0.38,0
260b65da-d0ef-4463-acdc-6f88f08ca1f4,0.00045154781121878714,0.0007364225164399569,0.104,0.056,1.0,0.11805209060971962,0.18,0
1be75905-02dc-48da-8e7d-82ebad248dc0,3.7737664236131e-05,0.0012733324998584928,0.048,0.06,1.0,0.13247374441093848,0.08,0
cea8157c-1619-44d3-8180-5e0afcdf0ab2,0.9803439075410338,0.01625413182267343,0.132,0.044,1.0,0.29979726305119253,0.1,0
44909afb-ce85-4d27-bae6-8dec289aae60,0.9989317681489298,0.10964557461147567,0.204,0.11908474576271186,1.0,0.0,0.12,1
9c81f5d6-afad-4090-bda7-bb1cf8dbdb1d,3.4768652206354194e-05,0.034469845329567185,0.128,0.056,3.555060376912022e-68,0.6447368421052646,0.12,0
ceccc3ae-5d90-471a-a27d-ac25c1c43e29,0.6372174012649333,0.27312709055568873,0.192,0.072,1.0,0.5762434889183949,0.1,0
2e027134-6792-48df-ab39-4529746c4e38,0.16004137059534537,0.03319917132406455,0.2,0.11164,1.0,0.7691281138790024,0.12,0
f27445c1-ee2f-49cd-8172-15d9f505e9b8,3.182916596718414e-09,0.018609775480512025,0.176,0.072,0.0,0.0,0.04,0
aad3e72f-4aa4-4f3d-9f8f-0b22153127f2,1.7594712303517462e-06,0.04972653596422309,0.184,0.116,0.0,0.7206591244466356,0.14,1
8b05882d-c514-4dcd-bff1-e04d8bb4b99d,0.9015321362724625,0.0019415781137579636,0.072,0.048,1.0,0.0,0.04,0
bf856d46-0bca-4ed2-9fa8-f18bc39f59fd,4.144055217130147e-09,0.09427106846737024,0.204,0.128,1.0,0.6447368421052646,0.12,0
0e52306f-5e10-4b5c-bd5f-6ac50ace1176,0.004371046527553493,0.009114703580721533,0.144,0.064,1.0,0.0,0.1,0
ebc55e50-77aa-47ac-a8c2-cb26e0a1dd84,1.20515245566268e-06,0.004175186342304752,0.08,0.056,0.0,0.11805209060971962,0.1,0
6d870ec2-f563-46b6-b03e-c81db4f79ebe,0.1380628183584638,0.0990076101530398,0.172,0.148,1.0,0.5687499999999998,0.16,0
5b73c606-eb7b-4099-b8a9-ecbdb165f89f,0.9906967868335559,0.037320366965908645,0.156,0.06,1.0,0.13247374441093848,0.22,0
7a7cabc2-f6f3-48a3-ae7a-2bac6466d159,0.4645835954982085,0.008836494105443578,0.148,0.088,4.262653271547153e-193,0.34732824427480924,0.06,0
77679b14-2ce9-4319-b4f1-74daeb40b124,0.03961141413738214,0.0017844807690001986,0.112,0.036,1.0,0.13247374441093848,0.1,0
b104a433-6ffb-48ed-964d-89c25cea9485,2.6028718968746288e-08,0.01449794872408716,0.144,0.092,2.2539986242285065e-39,0.8530038346825718,0.1,0
425eb006-4227-443f-9e1a-0085fd061aa8,0.04287309876256919,0.0009136031175203572,0.116,0.028,1.0,0.13247374441093848,0.06,0
fc310ef4-f298-428f-a360-79bbe4a1fdbe,0.11956706570040282,0.01145158464240553,0.136,0.084,0.0,0.7206591244466356,0.02,0
54556ef4-afce-440a-b5c9-b2e58ca8ddea,0.9985202332640213,0.0019559154550283474,0.128,0.064,1.0,0.11805209060971962,0.12,0
14337d1a-822b-4e1b-9354-70b7302ef3e8,7.941797275923387e-08,0.0024259649282225943,0.136,0.076,0.0,0.5762434889183949,0.24,0
58cf1b60-11c2-4e0c-91bc-028c7775cc22,0.011409784073473149,0.002982023987396534,0.14,0.036,1.0,0.13247374441093848,0.04,0
34babf3d-8d17-4b6b-8178-7f85c4d682a9,0.20290549450721296,0.01844549557294435,0.376,0.18,1.0,0.7206591244466356,0.22,0
4cee3c76-cba2-4e7e-8711-b67fdad82d26,8.371765054708236e-05,0.001282924935712045,0.088,0.032,1.0,0.103249097472924,0.06,0
0687083d-ddd4-45d7-89b0-a696904e7b43,0.00899111231965465,0.025107900085218494,0.2,0.1,1.0,0.7520661157024795,0.1,0
3dbdd1ff-ff80-4da8-8b87-062ec221323a,0.9997971682515362,0.17745658927664487,0.264,0.088,1.0,0.7682566483748448,0.16,1
a49de460-2210-4881-bf77-b51cf5425876,0.9613715524429621,0.009255887701793622,0.168,0.084,1.0,0.11220715166461197,0.26,0
c882bd76-b401-4575-81e5-876af958ac83,1.485832732782516e-10,0.001421023831467126,0.1,0.04,0.0,0.103249097472924,0.02,0
e5f2f00b-6a43-40f7-a6e6-17356fc65b7c,0.9962639606290827,0.2640640676045558,0.272,0.152,1.0,0.7206591244466356,0.2,0
26b786e6-a35e-4ebf-bc54-9ef14eabb3a4,0.021325950552880862,0.6890308302324627,0.416,0.236,1.0,0.7691281138790024,0.24,1
88af8fb5-968a-41d9-ae3d-bef4d4eb6610,0.005786915020718217,0.1490930783856506,0.24,0.16,1.0,0.29979726305119253,0.24,0
a0521ecc-456a-4230-889f-3c654f1064c5,0.5363739645189023,0.04773981383254671,0.292,0.16,1.0,0.7620096959012786,0.16,0
d203fefb-e948-4035-abd1-05cebfacc72f,0.014683566430461875,0.015930458353871736,0.188,0.108,0.0,0.5762434889183949,0.12,0
917ccbca-3dd0-4578-a8c0-ebe81ea0935e,0.0003309588323740293,0.009720626851672487,0.096,0.076,0.0,0.103249097472924,0.02,0
7a00a1d4-a8cb-48d0-bd1a-1b74086ba9ef,0.035860698199235985,0.1074595952234872,0.336,0.228,1.0,0.678092399403875,0.3,0
d40e4096-77a0-454c-bd17-f439cbef1919,6.016533185355367e-06,0.005148309692878177,0.176,0.08,0.0,0.13247374441093848,0.08,0
1b9a98f7-88a4-4175-a9d9-039f50d72daf,0.20602467445642503,0.1752399229972912,0.244,0.12,1.0,0.7206591244466356,0.06,0
0f854fb8-f2da-48ec-9368-6be0c0a26881,0.029022260054031416,0.003413891344747419,0.168,0.056,1.0,0.6667952178943308,0.14,0
c3533b4b-9622-4a21-b4f8-76bd1af5bbc8,0.006974881218276341,0.0016150165422640771,0.176,0.064,1.0,0.0,0.14,0
6da50189-7cff-4a16-b712-995638bc50f7,0.01520612140450215,0.0006622794437567263,0.068,0.012,1.0,0.0,0.04,0
55e35416-f0aa-4af6-ab94-9cfba6dbba50,0.001975565101624357,0.035782504416999115,0.108,0.036,1.0,0.11805209060971962,0.12,0
c6020d31-7996-4201-bfa5-701da67f96c9,0.00026225316400289725,0.0005395642593484466,0.056,0.03564,0.0,0.103249097472924,0.0,0
dc1be6ce-248f-475d-bb82-a5ebc63e9304,0.9988351123692919,0.01154339942888246,0.128,0.036,1.0,0.11805209060971962,0.1,1
e012b294-bd7c-42e8-b9f8-9529fd1fbf59,0.9610299211683263,0.4049352547660919,0.296,0.144,1.0,0.20177383592017717,0.14,0
6405143b-dd95-4f00-a950-760a613ff24e,5.728366608464204e-07,0.0022349973191389855,0.116,0.04,0.0,0.13247374441093848,0.06,0
37393c68-6268-4af3-8aa1-f2c2a09aacf0,0.5211843926843854,0.020449763225027392,0.312,0.136,1.0,0.13247374441093848,0.24,0
28fcd57c-64f2-4400-bce9-42adcfff8e83,0.25727210434036674,0.004331524051816722,0.188,0.096,1.0,0.0,0.08,0
f166daef-6c16-4f8b-aaa7-6103ddd43419,0.5190260511008754,0.06153679045958988,0.168,0.056,1.0,0.7620096959012786,0.1,0
516b1883-240b-42ac-82e5-ec7b9d39c094,0.013472379713480483,0.03681232038137479,0.18,0.08,1.0,0.7663157894736834,0.16,0
33370584-e620-4d3e-9883-5a1a0348e1eb,0.00012661152611556672,0.006817474354784737,0.188,0.112,1.0,0.0,0.24,0
1c63267a-d43c-4cfd-84ae-9eef8f5d9441,0.045568440000075344,0.0026552593185316642,0.088,0.06,0.0,0.11805209060971962,0.04,0
26210a77-03d8-4ca6-aae0-cbd7ec89a02e,0.0017097126594723955,0.0008128854922693492,0.092,0.044,1.0,0.0,0.04,0
b11be5cb-a95c-4b2f-b800-9c401b1358a1,1.4142790129660423e-07,0.01021600317451036,0.132,0.056,0.0,0.11805209060971962,0.12,0
3e2830a8-8f2c-4f34-b229-5c3d66b55eba,3.960735814482019e-05,0.004850930853128713,0.128,0.044,0.0,0.0,0.14,0
d903270e-6f7f-48d0-be29-9f883129eefd,0.012688110641966616,0.0009002041088848036,0.044,0.024,0.9999749638319354,0.103249097472924,0.04,0
5b57c99f-6611-4ce7-8ddb-d321f9ac37b5,0.3255462047560424,0.11232691896334267,0.244,0.152,8.388094830848883e-217,0.0,0.18,0
dc9c1bc3-2ee5-41a4-8f2d-29fc365bc907,7.030348220328278e-05,0.04494335230523415,0.376,0.148,5.5762194462108634e-36,0.7206591244466356,0.2,0
a1c651c1-5a29-4d7a-b79a-2e6102b32739,4.9029644347908634e-08,0.02048033061586415,0.224,0.152,0.0,0.0,0.16,0
3e3b154c-9247-4454-a55e-41c83e831ca5,0.0003863948692087437,0.004540154878961622,0.088,0.048,0.0,0.11805209060971962,0.04,0
65468f10-dbdb-4d03-9b09-d800ee2f3728,0.017061073124949873,0.0641027532592318,0.244,0.112,1.0,0.0,0.18,0
9ebbebe3-a3a8-4372-b099-7969b65b8200,0.09073798990758365,0.02854645940081086,0.236,0.06,1.0,0.7206591244466356,0.06,0
84bed82e-19fe-4c7f-93e1-a3be61421129,0.0004883835480516579,0.0034666891899087886,0.064,0.044,1.0,0.103249097472924,0.1,0
9a5c8b38-7ac7-4fba-a35c-0a0a99fb0221,0.20084675916267122,0.012404325379316385,0.16,0.04,1.0,0.13247374441093848,0.06,0
1389e473-757e-469f-97c5-c8f26ed3ef15,1.0686002105345643e-11,0.005170825986673556,0.056,0.024,0.0,0.11805209060971962,0.0,0
f36156fd-bed5-4ae5-a52d-3be47aee6083,5.497649441886276e-05,0.0006649860609728881,0.06,0.048,0.0,0.13247374441093848,0.06,0
822954d4-08c0-450c-a7e1-e2be9f0c0ea1,0.05754574362316591,0.0004995748852796649,0.08,0.044,1.0,0.103249097472924,0.16,0
59030bdc-ce68-48e0-b61c-b45246cef715,3.0368130222036833e-05,0.005277182701687955,0.116,0.056,1.0,0.5290697674418604,0.06,0
9fdd8417-ab08-4258-9096-c8099470057d,0.09291710618556236,0.16846858898571698,0.36,0.18,1.0,0.6447368421052646,0.14,0
28022abc-5f37-4ef1-91ea-54aa7d90736d,9.9350096532921e-07,0.042720128683967705,0.152,0.1,1.0,0.0,0.16,0
1fa1f177-8e70-4454-a4b3-fe6e0719a373,0.049894011241589244,0.026648315411831713,0.2106666666666667,0.08,1.0,0.7682566483748448,0.08,0
f683e7af-ed2d-4e1e-832a-79f6969335a6,6.453413853341228e-07,0.004799049613068223,0.096,0.072,1.0,0.5174654752233955,0.02,0
324513e5-ef77-4674-a3f3-ba83e18094ff,2.7289150614329866e-09,0.009916502463671336,0.108,0.056,0.0,0.8530038346825718,0.06,0
1f04df31-538e-4573-a6be-d8d8461d01da,0.017949906763293243,0.026496841378556877,0.18,0.08,1.0,0.29979726305119253,0.08,0
30c7be5f-c734-4b48-99c9-8cbf74412bee,0.8274356824244552,0.46562055563355714,0.308,0.144,1.0,0.5762434889183949,0.24,0
202ffd92-fe38-4c66-8957-4de77d178e47,0.02696430891050807,0.042007740265656915,0.236,0.148,1.0,0.5762434889183949,0.24,0
41bea5c3-3814-4c0e-bbdf-611979186275,0.0003358643803064335,0.014039868791924433,0.076,0.076,1.0,0.103249097472924,0.26,0
724db6f7-4f11-4a2a-b637-a3a90392b96e,0.006941205703593647,0.005484231370199962,0.092,0.064,1.0,0.13247374441093848,0.1,0
a24a4513-959c-4e27-a4fe-a9115eaff7fb,0.4046114644695094,0.08670351414623888,0.24,0.084,1.0,0.7682566483748448,0.08,1
da56c06e-1fc3-485b-ba73-248e0e44f21a,0.5117851156379954,0.009521139297179933,0.192,0.1,1.0,0.7626737530662306,0.12,0
01fa542e-fa22-4cbd-952f-cc7606b62f41,0.1940937839903688,0.0022850379689346744,0.116,0.024,0.0,0.11805209060971962,0.02,0
e401505e-550d-4e33-820f-15127df15f8e,2.996769378200667e-12,0.008022823578940692,0.128,0.068,0.0,0.11805209060971962,0.1,0
be13d6df-888b-47e3-aa14-36f3d4c3fe66,0.00024735117689145215,0.08319004447804591,0.264,0.092,1.0,0.5762434889183949,0.06,1
006bf8d1-5d63-494d-9629-b52d61b7fd29,0.004459006512925344,0.005902234004923922,0.116,0.052,1.0,0.5762434889183949,0.12,0
f97a8ebf-c5b0-4580-9c15-f130c50ec11c,1.3122840140307436e-09,0.0048546648725092695,0.112,0.088,0.0,0.7206591244466356,0.02,0
201c6f50-24ed-49d8-885c-addbddd2b141,7.201892484348638e-10,0.0010498117930239238,0.044,0.016,0.0,0.103249097472924,0.08,0
34c81a0e-8f5c-4989-bdb3-abcde0e36762,0.5612875676727409,0.0453357803525746,0.24,0.14,1.0,0.7206591244466356,0.14,0
2b74dbd4-c1cf-4ee1-9f18-27d472558ba6,7.01756748215514e-05,0.004422089546603429,0.12,0.092,1.0,0.0,0.1,1
c6580a05-75a4-45d2-825a-9fe9575efc68,5.0716921554393e-08,0.0013309040791198608,0.044,0.04,4.689139397091919e-13,0.11805209060971962,0.04,0
c731c6b9-5f84-4ff2-b329-79bfbe71e99d,0.32764538165699425,0.18154309797901008,0.408,0.22,1.0,0.7682566483748448,0.26,0
48b880bf-7e15-4f4e-8d0b-9c25906bffb8,2.2930008135268705e-18,0.00012395906302916962,0.036,0.016,0.0,0.103249097472924,0.0,0
05786c3e-fae7-4d9c-92ea-ea041e3c948d,0.001618599258667805,0.025735428547753788,0.092,0.04,1.0,0.103249097472924,0.08,0
e5b02a98-c6b4-4071-93b4-009d994ce4f5,0.9786095709876572,0.6029446951984492,0.332,0.224,1.0,0.11805209060971962,0.36,1
737dd4e7-736b-4f9b-a644-f8ca27d3a73a,0.5883647475827096,0.02162497172583313,0.208,0.088,1.0,0.7620096959012786,0.12,0
146c91bd-0f6a-4189-a18f-873b6e83a3e9,4.994931954309776e-10,0.0014346879582961488,0.14,0.068,0.0,0.11805209060971962,0.16,0
950064ac-b6d4-4bc5-be5c-6f71eda0e879,0.03961701129704048,0.4007131651952936,0.24186666666666665,0.108,1.0,0.0,0.1,1
a9adc29c-3946-4928-b740-276583c8cc71,0.26116991164845876,0.0020149231255799254,0.12,0.052,0.0,0.34732824427480924,0.04,0
48a3bd50-a575-4b97-a097-2477bc35318f,0.07242708713458193,0.0016018769216187413,0.132,0.06,1.0,0.6667952178943308,0.08,0
025ff581-c1b6-4d8e-9638-0460fae7492f,0.000410813719185932,0.0044843430831465496,0.2,0.11508474576271187,0.0,0.0,0.16,0
31a140ef-3d19-40fa-a756-850113bc8222,6.507106379020993e-06,0.01004934831246005,0.148,0.048,2.2790683963640027e-26,0.29979726305119253,0.1,0
6d286e23-0599-427a-a182-60c353351229,6.912452994673057e-10,0.025561911633736417,0.16,0.064,1.0,0.5174654752233955,0.14,0
df63970c-53dd-411c-a8b8-1f2ac86e43dd,0.001755301586092431,0.01008712558604582,0.232,0.088,1.0,0.103249097472924,0.12,0
e82e4295-ac12-4c7d-ab00-b1ec2d23fd7e,0.14532682956588067,0.0639771201542116,0.2183857142857143,0.08708474576271186,1.0,0.11220715166461197,0.08,0
efafab09-3f9b-4ac5-89f8-dff40a31600a,2.3158697562945365e-12,0.005109004863941276,0.036,0.012,0.0,0.11805209060971962,0.04,0
51842b14-3ee1-4dbb-a694-edb628bba8e7,0.00037813878338321635,0.002502620868619587,0.096,0.044,4.786242046985068e-65,0.103249097472924,0.06,0
da78da5b-d93c-4fb7-a30c-5c21bedb8ffe,2.4298771125712545e-11,0.0018882573134094767,0.088,0.016,7.805208829951468e-239,0.37295081967213084,0.12,0
e41d64d7-2ada-4a3d-8992-9628a2f720f1,0.0010368838005654483,0.00267799243980817,0.088,0.02,1.0,0.11805209060971962,0.08,0
1081b758-1da4-43f4-b8ee-18157db5123f,7.094300199420876e-13,0.004813970938871179,0.132,0.056,0.0,0.37295081967213084,0.0,0
460ae15d-832c-4371-9a71-517017aa4512,0.02651437630527309,0.0015193345430778733,0.032,0.012,0.9999999999822649,0.103249097472924,0.02,0
8689c58f-5948-414b-bcff-59e7f13f7dbc,0.9999920906541321,0.1801938258109729,0.26,0.216,1.0,0.7620096959012786,0.24,0
bf286348-a528-4c75-98d2-932006c9ac3a,0.5797174630864032,0.05654199624056058,0.316,0.236,1.0,0.7682566483748448,0.32,0
c80ae730-9cd4-4b71-ab78-10e677d5a659,1.8001290783327522e-07,0.0003816356636794711,0.072,0.024,1.0,0.0,0.04,0
bfe21e64-889e-4f83-adab-4bf19551102d,1.4501443573607365e-05,0.0010938173623648779,0.088,0.044,0.0,0.34732824427480924,0.1,0
f204a0cc-c050-426c-8137-459af21e2ab2,0.0035893633368763497,0.10431316746216049,0.14,0.08,1.0,0.13247374441093848,0.02,0
95e7738d-998f-4f40-bc23-3051ab04723f,3.882748816187872e-08,0.0018571217881094243,0.14,0.08,1.0,0.13247374441093848,0.16,0
a882ef0b-f36f-4749-9cb7-ac45acce42a3,0.20673184148730156,0.0043770365065647675,0.1,0.088,1.0,0.3473282442748092,0.12,0
2bf7de2c-9201-4158-bd45-7a1265b74079,1.22772684074717e-09,0.0016131890643886,0.128,0.076,0.0,0.11805209060971962,0.1,0
81c199ac-c73e-4409-9e30-6f5131a3e0c1,1.5139500469566557e-07,0.00412429296470624,0.144,0.036,0.0,0.5762434889183949,0.14,0
da2a8de8-4407-4cf7-8405-badea05eb7d0,3.1410380130019537e-07,0.04773695635135438,0.244,0.156,0.0,0.0,0.14,0
27571d10-b7d0-42fe-9cb6-3938aec602d0,0.5008456931071975,0.005879626934166056,0.256,0.12,1.0,0.13247374441093848,0.18,0
1b7090b6-a816-4f72-8447-1306bd5e8e4a,4.72439596419586e-11,0.0008840258031263101,0.06,0.044,0.0,0.13247374441093848,0.04,0
b8327620-3634-46e9-8b3d-b30d2b76a36d,7.922839632733313e-07,0.002332715286592875,0.068,0.02,1.0,0.11805209060971962,0.02,0
24b68104-675c-4695-8862-3b749c5bff51,0.00019969235700094032,0.12477929925079663,0.388,0.276,1.0,0.6408450704225351,0.28,0
8b75faa2-e33a-462e-92d6-ea981ced3dea,3.864741998685517e-05,0.0033572760964480307,0.136,0.044,1.0,0.7206591244466356,0.16,0
591c67cf-4052-4fb7-a8ae-25ebfc531244,0.0024510001053311115,0.07756945641392901,0.3,0.132,0.0,0.7206591244466356,0.14,0
52280ffe-46b7-4936-ba0a-712c446d3c94,0.00010858851665376698,0.4099976020900795,0.436,0.216,1.9553581979684834e-66,0.7691281138790024,0.24,1
fac1ee2c-609a-4467-ab5f-22605010428f,9.235014187633919e-08,0.0011832375218869423,0.108,0.052,1.0,0.103249097472924,0.04,0
ac510603-6dd2-4e49-9cba-1903b1bc9087,2.099439791034422e-05,0.002833455996419701,0.196,0.104,1.0,0.0,0.1,0
49cecac0-2b1d-4b23-9dce-d5f7912714a7,0.0006514541344937666,0.04308171291372747,0.284,0.088,1.0,0.0,0.12,0
7cd4d4dc-54ae-47ac-a9c4-aa7cdac9409b,0.0027297849533151476,0.009145843590900886,0.088,0.04,0.0,0.5762434889183949,0.06,0
329e45ca-ae0a-4bd4-8d24-1bb09ae403cc,0.20158644357438707,0.2103144263082005,0.216,0.112,1.0,0.7206591244466356,0.12,0
59065805-d4dc-4524-bd50-23ae95f4d3ef,1.4896719018836029e-06,0.002352677059609176,0.18,0.052,1.0,0.13247374441093848,0.06,1
098c420b-2cbb-4f25-94f5-683cfb836a9d,0.9994874317571231,0.007077493750584293,0.128,0.068,1.0,0.11805209060971962,0.06,0
6c96ba8c-9390-428e-a87d-80927aa664f6,3.9688789003553385e-07,0.01606872691110537,0.196,0.084,1.0,0.3973799126637543,0.12,0
42c52ef4-82d0-4a59-81d0-7da3ad48a3a4,0.9910890709375013,0.0056822170624703855,0.192,0.108,1.0,0.103249097472924,0.18,0
9819cb8c-7205-4626-a160-bf28ca0d209e,0.060096452969397474,0.006449826332157701,0.096,0.032,4.559324854871514e-28,0.13247374441093848,0.04,1
aa9b315b-48ed-4eff-8845-9073cfd26b6f,0.00012015587420084571,0.001692760361493359,0.124,0.072,9.460832074332056e-28,0.5762434889183949,0.1,0
137568d7-ba18-487c-8d05-34b134648084,2.2092229802039334e-07,0.004812873637017487,0.096,0.032,0.0,0.13247374441093848,0.04,0
5a9ae3e0-198f-48a0-9156-6282139fca02,0.8653082840698594,0.055991096583755576,0.21866666666666665,0.13928000000000001,1.0,0.5762434889183949,0.1,0
db5c9fd8-3b46-4b22-96e9-cfb1ffe91bc5,1.4025935491521092e-07,0.0026104158260825275,0.092,0.032,1.0,0.7691281138790024,0.08,0
8a13b98c-b26b-4edf-aef8-ddc5dd0c19a8,0.0017617604947626209,0.0011048307836639755,0.096,0.048,1.0,0.13247374441093848,0.02,0
6df9293e-870b-4f9d-b0eb-e9a1fe44d2bf,0.0010685006388504751,0.0010465111210803785,0.068,0.032,0.9999999998917701,0.103249097472924,0.0,0
6e218b85-8a80-4b85-8d2d-3b09c8d1cc3f,8.081741464434962e-11,0.0020037631408274022,0.1,0.04216949152542372,5.126949767902599e-19,0.11805209060971962,0.06,0
8cdc6289-194f-4367-b445-e9ce139094a6,0.0005110292501063071,0.004780042345571443,0.124,0.068,1.0,0.754739336492891,0.12,0
001f910b-a19c-4c82-adb4-04d07aea5a89,0.07974851606838618,0.0031492921982021263,0.108,0.028,2.2792579674613672e-125,0.0,0.02,0
64414286-ef1d-4273-904b-2f756a718c79,6.612164153742488e-07,0.0051471188460693006,0.196,0.088,1.0,0.11220715166461197,0.08,0
b48f425f-e9cd-4146-8a4f-abed0972c29c,0.0001113747987303814,0.07838350571085265,0.24,0.14,1.0,0.7206591244466356,0.1,0
412caacb-eac7-4655-aac5-d668dfd3a562,0.011138707937309675,0.0165526442033437,0.112,0.06,1.0,0.13247374441093848,0.16,0
87ac2cec-a1a4-457c-95d2-45c806ef1e25,0.026056301623235967,0.021320455694368082,0.252,0.132,1.0,0.7682566483748448,0.12,0
37ab0821-e38b-413f-b24c-d051aa60cdd3,6.7514018441456104e-09,0.0382085665360278,0.208,0.084,0.0,0.5290697674418602,0.08,0
63844f50-f9dd-4419-be5b-58f3bc074d0d,8.806007988062314e-06,0.002860374324337365,0.132,0.02,3.665290443261062e-97,0.0,0.04,0
8132321d-d06b-4b3d-9ea3-fcf6868bf25c,0.00014131355933136476,0.005085092389877166,0.148,0.084,0.0,0.11805209060971962,0.16,0
33d6c108-8e01-4e01-9f0f-09002e194004,1.0553422068162482e-08,0.0003451499806701506,0.036,0.02,0.0,0.11805209060971962,0.04,0
15a952b5-890a-410c-b714-72798f95ec4a,0.13166728919382056,0.004160903345351728,0.132,0.072,1.0,0.103249097472924,0.04,0
fc577ee8-4b0d-4709-bec6-36aa5d9926e2,0.9990057928973944,0.4771998365755811,0.344,0.28,1.0,0.7206591244466356,0.16,1
0d092cb4-8313-4ed6-9b1a-dc3542778338,4.820843435895046e-05,0.0029515427703444602,0.132,0.084,1.0,0.103249097472924,0.16,0
e8013196-d1e1-412a-84e1-d916a89640ad,4.222939162664519e-13,0.00048201390074924824,0.068,0.024,0.0,0.0,0.02,0
24eb6c05-f616-4a6f-8c84-907b2af54092,2.4454331571835286e-05,0.0027518861678901417,0.156,0.05964,1.0,0.5762434889183949,0.08,0
9bc4a5b0-100f-443f-aa93-5b2523d83516,1.6105430735978178e-06,0.007119296988645999,0.072,0.06,4.157074247471844e-11,0.7620096959012786,0.1,0
744657ae-e36d-4168-b2eb-6898706efd59,0.9992799633414015,0.4911822438089576,0.328,0.192,1.0,0.7206591244466356,0.22,1
bddc72a8-96e6-4b23-8173-a6586ffee074,0.011701197944368137,0.00741925211588818,0.172,0.068,1.0,0.0,0.08,0
33187116-1f48-4621-97e0-fef6020e4204,0.01168877208035103,0.04323262613911071,0.168,0.048,0.9999999999996589,0.0,0.06,0
955e61e3-ee21-407b-b9a8-12c40a206f17,0.0005741014576640435,0.0065771088061734075,0.148,0.1,1.0,0.11805209060971962,0.16,0
692632ac-c67a-4992-b28b-f21ad67b4468,0.0012482971114774993,0.0008397453503167791,0.112,0.052,0.0,0.29979726305119253,0.04,0
ac2a265d-9cc4-4f7a-95ee-e286a57275c1,0.9840327846882646,0.14939504273561627,0.348,0.188,1.0,0.7691281138790024,0.18,1
328d2e1c-d970-40bf-a367-33791431ab7b,2.4275102872454064e-06,0.006232242176997418,0.168,0.09508474576271186,1.0,0.8251295336787562,0.1,0
90203e98-6acd-4a2c-8b94-8f393748b109,3.544351214829886e-05,0.0008341647349417544,0.072,0.04,7.086924574426886e-11,0.13247374441093848,0.04,0
19b0e209-3fac-4464-8ac6-40a9ce196823,7.975427833927345e-05,0.001261743455204293,0.12,0.036,1.0,0.0,0.02,0
adb82ef4-b4fe-4649-8098-b027eadba102,0.007908828528017123,0.0006949162567347063,0.208,0.092,1.0,0.11220715166461197,0.06,0
cbc0b9f2-079e-467e-81b2-5825e45db5dc,7.915915399390284e-11,0.002162937586079897,0.084,0.04,0.0,0.7520661157024795,0.02,0
8970bad5-6d00-4357-9a21-ae604e2b013a,0.012290924345932248,0.011506318570020277,0.076,0.044,0.0,0.7626737530662306,0.02,0
e3bfd0a5-d234-44ef-b394-702f1ff29c2c,0.6015204704531933,0.029543272546970593,0.136,0.08,1.0,0.13247374441093848,0.14,0
129802c3-95d6-4047-bd8f-c3eb3b8d06cc,0.000977685540886792,0.004280833093968237,0.064,0.012,1.110109862689794e-120,0.0,0.0,0
dd31c940-7315-43b5-a177-0f2fd115d84e,2.775961665819101e-07,0.01757575979266555,0.2,0.076,3.271254315520195e-40,0.0,0.06,0
5e2a2e10-c584-464a-8e36-2e08a935afab,1.5396685317706543e-09,0.0004132220188372721,0.088,0.044,0.014713954057697804,0.11805209060971962,0.12,0
c56af6b4-85ef-494b-9d7b-48e276c61ab2,0.0025376221039475266,0.1852891271046357,0.2,0.144,1.0,0.13247374441093848,0.08,0
032b0547-7916-4e98-8f5a-91f67ed3de34,0.1352541795296087,0.2852481212984161,0.268,0.092,3.6535799589868235e-140,0.7206591244466356,0.18,1
b6a639d8-14b8-49c7-8bef-077bc2c2eae3,0.9987466537650574,0.5565794106930644,0.368,0.196,1.0,0.7691281138790024,0.22,0
e8e0dd49-3bf5-4e68-96a8-a28d00b5ba14,0.7786980446043116,0.054564310864444236,0.42,0.196,1.0,0.29979726305119253,0.2,0
ab6807f0-0306-44f2-84bd-1fffcad44f97,0.1721746688945661,0.01573163840547695,0.228,0.116,1.0,0.103249097472924,0.16,0
55fcae09-4887-469c-9191-1e5e9646d338,0.005162292539214658,0.013930306104966287,0.164,0.056,1.0,0.0,0.04,0
34070f9e-24a3-44e6-90e8-e53c80bfd4df,0.002246339881397173,0.020340363837907292,0.22,0.096,4.350185262573821e-68,0.7691281138790024,0.2,0
32f2559f-57f0-4c90-97a6-9e69843a32f7,2.2543282348717247e-06,0.0068337686965557675,0.2,0.056,1.0,0.0,0.14,0
785b37c0-3f75-4f5e-af45-f35ca7cef780,0.945539242695597,0.4048072366702145,0.268,0.152,1.0,0.858490566037736,0.18,0
9fc20b9c-0ac4-4dd4-8358-5833fa9ec901,0.5332541197362357,0.14316756480536025,0.28,0.148,1.0,0.7682566483748448,0.12,1
94da865b-f65d-4f91-83c4-4f17cbb68527,0.0850004771711468,0.00046155092215666784,0.064,0.02,0.0,0.13247374441093848,0.0,0
5afb0e09-2b17-4fb6-88a1-ca56ab58ceb7,0.48826358275512954,0.002080030329619789,0.112,0.032,1.0,0.0,0.08,0
40e96864-7195-49c2-991f-4c92fb237321,0.999628550509542,0.4821613946407219,0.348,0.148,1.0,0.5762434889183949,0.26,1
ff8aefb0-c9b2-4336-ac80-066f8dfc39e5,0.0008097869889024185,0.006405886543168461,0.148,0.088,2.618568408065139e-87,0.11805209060971962,0.1,0
70c69358-2e48-4249-a933-05d92f28cd47,0.4318220985669109,0.27906811436552426,0.428,0.204,0.936926229922097,0.7206591244466356,0.18,0
5c8dbdd0-5955-4647-be63-d90786fc37b4,0.00021697537505124205,0.015968739052453815,0.188,0.08,3.3347572433293575e-69,0.8125,0.14,0
2fb17ab6-3733-437a-9054-a513d412f241,0.9924743695293049,0.10788354754590937,0.336,0.14,1.0,0.8530038346825718,0.14,0
60e016f4-6de5-422c-9066-7c0de9596ba0,0.015921397695307978,0.001378907801548245,0.072,0.024,1.5437403747738008e-14,0.103249097472924,0.1,0
9edbb920-da01-4347-be0f-34df0d3bfb03,0.0001290361264717617,0.001213603470073597,0.096,0.04,1.0,0.0,0.06,0
ed578745-d4a8-4778-89e0-f4950dea0403,0.8192346741273717,0.2352930445060072,0.252,0.168,1.0,0.7691281138790024,0.28,0
98f80fc3-f47e-4700-a9e9-6ae8458b3daa,0.05419005283944788,0.1381438805688847,0.252,0.12,1.0,0.7682566483748448,0.16,0
ed1d8259-96ac-41df-b259-c8962b5540c9,8.956651395279548e-07,0.014725722367356286,0.176,0.072,0.0,0.6667952178943308,0.12,0
7333961e-771a-4977-89f3-c41984812fa2,0.05571854425681714,0.02510644871348217,0.236,0.12,1.0,0.29979726305119253,0.26,0
dcdb3fb8-8c57-4b08-b8a6-1490c566c0a0,0.7756586593254933,0.026909043821632905,0.204,0.11508474576271187,1.0,0.0,0.16,0
d41a3d55-605f-4f19-9f68-b73f4a001434,0.0004271047099762992,0.019093204063222062,0.144,0.06,1.0,0.0,0.14,0
0addd932-677e-4992-b7a2-f7bfdf3fc32f,0.000547641966771576,0.0020278187592287235,0.176,0.088,1.0,0.29979726305119253,0.14,0
e04eb09a-5df2-4853-ba52-cae7647872d5,0.0013718697007181343,0.037095181897516094,0.152,0.072,0.0,0.7206591244466356,0.12,0
366b7c2e-7b4b-432f-8d5d-d2e01ca391b9,0.013857675913583486,0.018496926184474714,0.1,0.04,1.0,0.11805209060971962,0.08,0
f6fe5b34-0d34-4503-880f-d04222a59374,0.14507230602941287,0.019756130146392693,0.156,0.084,1.0,0.7878787878787872,0.1,0
df392def-2bbe-4416-9468-c3036ea8c714,0.00020973044387242545,0.001223349111318508,0.072,0.036,1.0,0.11805209060971962,0.0,0
749e7d2c-6dc2-4bd2-888d-34e5cd6a64ce,0.9809684519166316,0.33452891274426594,0.428,0.288,1.0,0.7682566483748448,0.24,0
7c9f285e-b80d-46d9-9d91-899c099c0ecb,0.014657828532265122,0.14352422068652246,0.284,0.096,2.8277987015220886e-60,0.103249097472924,0.18,0
5a1cc576-62f0-426b-a2dc-7c94d518406c,0.0018582898838171884,0.0042136808034620495,0.128,0.032,1.0,0.5762434889183949,0.14,0
625864db-2ba1-471a-92a7-642e360b9b4e,1.0657472657669842e-06,0.0020877809386115045,0.14,0.084,1.0,0.5290697674418604,0.06,0
fd816b92-18fb-425e-a1b7-6824fc4c2789,3.5132185816496066e-12,0.012697443188424236,0.226,0.116,0.0,0.11805209060971962,0.18,0
6114ac93-e08c-435c-92ae-dff570ed5552,0.8533548318859008,0.0025348383285290496,0.076,0.02,1.0,0.0,0.0,0
3a77cfc4-6125-452e-8220-3edf9641a982,0.6906570152311399,0.01311120222717726,0.16,0.072,1.0,0.6447368421052646,0.06,0
117bda3f-3e3f-42ed-9865-e0e061bd6c33,1.0343523261280981e-08,0.002684901537157666,0.068,0.044,2.0037790672830732e-53,0.13247374441093848,0.06,0
075dc974-46c2-401f-a6f0-3fff7d5adce4,3.7375145134097795e-08,0.002179939091057091,0.096,0.02,0.0,0.0,0.04,0
9e8f4aac-2df8-4eb8-b970-1b229a17cae4,2.024528447062658e-05,0.012382578676523308,0.092,0.104,1.0,0.11220715166461197,0.18,0
68fcc067-f0b5-4cf9-ad96-d60a3797dce5,2.55124098878558e-05,0.006219324031328713,0.112,0.08,1.0,0.11220715166461197,0.04,0
1c296fa7-6713-41c3-b69f-2f1fbd5bf42a,0.08526492907327031,0.012998553477754337,0.152,0.048,2.2684910511373325e-35,0.0,0.02,0
c1127417-4df7-46e6-8ef2-60d629be2814,0.6538840313094793,0.0030189866868112866,0.096,0.044,1.0,0.11805209060971962,0.06,0
30e6f514-c813-4b33-a067-c81a009d8ce0,4.079405762486308e-08,0.01051135201856271,0.152,0.076,0.0,0.0,0.18,1
91f730a7-1cb3-4c7a-8c7c-1a26ad8b8f86,0.0010468614867590715,0.007669304640146092,0.12,0.028,0.0,0.7206591244466356,0.1,0
1a276e5c-26c3-4df0-9577-226d8996c177,0.15863016767771085,0.10466189287729043,0.4,0.248,1.0,0.103249097472924,0.18,0
c559ee1e-b46f-4e28-912e-155e68e1d4d5,0.40496477722838475,0.07583385906561256,0.28,0.176,1.0,0.5174654752233955,0.22,0
1bd6bf90-3903-49eb-a2ee-2cd8c4baf569,0.2996117444965853,0.02103065858382021,0.1313333333333333,0.056,1.0,0.29979726305119253,0.06,0
b6d71c66-54a8-4431-9ac6-aa1ef1ced535,0.008994006272528589,0.08247972966332255,0.264,0.16,1.0,0.0,0.16,0
671fd7e3-f03a-45f0-a252-2ed6d7ddac00,0.7354579541002515,0.11683750750406817,0.34,0.192,1.0,0.11220715166461197,0.16,1
89309c18-f4bd-412f-994c-f9a6268a1bad,0.5985896495614045,0.14726371515348635,0.272,0.092,8.70154319508231e-74,0.7691281138790024,0.14,0
0b2b3d9f-f684-4b41-9dd4-7741bc74937c,0.1936766437166528,0.08649493829157093,0.336,0.22,1.0,0.103249097472924,0.26,0
ab2085d3-84fb-4550-87d7-c82b1ea0a494,5.421175485707046e-09,0.0016157250804922174,0.196,0.116,1.0,0.103249097472924,0.26,0
91e0efff-97ad-4b44-8bf4-47b985ad08f0,8.130814889616945e-10,0.0007817176445014484,0.102,0.032,0.0,0.0,0.02,0
4c7c8722-be68-4bcd-845d-c685aa94a8a2,1.0764682931577707e-06,0.01796043635193728,0.172,0.1,0.0,0.103249097472924,0.06,0
98bd0454-0c7b-46e3-9404-79dffb8f1a11,0.01117236180653156,0.00633026592717929,0.168,0.072,1.0,0.103249097472924,0.08,0
4f9a1441-e14d-4306-9d54-c13ceb19ebd6,1.609307644933694e-05,0.0027261349894419787,0.128,0.048,1.0,0.6603773584905661,0.2,0
a2359234-033e-4277-914b-892b0832efe6,3.7746322128765218e-06,0.001190334143113467,0.084,0.048,0.0,0.0,0.04,0
9011a118-4932-4446-962a-af3c9e480946,0.0005145266039071468,0.00208582680867926,0.152,0.052,1.0,0.29979726305119253,0.26,0
ccebd089-8a35-4c5b-83aa-10ffe6b1e28f,7.629761510705037e-12,0.5298651187153604,0.336,0.16,0.0,0.7206591244466356,0.18,0
b1a26e97-d38d-46aa-b428-27f864d1d2d5,0.3492132044924941,0.0042142045515775476,0.208,0.164,1.0,0.7620096959012786,0.14,0
e1ed5abd-c993-498e-aa22-9b12c67288fa,0.009590047126316701,0.010764053541398541,0.096,0.068,1.0,0.7691281138790024,0.06,0
8b297008-ebac-455a-a3a7-c76555b2b74e,0.9958662991231974,0.04105138235122505,0.384,0.204,1.0,0.103249097472924,0.28,0
77360b30-4808-443d-901d-1db9d8c01fac,0.12218081346242399,0.127823730544939,0.2,0.136,1.0,0.13247374441093848,0.22,0
5ea31ea7-7fe3-4aca-8eb8-265b53cccdfd,0.6937195251987077,0.20971531582728992,0.348,0.208,1.0,0.7682566483748448,0.18,0
d40ec9f3-8111-4578-b6cd-ca60621e27e9,8.276726755040176e-05,0.004090952596392661,0.092,0.036,1.0,0.103249097472924,0.06,0
7bc0fca9-02cf-4275-b312-3c327492d4e1,4.6901675266634e-07,0.00522735871805086,0.152,0.068,7.045969313154739e-29,0.103249097472924,0.1,0
4db47033-f78c-4447-b32d-68bd7a2bdd0e,0.02580561271552493,0.006446810134888152,0.212,0.096,1.0,0.0,0.12,0
17177f35-9337-4fd4-b2f2-e388ae4d2084,0.05472727841688824,0.20966605730602442,0.296,0.12,1.0,0.5762434889183949,0.26,0
ab8297ac-8830-435d-a6a0-8dfd2bd50a79,0.0009168198623367579,0.003364829030577988,0.064,0.02,1.0,0.103249097472924,0.02,0
fec58a62-b05a-4617-a945-b11cf8e2305e,1.1200929183873485e-13,0.03265716976203065,0.26,0.112,0.0,0.7682566483748448,0.2,0
a2cb03e6-a4f0-4422-afb3-d312af53fc49,0.02580095578252693,0.0038522609925988878,0.033666666666666664,0.0,1.0,0.5762434889183949,0.06,0
755c1f86-05bb-4286-bfc7-a0cd8d0ee09e,2.531581934203733e-05,0.05171502790788848,0.272,0.18,1.0,0.0,0.14,0
b4698ef5-fdea-4db0-ad21-67ebed3f20ee,4.539313702312484e-07,0.02868232685977428,0.268,0.176,6.573739516383473e-167,0.7206591244466356,0.1,0
1a20d92d-5c54-4851-ba9c-b4f02ba631cd,0.7061351243317939,0.11441315996613194,0.312,0.224,1.0,0.08708133971291877,0.12,0
740d9ae2-66a8-4a45-8991-74b18fd22e56,0.9941889397352224,0.002305972915204626,0.12,0.056,1.0,0.11805209060971962,0.08,0
ad9bf922-92ea-4d6d-8205-62e2a8449a73,0.00017108530118016587,0.05426348919458198,0.216,0.072,1.0,0.7682566483748448,0.1,0
77bc2b42-76a5-4d56-a78d-cffcc74dfa73,0.003334380242996068,0.004049217986439949,0.24,0.108,1.4771545527037562e-97,0.0,0.22,0
15976b90-03ba-40c1-b32e-e43186eba71a,5.154457295681465e-07,0.007028407410040604,0.18,0.04,0.0,0.11805209060971962,0.14,0
a09eee59-4869-46c5-9720-74abfbba59a2,0.16809010831890478,0.1340195149544817,0.48,0.288,1.0,0.0,0.24,0
078792c8-aed4-4f66-bc63-76f431dfe5cf,0.9999958424300246,0.4978720319500119,0.44,0.25908474576271184,1.0,0.7626737530662306,0.22,1
84987abf-63e0-4236-9968-b7b039f740f0,3.9447021113928454e-11,0.0005935956996514838,0.16,0.072,0.0,0.0,0.14,0
9a825148-7f17-49e2-9588-e92bac476fd7,0.9999748899153212,0.13618601565534097,0.344,0.196,1.0,0.0,0.2,0
cf70733e-78bf-499d-baff-17b5b2dbfd2d,0.0023711978516803497,0.019888551791361564,0.052,0.036,4.728094637234152e-131,0.13247374441093848,0.02,0
6e960941-456f-4c7a-a9e3-6ef48339531e,0.842885404237258,0.047592099256298315,0.268,0.168,0.0,0.8530038346825718,0.16,0
6d909991-f049-44e2-9b3d-9bb3de52841e,0.8727686034236304,0.002469392564669336,0.036,0.024,1.0,0.103249097472924,0.06,0
057b67e8-7ce6-4740-acf1-1d96d6ef2284,0.016131260486469935,0.006109978234567657,0.164,0.072,1.0,0.29979726305119253,0.12,0
69d30f87-9b02-4007-95ee-95e2dda6277e,0.007706278442726236,0.0052444321186559725,0.128,0.056,0.0,0.13247374441093848,0.04,0
cb9487ed-10fd-404f-ac82-1a619bf1498a,8.662700052356484e-10,0.00021371008642968037,0.036,0.016,0.0,0.34732824427480924,0.06,0
551a6e7b-5884-44a4-8b07-2b5eb8efb86d,0.9280787858096461,0.6060044884606431,0.58,0.276,1.0,0.7206591244466356,0.26,0
22d4ea61-63d1-4d3e-a25d-351fa5ff2a06,0.974971060391083,0.4931751750633474,0.42,0.272,1.0,0.7626737530662306,0.36,0
dc42226f-1af4-4a49-b084-d27f698c905e,5.502167409634173e-07,0.004043701352965797,0.108,0.056,1.3743386529026489e-70,0.13247374441093848,0.08,0
5da22ea8-fa8b-4f8e-89b2-8764ec0db240,0.15137396674196113,0.14091614254498588,0.364,0.208,1.0,0.0,0.28,0
703d8fe9-469e-4b39-b776-f2347e994716,0.004568774455524933,0.004695915210929487,0.15919999999999998,0.076,1.0,0.11220715166461197,0.14,0
01e0ef02-4e1a-4f29-9d58-33059ac9baf7,0.0063923795498319275,0.0025367512585532464,0.152,0.064,1.0,0.7238636363636366,0.16,0
d45d4ea8-1016-44e4-a0d6-a584feab6ee1,0.04658862709858687,0.07321886042498084,0.252,0.076,1.0,0.5762434889183949,0.14,0
31858555-a4b7-4c11-9bd1-8ef94a1e336f,7.898430611689823e-07,0.011636676609368107,0.204,0.08,0.0,0.5762434889183949,0.1,0
d0ca98e5-fd04-4c14-b1d3-03d43db61c8e,0.05938999399233668,0.00887087883266464,0.192,0.108,1.0,0.103249097472924,0.1,0
de8f2cb3-3b6c-4b07-8ff4-40b581bfce64,0.39373593499049947,0.008522792819964053,0.22733333333333333,0.088,1.0,0.7691281138790024,0.14,0
e383ac22-8c85-449c-97ae-cbb3334c1d8f,9.598182873025476e-08,0.005309422892477494,0.092,0.032,2.6015865714175827e-80,0.7682566483748448,0.02,0
87fa9de7-b8cf-47ff-aca4-a12cb5193eb3,0.5094057610883594,0.013070353283474851,0.188,0.096,1.0,0.5762434889183949,0.1,0
fec976ac-1561-49a5-8cf1-b853d09eb076,6.047039998881822e-19,0.0009855313760334635,0.06,0.012,0.0,0.13247374441093848,0.02,0
c9eb22c5-2958-42b3-a840-fd72b68028ef,0.8586353453213437,0.004488150934278881,0.176,0.076,1.0,0.7206591244466356,0.14,0
b0cb14ac-10a9-4c54-abc8-7740a3f9df13,0.004731625433838299,0.01520987906006513,0.176,0.112,0.0,0.5174654752233955,0.14,0
32e9819e-020e-49ed-9266-e09da6050cca,0.0007158305495994525,0.001024101985847036,0.16,0.06,1.0,0.0,0.04,0
ae9284e8-54ab-4596-8c51-d5bdc6f73d76,3.957320729829003e-07,0.0014411465746846164,0.12742857142857142,0.068,0.0,0.103249097472924,0.04,0
1b1b6953-2a82-4187-89ec-38fc7c5b7376,6.839944472153957e-06,0.0025423324880127916,0.11466666666666667,0.032,2.489806721664236e-10,0.5174654752233955,0.08,0
1238fa5f-0939-4d1b-933b-86b4b40db8c9,0.048490672782014056,0.0025200240671026134,0.148,0.044,1.0,0.11805209060971962,0.08,0
b51f4fe6-8882-410e-aa4e-305fc346ed04,2.4825062072304283e-09,0.003064882271725826,0.132,0.028,8.017416743254717e-147,0.7206591244466356,0.02,0
8e585e11-2b03-4c40-b2f0-31f48b2dac3c,9.069104660623467e-08,0.0014294521610052928,0.036,0.024,1.7089543820570807e-89,0.103249097472924,0.02,0
29fa712b-2fda-4284-b2ab-60a1db70d79a,2.372045925879357e-06,0.0005769354320212069,0.056,0.004,1.0,0.103249097472924,0.04,0
0b3eb5e6-70ec-41a9-bbe2-299e7602f9b7,0.5585672734147344,0.002424952879805924,0.132,0.052,2.2376e-320,0.7682566483748448,0.02,0
87b21292-8d28-443e-aa80-b6dbf580092b,0.9990420578411849,0.5054286833523846,0.612,0.424,1.0,0.7682566483748448,0.32,1
c802d2b6-baf4-413c-b0b9-94e5b19bf031,5.603364321063205e-05,0.05743513355393073,0.188,0.072,0.0,0.13247374441093848,0.08,0
7881e2f2-096b-403f-bf93-b69542760b56,6.4851372227251175e-06,0.0019197103853674873,0.052,0.024,7.37058272387552e-38,0.13247374441093848,0.04,0
93a31277-f284-45ff-bc5f-bb88c8d1f595,0.0006506109410898295,0.012294038921349903,0.088,0.052,1.883716971038736e-10,0.5762434889183949,0.06,0
d5e9fd56-cce4-4460-b9b9-33d286edb294,4.113380511530887e-06,0.011710919222857847,0.148,0.08,1.0,0.7238636363636366,0.08,0
6404f608-53c9-45c9-86f8-bf3188590faf,0.02135163922534232,0.033484527344317117,0.276,0.128,1.0,0.5762434889183949,0.04,0
e479b310-4d96-4544-b1b9-bf1eb7e780a2,9.74194427789387e-09,0.002310391493030279,0.088,0.028,1.0,0.7165354330708658,0.02,0
24503d67-d319-4316-94c6-fcb310dc791a,0.415455831333092,0.005303072573587049,0.124,0.06,1.0,0.7682566483748448,0.06,0
f98770ed-c317-4bd9-b354-826fdbda499a,0.002425198526269012,0.00412404521703057,0.236,0.156,0.0,0.13247374441093848,0.12,1
17013f67-0f6e-4d16-84b0-0bbb9784a430,0.0073568791678790876,0.011889998465573192,0.16,0.072,1.0,0.13247374441093848,0.1,0
d3061ff6-8ffe-4737-a1b3-b08efe497223,0.296995149753462,0.0010756285775896063,0.076,0.036,1.0,0.29979726305119253,0.08,0
596e2570-c457-427d-a0f3-c46199d2bb73,0.01506402365307998,0.003524107328140414,0.108,0.052,1.0,0.0,0.04,0
d2ec5cca-c023-471a-a4f3-eb7160b130a6,0.08165372640958883,0.003197514272071633,0.124,0.028,1.0,0.0,0.08,0
0b6506cd-4128-4971-8ea0-d40669dca396,0.9999781446832295,0.34829862083933744,0.376,0.216,1.0,0.7691281138790024,0.28,0
a27bf443-932f-44f0-abc8-4876232f79c5,0.00014176339246689112,0.03256580976832429,0.312,0.132,1.0,0.0,0.16,0
708c64cb-db2d-4c73-a129-80f12665a523,2.221374643277637e-07,0.007269622938212699,0.196,0.12,1.0,0.08708133971291877,0.08,0
09a79382-b124-4e8d-bdbf-3f53acc33c98,0.9998766197619834,0.0010466022879823717,0.092,0.044,2.785436529689573e-59,0.13247374441093848,0.02,0
4f996fe5-1f8d-46a2-b3c9-2b8b16ebd3bb,0.03824203078974933,0.00729118140346704,0.248,0.128,1.0,0.0,0.14,0
f97ea9a3-f413-45e3-9d41-a3332b5fb57c,0.16140665902163207,0.015990195369679883,0.2,0.116,1.0,0.29979726305119253,0.08,0
2c86d72c-3742-44a4-91f5-ab7fb21c1956,0.08951580111291015,0.05165411712346117,0.152,0.084,1.0,0.7206591244466356,0.08,1
b9aeaac8-2092-45fd-9aed-3865448bb931,0.024861169599955255,0.1172677084004694,0.25942857142857145,0.148,1.0,0.4572864321608039,0.1,0
1817e991-2b29-47e3-93d6-2ef12766db61,1.972782563063435e-05,0.01311687387377042,0.188,0.084,0.0,0.11220715166461197,0.16,0
e1deba8e-cdf4-4076-9718-76ef416c327d,0.3982011114560834,0.003991455356523444,0.08,0.048,7.023359943698381e-123,0.0,0.12,0
1d82f118-a3ab-4f87-b706-dda0acf5d1b1,1.201566932297587e-05,0.5029945052349039,0.256,0.14,1.0,0.6447368421052646,0.28,0
c222c409-a409-4a6a-b6be-51a1ec371601,1.150964964071991e-06,0.0002287218835388955,0.076,0.028,5.011893196137033e-38,0.103249097472924,0.08,0
a29f0203-e672-42e2-a314-e33d82589f59,0.003255534472370305,0.0034959399978406244,0.136,0.048,6.474916408678265e-59,0.13247374441093848,0.08,0
b858e53f-eecd-45be-947f-cd3033ff92fd,0.999181450708403,0.48895954744664855,0.392,0.288,1.0,0.0,0.24,0
1ce18895-110f-4475-9f38-288b940a83b3,0.00012610306650365257,0.0013329447531351265,0.076,0.016,1.0,0.103249097472924,0.04,0
1d738fd3-447f-4cdb-ad40-47beec25d8ea,9.249874420255722e-06,0.0007965762829579387,0.076,0.068,0.0,0.29979726305119253,0.1,0
5bdae040-47cc-408e-bc76-3eb1f680669f,1.5466728018568118e-06,0.0015747741302643307,0.108,0.04,1.0458823006230805e-50,0.7663157894736834,0.04,0
a4d0074d-3baf-41ae-ad90-c18275b6d7c1,9.655630980298896e-09,0.0011667521158812942,0.08,0.024,5.555104503871619e-225,0.11805209060971962,0.0,0
3a36cd18-b500-454e-a501-9c34865b09d6,6.992354450450583e-06,0.0019416539141895095,0.176,0.052,1.0,0.11805209060971962,0.1,0
3937b2b8-90ec-4f44-b057-3a0df7478059,0.0029575631884145815,0.03529876043747911,0.188,0.164,1.0,0.11220715166461197,0.16,0
7d84e470-e155-41f1-86b2-8f5495eda14c,0.004348545561877562,0.012770104025935895,0.204,0.104,1.0,0.5687499999999998,0.12,0
3fab22c8-21c4-4315-84cd-12f322e86394,6.009862295338231e-07,0.004188235537156851,0.124,0.068,1.0,0.103249097472924,0.22,0
addf1c0e-23af-4789-b141-67e7cf9ba1cc,0.001176010001355175,0.08422545613478367,0.244,0.124,1.0,0.6447368421052646,0.08,0
df6feff2-f399-435d-a987-2bca5ff6c79d,0.048200105200409606,0.023789023924473716,0.188,0.088,1.0,0.8251295336787562,0.14,0
7af4d90f-9534-4ae5-8168-4cef0bb9bc09,0.9332690462975206,0.005642761156324949,0.172,0.104,1.0,0.5762434889183949,0.08,0
9ed962dc-bc41-4859-bf00-168eedd17721,2.949688584167798e-06,0.025463881307801275,0.292,0.172,0.0,0.8530038346825718,0.22,0
59c44b5f-4293-40fd-86d9-4b59f4a53f75,0.999943503607512,0.18925104590406355,0.224,0.152,1.0,0.7206591244466356,0.22,0
df9c1a2e-6d09-430b-a311-df12d5c39ac9,1.6178791153210835e-05,0.002645247927435746,0.096,0.032,1.0,0.13247374441093848,0.06,0
9e31260e-f2fb-483b-ac01-25984fe20dc8,0.03534682315276036,0.02553988597379519,0.16963434343434347,0.10969491525423725,1.0,0.11220715166461197,0.08,0
ec01628a-1bf1-4ec1-878e-424ea04212b6,0.20723720510215346,0.005533750423640256,0.104,0.06,5.020245897756795e-30,0.13247374441093848,0.06,0
70bb18db-1147-46c2-8f43-8ce3e4d7ccc7,0.00016699633113805153,0.0008451318867398052,0.116,0.072,8.808167843001101e-186,0.11805209060971962,0.1,0
af825c58-4a50-4140-8d9b-d9d3f2f02b5b,2.68139462841949e-09,0.004191612431380016,0.08,0.028,0.0,0.7206591244466356,0.04,0
54c3610d-ee4b-4fd6-b47b-683ddbd3916e,0.4752683984103817,0.3008773937818557,0.4,0.196,1.0,0.8530038346825718,0.14,0
468cfd07-8cc4-4e24-a2e8-fabac1513f1d,0.0018514740058816626,0.06434452290978512,0.195,0.104,0.0,0.7682566483748448,0.12,0
64b6d53b-cc9b-4d75-9471-6804031d5b34,3.7366590153833893e-07,0.0006976187579715541,0.02,0.024,1.0,0.103249097472924,0.08,0
214d6aee-bf72-4912-8971-74a26dc8be39,3.4766074516633343e-07,0.0045180202120186485,0.064,0.028,1.0,0.11805209060971962,0.02,0
d08bbe3d-36fd-4dfa-927c-58c2979c9667,6.794179567971012e-08,0.0023592133069859993,0.064,0.052,0.9994897082073078,0.7165354330708658,0.04,0
0ebb63c9-5efe-41bc-aaad-1fddaecbe001,0.0036094179493913747,0.22168461639538134,0.34,0.196,1.0,0.7620096959012786,0.2,0
258ad49c-7f71-4ddf-9af0-36f0c45e26b8,0.9651426426838055,0.054057886886967416,0.248,0.092,1.0,0.6447368421052646,0.14,1
a7157f99-0f14-415d-8d5d-0d53d74d6986,0.5841111049762634,0.10874574032758359,0.236,0.132,1.0,0.20177383592017717,0.1,0
14ff268d-e778-41e1-8b72-bab5c2821987,0.9803531785607827,0.011528001303311825,0.224,0.14,1.0,0.29979726305119253,0.18,0
f61fc422-7eec-49cf-9a70-7edb29596861,0.030414453014354,0.048022293190874726,0.316,0.14,1.0,0.7206591244466356,0.14,0
9b954eed-412f-465a-99af-98f6c95bcf26,2.175213841860419e-08,0.00238996130915876,0.128,0.068,0.0,0.5762434889183949,0.04,0
1a6e0127-6bed-4d2a-923e-2db0c6b3b69c,1.4327644265235729e-06,0.009509328139353313,0.076,0.048,0.9999999999995453,0.0,0.0,0
10199dd8-5ffe-4d32-abaa-248ac151a975,0.9981068941469208,0.042289269464938814,0.212,0.088,1.0,0.0,0.12,1
ad37f148-2332-416b-9905-9a318750bb4d,0.027359482523696507,0.12326239410708657,0.272,0.156,1.0,0.7878787878787872,0.24,1
b994ec98-cf4b-4c57-afec-108684f7ceed,0.04386509270197658,0.0014099090362939635,0.104,0.024,0.0,0.11805209060971962,0.02,0
db09e9ec-9935-464f-b38e-7b69b431d770,1.654523149869506e-06,0.0016405999472584953,0.092,0.02,1.0,0.11805209060971962,0.04,0
063dc3c2-af05-4cfc-a106-70acb8d28ee1,0.008421929870909615,0.0006592470956005154,0.112,0.04,1.0,0.103249097472924,0.12,0
c01ea998-0bb9-4550-a58c-a6dbb6c1e7f8,5.153550227796735e-06,0.0005295096143704775,0.032,0.004,9.591975567830721e-17,0.11805209060971962,0.0,0
a52f3606-67f0-4adc-a070-93185e1f2da1,0.07772894889713138,0.002128454452552552,0.148,0.056,1.0,0.0,0.08,0
8bed86d0-9a1f-4273-bd84-750b941959b5,0.06098179299435084,0.007709797353858035,0.1,0.056,1.0,0.103249097472924,0.2,0
7a7406c6-f2b5-45f9-bc00-209912d15e0f,4.998686176003283e-10,0.0011863437473361525,0.024,0.036,0.0,0.103249097472924,0.04,1
43f36974-b2c7-4e44-a80d-fe3aa38e4dab,0.002714087767097731,0.14868016853757443,0.296,0.232,1.0,0.7682566483748448,0.26,0
58754aa9-4985-4e45-9393-b45cd817edb0,4.454978853321838e-06,0.0006901388120549583,0.052,0.016,1.0,0.103249097472924,0.1,0
f632f12e-7577-4666-a6a9-26e3076bae2d,0.04172432588124071,0.0025673770710352246,0.148,0.128,1.0,0.13247374441093848,0.16,0
da59fcc1-4dc0-4674-93c6-836421532c4e,0.0012871715188947327,0.0014662346514940318,0.092,0.044,0.0,0.5174654752233955,0.06,0
073df71f-2980-45c1-8fd0-b7b2e381a81e,0.00254656041826816,0.06280687252179165,0.168,0.072,1.0,0.13247374441093848,0.04,1
58c6d7e2-fbaf-4245-80ed-adf31ae79ea0,0.0005340654346679919,0.005168806991451256,0.196,0.116,1.5043367926574859e-90,0.103249097472924,0.14,0
5df971be-9b5e-47a0-9364-e148f917584a,0.001130434757101885,0.0034943932484601562,0.092,0.036,1.0,0.6667952178943308,0.06,0
b59e037b-3ce7-443a-9654-157cd3a5a0f6,0.9946487329122238,0.018014536342871593,0.14,0.04,1.0,0.0,0.14,0
075f823b-5bcb-416c-aa77-217d49794038,2.0064771216464818e-05,0.005194005643590507,0.092,0.064,1.0,0.11805209060971962,0.12,0
9e556156-2e19-4326-8530-c5c07abd7e0c,0.9484691391330901,0.010516326815634285,0.092,0.036,1.0,0.103249097472924,0.08,0
e196bc9c-5091-42d4-bfe9-cec3acb5079d,0.015719994165581657,0.04994314927313139,0.284,0.196,1.0,0.103249097472924,0.26,0
59178fb9-cd69-4cd8-85f7-3f77aa6530d5,0.9999970643148052,0.06373662228041747,0.272,0.124,1.0,0.08708133971291877,0.16,0
9e9c27ff-4fec-4df8-a8dd-1b491b9b01d5,5.537282703743282e-08,0.00212586188728459,0.092,0.04,1.5846700610704326e-79,0.103249097472924,0.06,0
0caa1459-6158-4806-9db7-b211058ebdd6,2.7503212355521308e-11,0.0008341647248594071,0.08,0.036,0.0,0.0,0.04,0
8c7ccb36-93a3-4cd2-b798-37b460aa19f0,2.7368468378387297e-06,0.0020043679313130913,0.044,0.024,1.0,0.0,0.04,0
ae428ed4-5309-4f22-941c-3e55a9560efe,0.38841094458777664,0.018290259585181958,0.148,0.056,1.0,0.103249097472924,0.08,0
9badbc91-c25e-487c-872b-c5e0903397d5,0.0009403779012828632,0.001819699009331372,0.116,0.068,1.0,0.13247374441093848,0.08,0
b2abbf2f-8c79-49a0-9221-8aac8f92ed13,4.066520942232676e-11,0.008072131284493947,0.104,0.064,0.0,0.0,0.14,1
c228ea9d-ef9f-459e-ba32-62a08099267b,0.4626935680615728,0.013523612969881738,0.236,0.092,1.0,0.5762434889183949,0.14,0
1774138b-d943-4ed6-b4ef-48fbf16c6bb0,0.059323583131323,0.0022049241772524927,0.144,0.068,1.0,0.103249097472924,0.2,0
49237b1e-6c96-4013-b8bb-feb1aaf10420,0.671065938912175,0.2006200133423313,0.368,0.2,1.0,0.13247374441093848,0.18,0
b5f6942f-1ff4-43a8-a1cb-d0092c662ac0,0.017953208061635285,0.0014004829957816516,0.132,0.052,2.7894997514095685e-69,0.5762434889183949,0.04,0
7c401fa2-9522-4bf2-9c99-2babf152b161,0.0015789850320207396,0.0050194292926187935,0.12,0.024,1.0,0.29979726305119253,0.02,0
f140eff4-dcc0-4b25-abf3-860fc9fcefac,1.1185328216866028e-08,0.01722834212407573,0.172,0.096,0.0,0.7620096959012786,0.2,0
661db9ec-269c-4550-8487-38371eafde26,1.2258869573098809e-06,0.0028983742416176105,0.06,0.036,0.0,0.11805209060971962,0.0,0
0ab11391-8376-4833-8f3f-efac44ad3924,0.0005242594450383834,0.25613826974038295,0.42,0.284,1.0,0.7878787878787872,0.24,0
87eb1de3-2d60-4561-9e9a-baf8afd5b9e3,0.00027021872181378005,0.014008357911328278,0.168,0.084,1.0,0.0,0.12,0
ddb18988-53a6-4eb6-bde5-48ceb728f170,1.4050450019069122e-07,0.016054577966573436,0.156,0.084,1.0,0.0,0.14,1
60dda59d-18e4-44a6-a5f5-c128be76feea,1.4796604365421192e-05,0.01246776073685396,0.08,0.064,0.0,0.11805209060971962,0.08,0
370bd516-9e6d-4034-9857-d5c241c43f87,0.0024734683849307166,0.09201484085939045,0.32,0.16,1.0,0.0,0.18,0
b0fbd74a-6a23-42d7-b93b-349cd25d3093,4.347865338446413e-05,0.0019203226677872412,0.12,0.056,1.7807781612331292e-225,0.7206591244466356,0.08,0
8815de7e-88ba-44f0-90cd-4f2ff55a0cde,0.9863279261120571,0.6538926248416879,0.324,0.192,1.0,0.29979726305119253,0.14,0
9ab8e5d5-842b-40c3-8c27-58a7dc5f80a2,0.20743009244547453,0.0003229618313257683,0.084,0.052,0.0,0.103249097472924,0.1,0
465603ba-2479-4b85-8e5a-718bad0182b2,0.2008483745200991,0.1408952790549409,0.416,0.168,1.0,0.6667952178943308,0.18,0
b9d0b901-3834-495b-b02c-b432379ea57c,0.9794721174896711,0.046560016863702695,0.428,0.324,1.0,0.7626737530662306,0.24,1
dcb85c14-330e-4da5-8540-57138c200c85,3.301867191540892e-10,0.011842831079662303,0.128,0.048,0.0,0.11805209060971962,0.06,0
b17ad407-5e44-4a98-b81d-86583fa2c566,0.9955406405990984,0.0035748716045663513,0.132,0.068,1.0,0.11220715166461197,0.18,0
b7f73ef9-84d5-4480-9e61-2b26ae279a53,0.0009083995382061713,0.038162220354565096,0.208,0.112,0.0,0.6447368421052646,0.12,0
77021e3b-add4-4189-89a8-534ebd312d1d,3.996354473927202e-08,0.00895320855767707,0.056,0.032,0.0,0.103249097472924,0.0,0
6a5300fa-5224-4ce1-8774-26b2fcee9bba,0.007230224720139071,0.0020804201192318288,0.108,0.048,1.0,0.0,0.12,0
e12f31f6-3caf-4014-a106-46cb7f4d4739,0.9891753654121382,0.40930158321386506,0.376,0.228,1.0,0.7206591244466356,0.2,1
8eb8776a-ad80-4d2a-b285-bf4701555f07,0.002558879101300827,0.007879029755550205,0.156,0.05908474576271186,1.0,0.7682566483748448,0.16,0
1632136b-80b5-445a-b37e-f60fad26599d,0.057227347618054,0.036502805794636904,0.232,0.08,1.0,0.11805209060971962,0.22,0
dd9cf9a6-cc6a-4f65-be43-953049700c0d,0.0011403413126815979,0.0026358514138926847,0.1,0.03164,1.0,0.29979726305119253,0.06,0
aab54a71-dbd6-4e69-9e73-fd9426527f4c,0.7756233601498898,0.008088050600334108,0.224,0.06,1.0,0.7206591244466356,0.14,0
7e415345-9354-4305-a0dd-3729561629d8,2.412220266130925e-06,0.0018686252708710065,0.1,0.044,1.0,0.5762434889183949,0.08,0
67079b6e-cf62-4c1c-a420-c93bc6fa2377,9.598914417704601e-05,0.13560093514973584,0.444,0.224,1.0,0.5762434889183949,0.22,0
cc1ed973-964b-4c59-ba00-4e534526305e,1.4629300085581097e-09,0.005510532829668843,0.236,0.1,1.0,0.0,0.12,0
5a40b520-492e-4d04-8065-a5bf0d4c5e84,5.664593521233944e-06,0.004033082059725528,0.172,0.06,0.0,0.11805209060971962,0.08,0
89e26de9-08ca-444d-8bf5-970ddffff052,0.0013813326604620426,0.024951389253807674,0.272,0.176,1.0,0.8125,0.24,0
2af321aa-e11b-445e-8863-8e9b5b2be724,0.02814584141261316,0.01638584891668881,0.16,0.092,1.0,0.0,0.08,0
9806d6b5-ae01-450f-b821-7559eb074564,0.00018573721776116094,0.00082076129690081,0.132,0.076,1.0,0.11220715166461197,0.06,0
fdffe9cb-fb4c-43bb-b4cd-7cc3faf74cae,0.9832493834969153,0.024130071141076046,0.172,0.088,1.0,0.6667952178943308,0.06,0
fa23fb37-d37b-4712-9544-6bacb792df8a,9.716583850339204e-07,0.006750035324127255,0.108,0.036,1.0,0.0,0.08,0
a059720b-5138-47e4-a070-0f689472b88f,4.417789994393841e-12,0.0012307919862127106,0.092,0.036,0.0,0.20177383592017717,0.1,0
e759b1a9-ba9c-4323-8e30-4616227a5b56,0.03531621495224429,0.0256451849290991,0.18727272727272729,0.136,1.0,0.7238636363636366,0.1,0
fc15ee93-17a3-45a3-b571-e197eea041b2,0.05026347682834664,0.015907560586585184,0.24,0.136,1.0,0.7682566483748448,0.26,0
ed8db1c2-8978-4557-9985-ee76a52eb8f9,9.808373595018429e-08,0.0033529597590983506,0.124,0.06764,0.0,0.29979726305119253,0.06,1
40d8c5d0-332e-4e8c-926c-0b2e5fd04723,0.15986538690452465,0.0014979327900406343,0.148,0.096,1.0,0.29979726305119253,0.16,0
5ae0fabe-2401-4ee5-9ff0-b83928fb61fd,0.26639673138520253,0.054920687077886686,0.204,0.108,1.0,0.103249097472924,0.2,0
b842d158-01cb-498a-801a-57d8cbfcd427,6.370342672305844e-06,0.0005356768949257479,0.108,0.02,1.0,0.0,0.1,0
6cc24247-f24f-4caa-88fb-4ef7b0b2117c,0.002358554411972181,0.0012798409215979802,0.028,0.024,0.0,0.103249097472924,0.06,0
0c3800c8-95d4-4485-8f59-6825a5e25458,0.0014514233491098628,0.0038816443158261496,0.164,0.116,1.0,0.103249097472924,0.26,0
8bcb0982-40b6-4b92-8168-c4a9fba45062,1.135462547297425e-13,0.008500225370573352,0.096,0.024,0.0,0.11805209060971962,0.04,0
d285a164-22fc-4d63-ada0-b6dd59e24eba,0.26818595233518727,0.045387599577489134,0.176,0.112,1.0,0.0,0.1,0
580ba039-b7d1-484a-82c4-c614f6b04197,0.9060443647060552,0.019901678280816605,0.204,0.104,5.805270831601726e-106,0.11805209060971962,0.06,1
b2b72be5-de7d-4ed7-86a5-aa7f1d90b638,0.006613606764352881,0.0013559468467163672,0.092,0.032,1.0,0.103249097472924,0.14,0
3d1c02de-5941-4bf7-bc21-d8d2fd6b3d9f,0.988585165732378,0.015234084443251712,0.116,0.06,0.00017250110520784266,0.7626737530662306,0.06,0
6b1a2066-73c1-4493-a4d1-2587db1a726f,0.0003089205925930624,0.0011677681381852868,0.112,0.044,1.7475609688068296e-145,0.13247374441093848,0.06,0
7049bc9a-6ea1-438d-921d-663bc135a9f0,4.56520389473978e-10,0.31919917429965283,0.22,0.152,0.0,0.8530038346825718,0.14,1
812769fc-3d7e-419a-9bd5-8a8057c42f2e,7.826662370152327e-06,0.015508385137984986,0.184,0.092,1.0,0.37295081967213084,0.16,0
8b13809c-94d4-41fd-bb7c-6cb7f2c8eaf4,0.023171235354570347,0.005516689087556079,0.088,0.048,1.0,0.13247374441093848,0.02,0
cdbdcc2d-08fb-47b0-bbb2-e3d1cd909b04,0.03609946971641114,0.026557397226478794,0.192,0.08,1.0,0.7238636363636366,0.16,0
b301a5f9-f767-4f26-bdd0-c973699686ca,0.015020898038182824,0.08223197887458775,0.192,0.092,1.0,0.7520661157024795,0.1,0
0a87d96e-c85f-491e-b233-2b28b4333ea8,0.9876825918745242,0.043416032805810065,0.18,0.1,1.0,0.34732824427480924,0.3,0
9d350351-1169-4453-a888-f9e2567738ef,1.114448747712357e-06,0.0018643797527982098,0.12,0.048,1.0,0.5687499999999998,0.04,0
394a8233-1407-4e4f-ad5d-b6f8c75cd650,6.442436976473029e-07,0.009569728648469897,0.104,0.06,0.0,0.11805209060971962,0.06,0
4e128a85-645f-4f26-bf88-b77af834e8d9,0.008719009150368268,0.0363792718926422,0.228,0.088,1.0,0.20177383592017717,0.08,0
aaf40819-ea1f-4ffa-b4a1-cec5b4916aae,0.8732132453285114,0.007141566818274617,0.188,0.124,1.0,0.7878787878787872,0.22,0
70c97032-d7f1-4d60-96f4-fac22e23ac01,0.07557742476018844,0.7776438620355463,0.436,0.252,1.0,0.30536912751677847,0.22,0
1116312a-3fe0-4291-8630-865ac7e79a74,7.284797155235962e-06,0.03511234694511097,0.252,0.084,1.0,0.11220715166461197,0.18,0
4962a449-8038-473d-bacf-529acf41e12c,0.0007529227455660645,0.0007751246627093258,0.036,0.04,1.0,0.13247374441093848,0.06,0
5e3f813c-9a4b-4223-b558-6958933c6b1b,0.0002572285089848476,0.004839266932233875,0.096,0.076,1.0,0.5762434889183949,0.06,0
3af172cc-db9f-444e-91de-80e9238c32dc,0.00296911883509067,0.0073585369118799255,0.12,0.072,1.0,0.7691281138790024,0.08,0
eaf44c3c-ae82-4a18-b5ba-576e48349e1c,0.9864668982265375,0.001763475812898993,0.08,0.028,1.0,0.0,0.06,0
327aa836-9b3b-47d2-bf1c-8d0d65839d6c,0.091745881318424,0.0012984538767688578,0.1,0.044,1.0,0.0,0.02,0
90f48b12-7f57-445e-8091-32ae1a2ad19c,0.9894473900752878,0.04276620706658103,0.252,0.14,4.037571440911147e-154,0.5762434889183949,0.12,0
1c54cbc1-2e14-4b18-8cbe-f14d84719229,0.012012581732859942,0.0004042308151201705,0.012,0.004,5.742766186441509e-50,0.11805209060971962,0.0,0
294fda1e-9608-42f0-a746-ac1b9dc00563,0.4909553119246934,0.0016298567024854887,0.14,0.064,1.0,0.3473282442748092,0.1,0
692b0a6c-861e-4321-8f03-7afa06aa3f53,0.0040006330588424075,0.003958653386042169,0.04,0.028,1.0,0.103249097472924,0.04,0
42dfaf33-2f81-4501-91ad-f66684f4caee,0.055221611349938776,0.008974493435350495,0.236,0.088,1.371392750040783e-53,0.13247374441093848,0.16,0
f706b5a9-3c44-453a-b56a-8753a27f3f9f,0.993962315841915,0.08518804863213573,0.184,0.136,1.0,0.11220715166461197,0.16,0
55b35680-b531-407d-84e2-af517b783daa,0.00026139536964584257,0.008722704469083086,0.204,0.116,1.0,0.11805209060971962,0.2,0
6163cfda-3399-4e5e-b296-723d7639879a,1.5859737367151873e-13,0.0013126736557072117,0.036,0.016,0.0,0.103249097472924,0.0,0
db842bab-ce1d-454d-85c5-4f20505b0a0d,6.90726131970232e-12,0.0021265827362565073,0.104,0.04,1.0,0.11805209060971962,0.06,0
b9692740-b3cb-4a39-a2c5-6a492af23c55,0.09582110930482875,0.00825154402397255,0.132,0.052,0.0,0.7206591244466356,0.0,0
df15ca7e-688f-40cf-8fc6-2a196dd77d5f,0.70450820685727,0.0015102070984475498,0.104,0.048,1.0,0.13247374441093848,0.08,0
4c023fe5-469e-45bf-b272-6916dc4d95e6,1.5713327526443374e-06,0.019828892936086945,0.116,0.064,1.0,0.29979726305119253,0.04,0
6f32a0cd-9fb5-4e2f-88e1-d0f47ac91ed6,0.9113848794779734,0.02266982653038076,0.38,0.172,1.0,0.0,0.2,0
7cf84a98-02fe-449a-a8d1-54947d7838e3,0.9481597039141896,0.0653196570769066,0.248,0.204,1.0,0.7626737530662306,0.18,0
a6dd18e4-c447-4ea8-965f-788b8927fc6f,0.0002005356619773128,0.0031789878608631974,0.084,0.06,1.0,0.103249097472924,0.12,0
60c9d9b8-af2b-4ff9-8172-8171a02e277d,1.8548050607022588e-11,0.009338522231003895,0.144,0.032,0.0,0.6667952178943308,0.04,0
10d3c544-33c0-4714-b256-c4412a5d1a29,0.9995476698538434,0.578191001204925,0.344,0.236,1.0,0.11220715166461197,0.26,0
7c9e29ab-e321-4804-817a-2a1882ae8c6d,0.022417139765697338,0.025769092155868756,0.3,0.12,1.0,0.6447368421052646,0.16,0
fc6f4032-d29b-4017-a2f1-8e8f36fb6105,2.8658305098029946e-07,0.009622018106801784,0.164,0.088,1.0,0.5174654752233955,0.14,0
56adf366-bb5a-45fc-b6bc-b4835b1060cb,1.1550301252100896e-07,0.005257026179590872,0.08,0.064,0.0,0.11805209060971962,0.02,0
3302bdce-3d2a-421b-b05b-b27045f370a2,0.007504058705884096,0.016732186934528076,0.148,0.068,1.0,0.20177383592017717,0.14,0
5541c008-25a6-4553-a044-d63bbb5c6e27,0.00011898326562837128,0.0019490387748040657,0.128,0.064,1.0,0.11220715166461197,0.14,0
b927c11c-d593-435e-8837-bd604e0f9fd3,6.333332818465807e-12,0.004104757473692954,0.172,0.068,0.0,0.0,0.14,0
aeb1a35e-e20c-4aa2-8ed3-8c423d63d5ba,9.775284117898517e-07,0.0002457165294854821,0.084,0.028,0.9999999999986358,0.103249097472924,0.06,0
f0af2caa-6069-4617-a582-568938e3a5d8,2.758196418934589e-07,0.02326520829199849,0.128,0.068,0.9999961561696843,0.13247374441093848,0.02,0
a78dc212-4286-4eda-a14a-3f6865cd4d2e,0.13346926735512804,0.015301990314301111,0.084,0.036,4.0600290659956967e-243,0.13247374441093848,0.0,0
695c064f-67a4-40fa-b232-4cd2b4894599,0.07423360759311348,0.10615613036132163,0.352,0.232,1.0,0.7682566483748448,0.44,0
f7efd97a-a8d9-4be5-b235-90108fca57e3,0.000107635717352962,0.006218232851086625,0.12,0.056,1.0,0.7206591244466356,0.06,0
a4d3e322-3d71-4e4f-a233-d753b09318d4,0.010534572569896036,0.007241029278147646,0.2,0.096,2.710261428515318e-16,0.0,0.1,0
daccd4cf-c299-4adb-b487-860b5909c0a8,5.647301334135788e-06,0.0024857936517801416,0.128,0.076,0.0,0.13247374441093848,0.1,0
10975e7b-094d-4b0f-afd8-0214dddfb9df,5.9589553821468545e-06,0.012649243482274676,0.152,0.072,1.0,0.13247374441093848,0.06,0
ee095ad3-1043-45f3-98b8-d4ff23c08ee2,5.387442265005206e-07,0.0035798017606479575,0.108,0.076,1.0,0.3473282442748092,0.12,0
bb0642e3-eefe-4d0f-b871-8f9204cd841a,0.00033507777696085587,0.004396618093370642,0.16,0.092,3.069907097430687e-284,0.08708133971291877,0.2,0
10a17d04-97fe-4d20-93d7-b360d4f5f6a7,1.8801950841030367e-05,0.013439040825482421,0.16,0.064,1.0,0.37295081967213084,0.08,0
f94cfd20-85eb-4db8-b107-46d631e6ea6d,5.373479524245957e-06,0.02540135478251951,0.128,0.076,1.198225651311573e-133,0.103249097472924,0.1,0
21c81b16-cf91-4b37-a280-b345793dc7d5,0.3114874630663448,0.12557534818928218,0.3902857142857143,0.212,1.0,0.7682566483748448,0.28,0
d47f93cc-9474-45e2-bcf6-f4f9bfb7b24d,0.6838275487896618,0.04924905606843248,0.156,0.084,1.0,0.7878787878787872,0.06,0
93e2793a-4524-4e11-8f1b-9cb18f9ea62d,9.708546439738593e-05,0.041698796534494105,0.264,0.144,0.0,0.29979726305119253,0.12,0
7e6b2f55-e906-4d5b-9e11-5168d899305f,0.003322278090140079,0.10027519017416303,0.26,0.128,1.0,0.7626737530662306,0.14,0
76d304ee-9331-4458-bec0-fee7fe6a1f55,0.023688501212299373,0.004150869655362007,0.132,0.052,0.0,0.6667952178943308,0.04,0
9783030c-ff76-428f-92f6-3150f8af905f,0.025243099645774824,0.011093984252924054,0.152,0.076,1.0,0.11805209060971962,0.1,0
ab88955c-72ce-4314-ab41-a537b083e193,0.00010339027832993825,0.13660565692455912,0.232,0.12,1.0,0.103249097472924,0.16,1
875b1fb1-9928-4ec3-89b7-06d86a0d69f1,0.8397892443824456,0.640690014635327,0.636,0.344,1.0,0.0,0.32,1
c9764563-d0bc-4333-a53d-3283560d0655,0.3333012511520453,0.12117365227570441,0.32,0.112,1.0,0.7626737530662306,0.12,1
68914a19-cf23-4e9c-a0dc-672b3c2e5824,9.136154328431188e-09,0.033408426485632865,0.08,0.052,0.0,0.13247374441093848,0.06,0
afafaa21-cf55-4015-bcd0-409510d784d9,0.0004827872665916497,0.060538510521562956,0.16,0.04,1.0,0.7206591244466356,0.2,1
d4579171-82d5-4795-b992-017372a73118,1.5255959338498987e-08,0.0014502863942157875,0.108,0.076,3.7711841058093574e-81,0.7206591244466356,0.1,0
2757b1d9-6296-4e81-88b9-666e65040455,6.625157407291404e-05,0.0009368328256684582,0.128,0.048,0.0,0.11805209060971962,0.08,0
d064475a-1dd1-4748-86ca-36544a52b271,0.8359552259805564,0.2540829820396697,0.312,0.16,1.0,0.858490566037736,0.14,0
6fb33888-5498-4516-b150-dd2f9a8cc393,0.926340107660445,0.26029469272993233,0.484,0.372,1.0,0.7691281138790024,0.26,0
a6fa8b42-5b02-4b6e-893e-3d3f9446526c,0.2281463680556076,0.04572872557948414,0.288,0.164,1.0,0.7206591244466356,0.18,1
10f3f624-ab2d-4333-b918-659e8862365b,5.782025121192217e-05,0.015744539060345994,0.0955,0.03416949152542373,1.0,0.6447368421052646,0.06,0
e7b092fe-e704-4776-b1da-444c3c412b2f,0.09578291792460346,0.11985024100422022,0.16,0.12,1.0,0.103249097472924,0.1,0
dfb6ac23-6d6f-4431-b4fe-8e78f5a624e5,0.0020662981786476247,0.008861111413809417,0.148,0.056,1.0,0.7206591244466356,0.14,0
ce2c6585-f3d9-466d-b4d6-ae6745be14a8,0.22713185746880082,0.0016686296334705655,0.096,0.06,1.0,0.5290697674418602,0.1,0
f32cdb5f-829e-4870-b5a1-96157c3c42ce,0.014414304229786162,0.022772224243907277,0.18342857142857144,0.136,1.0,0.7238636363636366,0.1,1
6d562b9d-7c2b-470e-a2c4-ea167910f77c,0.9741375790527838,0.0017162956431663668,0.104,0.036,1.0,0.37295081967213084,0.1,0
476ab9d0-456b-4824-bd2b-76a6fd30aa4a,0.9904261125241185,0.2526018827703959,0.416,0.256,1.0,0.7206591244466356,0.2,1
18d2a2ef-d237-4e01-9801-32bd94cbb594,0.11734022514215582,0.1162127101713471,0.256,0.16,1.0,0.7682566483748448,0.14,1
0c9c3d50-01ed-4d4d-b067-2fbea0bdd4f8,1.8985989460981676e-06,0.0016945808225846681,0.028,0.02,1.0,0.103249097472924,0.08,0
8901ffe6-f399-4760-8023-0ca5bade5de3,0.022787360270952323,0.0021168583327678013,0.064,0.028,7.25130948665813e-108,0.103249097472924,0.1,1
4adc728e-194d-4c33-9a14-09eec0648bf8,8.107412937252657e-06,0.0013217519363956007,0.116,0.056,0.0,0.6408450704225351,0.14,0
6a597dd9-008a-4107-99bc-76996ec4955a,0.005786966780968947,0.04224664633333807,0.152,0.068,1.0,0.0,0.08,0
2d6786dd-c2ac-49e2-bc35-77dd61ef3998,0.14421602927328328,0.06060827126662497,0.278,0.096,1.0,0.103249097472924,0.06,0
190eb8f5-8f54-4731-9942-0c00c2c0504e,0.0003912606465672398,0.013330189943570275,0.092,0.048,1.0,0.0,0.08,0
29101e96-c418-4fe4-9fc6-04f18aff8aac,3.5936969971737055e-08,0.0016968005624013168,0.05422222222222222,0.024,1.278007109146495e-81,0.5174654752233955,0.04,0
6eb34b36-051c-4ae7-bb73-8edd9126dc1a,2.403060403823783e-05,0.002656651561890532,0.136,0.032,0.0,0.0,0.06,0
76fcf3ee-ea9e-4a14-9764-6a99a8f41a45,0.05013676462909048,0.04047784238079948,0.356,0.216,1.0,0.7691281138790024,0.3,0
57589a58-53f3-48a5-9e19-ee6824536a70,1.895777259830744e-06,0.015502846658995503,0.212,0.116,1.0,0.7206591244466356,0.14,0
7017f9f9-7cab-4cdc-b6e2-0ae793cd8980,0.1522795985906917,0.0028056145068327295,0.064,0.028,1.0,0.0,0.08,0
df6b4281-1527-42b6-acae-e592bf60de7c,3.508221566549245e-07,0.00038760346278847224,0.084,0.056,8.438525796892796e-30,0.11805209060971962,0.14,0
22b4a5eb-b961-4975-8189-f0f97f5bf7bb,8.548535736671133e-08,0.012229177703786145,0.208,0.08,0.0,0.0,0.18,0
bc1f0d15-37fe-4833-8f29-d487f4b143ea,0.0005087655789423946,0.0008385575515674149,0.092,0.072,1.0,0.103249097472924,0.1,0
8857c61a-8981-47af-93c0-9cd6604321d0,9.1105981157806e-05,0.01668214941510611,0.188,0.04,1.0,0.7206591244466356,0.14,1
125c7c8a-efab-4303-baed-ca5e5cf9de8a,0.003111965423250962,0.0022605116324790845,0.072,0.048,1.0,0.5290697674418602,0.04,0
970aed62-def7-438b-9dca-a04941fc6f74,0.3035015832482234,0.07775582821570559,0.244,0.124,1.0,0.6667952178943308,0.12,0
89933ec0-f30f-4380-a01d-781e5b0260b5,1.1028074577214347e-09,0.0015473697658456688,0.096,0.056,0.0,0.7620096959012786,0.1,0
8bc7735c-8503-49c8-9df6-8666682d9be3,0.4050561914495662,0.09258996591635313,0.256,0.12,1.0,0.13247374441093848,0.08,0
d8c4c6df-df92-4eae-bf81-e3a33dc8e423,0.13938328727272145,0.0012980038646791365,0.144,0.112,1.0,0.13247374441093848,0.12,0
c54ae4b6-7503-4146-b88d-f41af7a99de1,6.749623980604892e-07,0.0027744249409718718,0.16,0.08,1.0,0.0,0.06,0
fbdcea32-783f-4358-adbe-24c8e887f2c7,0.005944334563567951,0.01076563486891841,0.104,0.056,1.0,0.0,0.06,1
103a4d94-0f22-4982-88db-086eb17d3ba9,0.00025570703469399235,0.36545778283787866,0.424,0.188,1.0,0.7682566483748448,0.1,1
52d978ef-1d62-492f-90e4-c8c7645e2fca,8.393406004988855e-05,0.0012429794075651522,0.056,0.024,1.0,0.7620096959012786,0.04,0
e8e5cba7-a71f-426b-ac5c-80559b67a912,1.2324992561250156e-09,0.0010481015730923486,0.088,0.04,0.0,0.103249097472924,0.1,0
43beed24-f1b2-4ccd-875f-b62843d8c18c,0.018519398689046267,0.3380291481354,0.40738461538461535,0.216,1.0,0.8530038346825718,0.2,0
e5d6bc26-4629-4d2a-a342-5ea4dd04a7fd,0.468598540317476,0.014674570841515383,0.14,0.076,1.0,0.3973799126637543,0.08,0
b9c3cc43-83e7-42f2-bb0b-c0253c78aee1,0.8581687710392326,0.08416452882024825,0.188,0.068,1.0,0.34732824427480924,0.1,1
7125f33e-6b54-4d4d-bb05-773759a96d5a,0.0005300474126887909,0.006321466726049676,0.08,0.012,1.0,0.0,0.0,0
e357d706-0102-4de9-bba1-61b0db0cf9c7,0.0028016965743044163,0.07538087475535853,0.24,0.1,1.2284846142427797e-50,0.34732824427480924,0.12,0
a1d53904-a8e2-4e69-b922-e242d821884c,0.2740629934450358,0.35879764653715857,0.236,0.132,1.0,0.7682566483748448,0.12,0
5ea62bbd-6338-42fd-9a61-590d2dbdbec9,0.0001503599863212059,0.6346684700985117,0.36,0.18,5.248402204388874e-147,0.7691281138790024,0.28,0
961fa441-d688-4573-a0bf-e1f394dc42d3,0.004399398904859115,0.0018383892454457568,0.112,0.076,1.0,0.6603773584905661,0.2,0
e160e9e6-1948-4eed-a18e-cf7b97d45818,0.022098384733679022,0.005889271790705878,0.164,0.08,1.0,0.6667952178943308,0.06,0
ca4744d5-7f3a-480f-93fd-a06380eaffda,0.7842793294287684,0.01392128973271607,0.164,0.104,2.4251103477229664e-217,0.0,0.16,0
84858580-e474-4eae-b54a-d2cc95bb5c4d,0.03252305460841567,0.004502256214435178,0.116,0.048,1.0,0.29979726305119253,0.04,0
74b6264b-69c2-4fe6-be82-fb320e501bd6,0.0007025498881195704,0.002075534925895725,0.032,0.028,1.0,0.13247374441093848,0.02,0
1060435a-5638-4d83-a4d4-b6d9cc01245e,6.531584111608547e-05,0.018255762628637928,0.284,0.136,1.0,0.7206591244466356,0.16,0
53d6ac26-2b6e-4826-b3ce-33333488d169,0.00013808357213014748,0.0003133678271627118,0.02,0.008,1.1911333596887586e-92,0.103249097472924,0.0,0
44a1ad71-8afe-4a3f-89a1-5d5e2d0eda4a,3.7665302595976037e-07,0.04088974919834821,0.28,0.12,1.2314277888863465e-192,0.7878787878787872,0.1,0
d2372c72-22be-411f-b91c-282c8d7b7651,0.04376365652579599,0.0018958964783803598,0.048,0.028,1.0,0.13247374441093848,0.04,0
176f2c35-10af-44b2-a252-05f9934173e9,0.0982865508890561,0.34550805269482426,0.26,0.14,2.3366432269595032e-160,0.7682566483748448,0.2,0
483a7b1e-6cfd-4156-a3a9-bf92d5bb4204,0.891870162234174,0.006198772952990625,0.152,0.08,6.4916449330186535e-31,0.11805209060971962,0.0,0
80133c9a-38de-4f9f-91b3-6f1e74ab5210,0.0006703846624295657,0.001708554818168021,0.072,0.028,1.0,0.13247374441093848,0.08,0
ac5ea48d-c53e-4c96-b3a5-527504e60f4f,0.03951159739818091,0.002273796328908443,0.048,0.024,1.0,0.5174654752233955,0.0,0
d24ddaf6-7c95-4733-a00f-0666ca6d269b,0.99646760363572,0.009387962895045374,0.088,0.06,1.0,0.0,0.06,0
fbeb316d-a915-4d81-b210-6da630493724,0.22977771715952858,0.003932479128197247,0.176,0.104,0.0,0.11805209060971962,0.16,0
5b7ea344-841b-4d4a-90db-bb632c64a8a8,3.072513053721364e-11,0.02064722036833259,0.252,0.132,0.0,0.29979726305119253,0.24,0
cab0af57-b440-49a8-b65d-f8823b9fa9f1,0.002482087401228849,0.0102668696669108,0.192,0.08,1.0,0.0,0.12,0
2f96bcbc-af98-4c34-9909-21401855b81d,6.76113148954402e-08,0.0003789588725406469,0.124,0.064,1.0,0.0,0.06,0
299420bc-4ea9-4105-8b3a-2ee02680f980,0.9998386735521784,0.05438142813316554,0.256,0.132,1.0,0.13247374441093848,0.22,0
53bac453-6bc0-4caf-9671-c64d5f413ecd,0.12214100307145334,0.012643674887937788,0.1,0.024,1.0,0.13247374441093848,0.06,0
3ef4620e-cd8a-41bb-87e0-e6813b5097cb,5.089080011450877e-07,0.006900874531768234,0.1,0.028,1.0,0.0,0.08,0
7ced8ffe-89ca-4f26-bff0-6d0cd026ef0e,0.9307974963065384,0.013456185209306195,0.208,0.156,1.0,0.5762434889183949,0.12,0
b9d65952-352b-47f9-9167-6a8b4412b847,3.37483335694022e-05,0.2907739271003025,0.232,0.112,1.0,0.8530038346825718,0.2,0
1a2e322c-737c-4236-af6b-e27af3b30fbd,9.65698134963994e-07,0.010936108491898817,0.184,0.108,0.0001810374479154139,0.858490566037736,0.16,0
17babb07-49ed-4f4f-a1a3-9b8faae9d13d,0.00028131073813355444,0.01696198238771041,0.116,0.032,0.0,0.7165354330708658,0.04,0
cfefbca3-051b-4ca2-aaf1-c7d3b317111c,3.7824277343455263e-06,0.0035380867004638737,0.052,0.036,0.0,0.0,0.04,0
4b5dfbe9-b45a-4b08-a519-2a668d28f32d,0.07109190542149699,0.18885034891955,0.18,0.116,1.0,0.29979726305119253,0.1,0
b2feb7df-c6f6-4613-9a1c-0953af1d5e86,0.005102631961899842,0.0032319274162916677,0.08,0.056,1.0,0.7165354330708658,0.08,0
27a32f89-c1e4-4b66-8d65-a1c3d882c518,0.00019427458109150242,0.4651597164133247,0.272,0.116,0.0,0.5762434889183949,0.2,0
70771770-75b8-46a6-8e00-b3aab4654c5b,0.00013475097917646714,0.004894776337482686,0.056,0.024,3.2101987344074425e-27,0.13247374441093848,0.06,0
8ef100d0-72a8-40cf-81c8-1764b7f3187c,9.339345219823295e-06,0.01893892713214993,0.336,0.228,1.0,0.7206591244466356,0.2,0
320a605a-a765-4b90-91fa-437d493c1898,0.0020277340979595144,0.02147098756693162,0.2593846153846154,0.09964,1.0,0.29979726305119253,0.16,0
d56c5a64-e362-44d8-aabd-489c6dd17b8d,0.0087934058215204,0.045593361248526636,0.204,0.18,1.0,0.3973799126637543,0.16,0
f9bf68fe-0570-454c-b6c5-af09ec228a47,7.29582637583701e-10,0.009505453741459557,0.164,0.056,0.0,0.11805209060971962,0.1,0
478341ee-364a-4fc0-8ff9-b76a5f8be050,0.00012860027371642464,0.009990061505644347,0.2,0.124,1.0,0.7663157894736834,0.22,0
e696666f-f8cf-47cc-9284-284cef17c53e,0.026377464132363772,0.024800528582417283,0.24,0.108,1.0,0.7206591244466356,0.18,0
103b0ed7-82c8-4a69-a0b3-315a6a488bca,1.2566967979749592e-11,0.004998478989534357,0.12742857142857142,0.088,0.0,0.11805209060971962,0.12,0
c1a3fcee-62c1-49eb-ba65-c5273ac935e7,0.028188610074634933,0.007103202522514305,0.092,0.04,1.0,0.6667952178943308,0.08,0
39d381aa-f55a-461f-9465-bb6fd45b596c,0.9999577204530249,0.017195788324124876,0.108,0.056,1.0,0.7206591244466356,0.08,0
666271fe-48a1-4a6a-a74a-8cd874db9ab9,0.1485458870717803,0.5684397437498423,0.42,0.148,1.0,0.8530038346825718,0.18,1
b39d48d5-a746-489d-b8c7-407e980f8bdb,0.0033420136962858584,0.0011808985964997939,0.084,0.032,6.008795542315229e-05,0.103249097472924,0.06,0
1cfb82cb-d07d-4d5f-9167-e00e2fd9fd78,0.18276208824009202,0.19560724567259868,0.304,0.14,1.0,0.103249097472924,0.16,0
334e767d-ee8a-4573-9610-c19df9a92030,1.073378866568936e-05,0.047470759509666484,0.168,0.036,0.9999681497401576,0.7682566483748448,0.1,0
e3000134-aa87-4557-963e-67c75b40eca4,0.0008353897096265168,0.009262653247202494,0.14,0.076,1.0,0.5762434889183949,0.18,0
f7eac46e-5f87-4768-9bcf-017357c199ad,0.6501821527970117,0.024880262746768692,0.228,0.12,1.0,0.08708133971291877,0.18,0
4297e989-0136-497a-92e7-8987eabc2a49,0.005743619802956962,0.007867260165610125,0.14,0.064,0.0,0.8530038346825718,0.1,0
70efd719-0bea-4d0e-b03c-bd9fe879a241,0.9745224227757135,0.05061927814363224,0.304,0.188,1.0,0.7626737530662306,0.22,0
77be6a6c-7f40-406f-a057-740660c430b6,0.9321603381028565,0.7284216121539455,0.44,0.204,1.0,0.7878787878787872,0.12,0
553c2910-00e8-4ad4-9ab6-b39dc558e0d3,2.382179977596557e-12,0.00048735082722948175,0.052,0.04,0.0,0.13247374441093848,0.08,0
c28b83b8-9006-4564-8aae-cdfe0dfe24bf,0.024129248922985565,0.01756937341730707,0.172,0.04,0.00043662259105365503,0.0,0.04,0
4221e2b3-b6a0-444f-8f05-479d7dda45a0,2.3701037598752298e-08,0.013128282974097292,0.164,0.104,1.0,0.5762434889183949,0.16,1
ab1a6db0-5839-411c-9995-7ad562741b39,0.6916974427157271,0.02295892886502801,0.124,0.056,1.0,0.11805209060971962,0.12,0
eadc08f0-3432-4449-8b4e-6b137b47bd72,0.9588172031105398,0.6436459099769786,0.456,0.256,1.0,0.8530038346825718,0.24,0
77f60b4a-3358-4bd2-b327-266fb2d3ff26,1.494756349694936e-05,0.0007595757175258917,0.11933333333333333,0.052,1.0,0.11220715166461197,0.1,0
ec043c1d-3577-4f57-bd51-a0aad792d6b7,5.4590876760626886e-05,0.008124744007988273,0.104,0.028,1.3545120108534455e-14,0.11805209060971962,0.02,0
7a7a7ed3-6e16-4816-b3d8-19a9f6d377be,7.563258885156905e-05,0.03179412330466482,0.208,0.1,0.0,0.8530038346825718,0.06,1
7d2d7a81-60a9-47bd-9d44-e1f4530c1b0a,5.6476813572846225e-08,0.05942666792734301,0.156,0.06,0.9999999396927723,0.7206591244466356,0.02,0
06ee83e6-cb25-406b-a645-51c942cf70d9,0.026463869976587118,0.023850974489005576,0.24,0.068,1.0,0.5762434889183949,0.08,0
8a9bab23-2c88-467f-b814-66d8beda9b89,0.9646962277505888,0.05061389670673326,0.216,0.128,1.0,0.0,0.08,0
abbb81a5-234e-4c6e-88e9-f8cf7a53fb54,0.0004356959308283992,0.00220247719960032,0.152,0.084,1.0,0.0,0.06,0
cbc8c8f6-4103-4dc6-a43b-7de724e71733,0.16626549449969358,0.007648371724408893,0.228,0.104,1.0,0.6447368421052646,0.06,0
aa41cb48-ab52-4b98-b311-0c0a2eca1dc2,6.334860145811438e-09,0.003427852457886669,0.124,0.056,0.0,0.0,0.1,0
0576d550-e73e-402b-b02f-2c8a5af79796,1.4443754871308323e-14,0.0034058493191056736,0.056,0.036,0.0,0.6667952178943308,0.0,0
068a470e-2cc4-44d7-a417-4953294ad825,9.06287366862837e-08,0.005611731419574458,0.092,0.076,6.443834778952971e-218,0.7682566483748448,0.12,0
bdbba808-1691-4246-9079-04b3b0f21afc,3.0271102684863083e-05,0.011456098965917916,0.184,0.116,1.0,0.103249097472924,0.22,0
4a40598b-374c-4712-9b25-ae892d2cf2de,0.00215350797147227,0.00553298630823263,0.11955555555555555,0.06308474576271186,1.0,0.0,0.1,0
b98e3172-007c-439f-8fa7-c495dba3098b,0.0022897855713309937,0.0012627344602962197,0.12,0.032,1.0,0.7682566483748448,0.08,0
1e8b45c5-5a08-4219-8060-d1dd9f1d1439,0.12486516301952162,0.032582916973298896,0.2,0.124,1.0,0.0,0.14,0
edc78e63-dd4c-4c82-93d0-31a3e6833c8d,0.1353305796143391,0.008339536692141344,0.184,0.084,1.0,0.0,0.12,0
d24b9710-a2f7-4e68-8090-39f94e87b2ba,0.07718232816120195,0.022017677013366356,0.104,0.044,1.0,0.11805209060971962,0.04,1
85916ef8-6b1d-42e8-bf8b-8354c35920b4,2.0266707659032535e-09,0.004332322512048332,0.092,0.056,0.0,0.11805209060971962,0.04,0
b3a72172-e198-4e0f-8281-8acb2d4d66c8,0.0033840650115761948,0.003752306102362521,0.12,0.06,0.0,0.34732824427480924,0.08,1
fdac9b4e-09ce-42a3-8d29-ced4af0a2998,2.0586152314026632e-10,0.0006959258714697434,0.108,0.044,0.0,0.0,0.04,0
f625534b-6276-40ec-a234-4d818374cba4,1.4124455512984518e-08,0.001225265611610439,0.088,0.03564,0.0,0.103249097472924,0.02,0
f474d59c-b469-4186-84c7-218f7cae3ac0,0.0030835932297503927,0.005120972980995852,0.288,0.148,1.0,0.7878787878787872,0.14,0
ab302a13-d302-4458-927c-6b2f134d2feb,8.196025395735778e-05,0.0035403727380294,0.064,0.044,0.0,0.13247374441093848,0.02,0
50d4d7f8-1095-49ab-bae2-92fb0015e8e4,0.04171114216285314,0.0005571283707326805,0.006666666666666666,0.0,1.0,0.11220715166461197,0.04,0
7ec120a2-ad51-4a73-959a-5f818ede36a8,0.0005341693327181979,0.010800831559966445,0.156,0.056,1.0,0.7206591244466356,0.14,0
0e65cd0f-0688-4dcf-a84a-4a03b0bc989b,0.5741357289030864,0.13739145648210033,0.432,0.208,1.0,0.7206591244466356,0.2,0
32f51948-655c-4bab-8ce4-7d27dfc99424,4.907306097772053e-07,0.003775810219490988,0.124,0.12,0.0,0.11805209060971962,0.1,1
2103e270-7194-4735-934e-7084035ef06c,0.004114551700095433,0.021938429546362274,0.328,0.132,1.0,0.103249097472924,0.26,0
428af37d-30cc-4219-9b56-c024eeb22d15,0.03955064178859714,0.005421944111287914,0.068,0.024,1.0,0.0,0.02,0
d54a3a0d-3751-4439-b0c7-caf1df130cb3,6.525934940795497e-06,0.05495373113463307,0.076,0.02,1.0,0.34732824427480924,0.1,0
3200295c-3184-405b-88c2-f29eb25b849e,0.0012467834532395073,0.041203104852545684,0.232,0.116,1.0,0.13247374441093848,0.16,0
251aec1f-ee7a-450f-abbb-af491f85393d,0.9181835722341495,0.008120039834179773,0.176,0.12,1.0,0.103249097472924,0.24,0
a60cb972-b33e-4bdf-a117-e36901d73137,0.010956745042404726,0.00473365793481744,0.064,0.056,0.0,0.29979726305119253,0.1,0
108a8ec5-2d8d-4d32-b58a-f75d7fb663fc,0.09774378047485717,0.14567247550857226,0.272,0.148,1.0,0.7878787878787872,0.08,0
cf3224da-bc9f-46a4-aa89-974a5fb6eb70,1.0526144545540678e-07,0.001372862467290137,0.068,0.036,0.011160649205555904,0.103249097472924,0.1,0
cd4aaa4f-5b3a-4dcb-9328-c58a15b61608,0.002607915697930301,0.04558774187523059,0.16,0.096,1.0,0.13247374441093848,0.14,0
a7090076-2d84-402f-bc73-c01483a14b81,1.0113547449178133e-10,0.0019082359831425857,0.1,0.044,0.0,0.0,0.02,0
38e51581-b2a9-4f53-a0ae-d9e9ee0d79f3,0.0007220987344572991,0.17641305753561912,0.364,0.212,1.0,0.5762434889183949,0.24,0
b0b02ca5-4338-4945-9ebb-a935aed1a702,0.0003499992281623623,0.0021302091733174724,0.132,0.044,1.0,0.11805209060971962,0.12,0
9f636bd9-d1d8-41d1-a792-2024972b6d91,2.0852610059214545e-07,0.1671627120084884,0.336,0.2,0.0,0.0,0.2,0
01b588d1-c179-4047-8797-1df4114dbd53,8.13657829838771e-06,0.004619473232299865,0.12,0.056,0.0,0.6447368421052646,0.0,0
d9398cb5-77df-4d69-8272-8e3543c84adf,0.022125747676966612,0.0006818741506770443,0.112,0.064,1.0,0.7663157894736834,0.12,1
b4e96db0-fc84-493a-b0d4-60586ac9b898,2.978707532177754e-06,0.0007664039009242757,0.1,0.032,3.10801133357e-313,0.11805209060971962,0.04,0
f487bca7-8e55-4b7d-b9f6-de37fe34537a,0.08692151865839667,0.14991737773818836,0.292,0.148,1.0,0.7206591244466356,0.22,0
55d4ec71-f984-4210-a7dc-13a8f72fe278,0.4507432913727466,0.3405561791819769,0.488,0.26,1.0,0.7206591244466356,0.22,0
1838862e-b98b-4f39-b280-628348e9546e,0.997482262086394,0.725571953936811,0.396,0.192,1.0,0.7206591244466356,0.2,1
99eeb952-8a46-449c-b586-d70546cce5b4,1.0313773009153036e-06,0.0020411481565497836,0.116,0.028,9.72522382456645e-310,0.13247374441093848,0.06,0
b19a2abc-b5ca-4a53-8556-84c1602d87b2,1.1271381494907397e-05,0.003810284958506567,0.076,0.028,1.0655031248789015e-287,0.0,0.04,0
5d7035d3-03fa-4208-81d4-60526fb63d28,3.563728298063052e-07,0.002913707190864996,0.068,0.016,0.0,0.103249097472924,0.0,0
cc425f3f-18ff-40bc-a38e-95465f11a5d6,7.683172034360992e-06,0.000626134093402373,0.048,0.024,1.5520939557278025e-49,0.11805209060971962,0.06,0
8cffaa96-ec24-45ef-a9d7-968227b2714b,2.3533430042935904e-10,0.005908554787757229,0.084,0.044,0.0,0.103249097472924,0.18,0
f2391b66-fb57-444c-b8cf-a0fd81f3e430,0.7947462860197136,0.0711962679974929,0.21,0.11492000000000001,1.0,0.5762434889183949,0.06,1
38c6034e-a46f-4f7a-b33d-7f6189b989e0,0.043527465492411765,0.026888612006115812,0.136,0.056,1.0,0.858490566037736,0.12,0
340aa367-716e-4da9-a6f3-c1d8651d0db2,0.15090455160811153,0.1361603751573436,0.264,0.176,1.0,0.7620096959012786,0.18,0
707d21eb-9140-4865-a32f-6f8e17a5b604,0.04530904289743665,0.012430528659262688,0.196,0.1,1.0,0.3973799126637543,0.14,0
de1c5b77-5a21-49c2-b0c9-cebf340f670b,0.9401123026302871,0.15484508204816366,0.3,0.16,1.0,0.7682566483748448,0.14,0
e1c0d82b-35b7-413d-aa2a-ab75bb650a5e,0.0509144625279681,0.011617550347222966,0.176,0.036,1.0,0.11220715166461197,0.06,0
d8b2cb51-ca44-40f5-9ed4-d20eb404815a,6.569917480807635e-07,0.0013929679885306863,0.08,0.024,2.275322457447586e-06,0.11805209060971962,0.06,0
e731b89f-2efc-4921-b944-7cd795c1369a,0.006978793729447208,0.009390780029152076,0.18,0.116,1.0,0.0,0.1,0
d969909a-ef6a-412f-9932-2d65e545c083,0.20216919564340288,0.001138238719829914,0.088,0.048,2.044411811886282e-232,0.754739336492891,0.14,0
817ffadf-6274-44fb-ab5e-fae2f6c79d06,0.2845464545297966,0.003446892132384737,0.092,0.032,1.0,0.7682566483748448,0.08,0
2b272000-6441-463d-bcce-df49461fa6cf,1.2913614586780835e-05,0.011808806062696122,0.216,0.108,1.0,0.7878787878787872,0.1,0
35319123-9bdd-483e-946f-bfe99d1eb3d7,0.7836312427973877,0.010992451659932227,0.208,0.096,1.0,0.11805209060971962,0.16,0
e03aa556-9746-4a09-81fe-5760e44cee6e,3.5924021387381693e-07,0.00042409757046299955,0.032,0.004,1.0,0.103249097472924,0.06,0
4c6102eb-a5a0-487c-981b-8dd5b7def721,0.03381505172338192,0.004431809041677457,0.076,0.03964,1.0,0.103249097472924,0.06,0
2ab6de9f-90e1-4025-9013-30d8665f910c,9.208416838008792e-06,0.004925942904249085,0.076,0.008,1.0,0.11805209060971962,0.08,0
0e1cad69-aded-4ddf-877e-05278a46720d,1.8262725816431767e-05,0.02720948841246704,0.2,0.092,0.0,0.7691281138790024,0.16,0
943f1179-e4dc-4af3-b1e1-c63ef0225de1,0.0007021351223416138,0.05878422677374321,0.28,0.232,1.0,0.5762434889183949,0.28,0
91e98b15-b3a2-44f4-9470-b549e73a116d,0.9958993880834435,0.35317921132806174,0.328,0.17564,1.0,0.5762434889183949,0.08,0
f214323e-9c22-4a72-8c12-35a3cd50d25c,0.0013147557339384171,0.022559427171698388,0.26,0.164,1.0,0.08708133971291877,0.26,0
6d7d9e78-5279-4338-8831-9e3670fb51df,9.84002331584498e-05,0.0014027668765911085,0.136,0.052,1.0,0.11220715166461197,0.16,0
df3e3ff3-6a8a-4cc3-aae4-6426e6a24387,2.154451065976172e-06,0.23562053963167467,0.272,0.176,1.0,0.29979726305119253,0.16,0
59f7fa7f-7c45-4349-a5b6-6bd9225ef0b7,1.1562495734192356e-07,0.0005120899345678696,0.028,0.016,1.0,0.103249097472924,0.0,0
d9832ddd-f9ad-4f65-b2cd-c007a9bfc2b7,4.432947469255549e-05,0.004001155250509901,0.156,0.056,1.0,0.08708133971291877,0.14,0
f1e3d7a8-a00f-477d-bf36-df759f4a48e5,0.13547086016308968,0.0004015868752804788,0.128,0.016,1.0,0.13247374441093848,0.06,0
0b514ac9-a16b-4621-832f-ba4d0de038a5,0.0025557573778146776,0.03465264066008998,0.152,0.072,0.0,0.13247374441093848,0.06,0
ef934957-5f66-4a8a-ba72-d92060db6cd6,0.03219461578329527,0.21263485637126678,0.32,0.148,1.0,0.30536912751677847,0.22,0
7c7c6011-d5b2-4d48-97df-583b73f933d1,0.9999867791261835,0.1546381769722229,0.216,0.12,1.0,0.7206591244466356,0.18,0
4a9c3345-5bc7-4eb1-899f-52ccb2d5ff4e,0.9867316262120742,0.020024294327164793,0.38,0.224,1.0,0.7206591244466356,0.2,0
934ef6d9-cae9-461e-8b29-8632817520f6,9.101418279817012e-11,0.017377191882598324,0.092,0.044,1.0,0.0,0.04,0
a579f054-4818-45e2-8a31-807ee24ec608,0.7525342608689305,0.0029136507708462777,0.1,0.044,1.0,0.13247374441093848,0.0,0
93514852-9749-4237-92c1-e85347c27e9d,0.0002631534145536541,0.009573679384785377,0.164,0.112,1.0,0.11805209060971962,0.18,0
559b6883-a739-402b-89ef-0a5117ca0bf0,0.34491796467842756,0.0020086187753526018,0.156,0.072,1.0,0.13247374441093848,0.12,0
09df5619-c43e-4535-9682-21acbf90f0e4,4.782057610414872e-13,0.0074571314150074985,0.1,0.036,0.0,0.13247374441093848,0.04,0
604a612c-835a-4bec-aa6d-cb20858b9845,1.1910642130733794e-09,0.057075198535112524,0.204,0.1,0.0,0.13247374441093848,0.1,0
39ae881f-ed06-47f5-a53f-5340f8d78fbe,5.013671213176469e-06,0.014960407195804132,0.188,0.052,1.0,0.11805209060971962,0.04,0
b6026c69-0af5-4d39-818a-4910fef6de67,0.5080768415942702,0.15684209221462636,0.32,0.188,1.0,0.858490566037736,0.14,0
88d225f1-a324-4ec6-b8ad-296800f13092,6.4801573891058e-06,0.003818856764805958,0.076,0.016,0.0,0.0,0.02,0
7f536751-f577-4dc1-aceb-e92873f649fe,3.2027924445492484e-05,0.06982458927357497,0.348,0.172,1.0,0.0,0.2,0
eb49648b-544b-4250-abdb-4b7741cf1ec6,0.00022710880666891605,0.0006541598326517587,0.048,0.02,4.205869111e-314,0.103249097472924,0.02,0
8e09f48a-0a9d-41e5-af52-6dd8c8d6bfaf,0.2505160516377947,0.009974569332813576,0.264,0.12,1.0,0.7206591244466356,0.22,0
cbf33211-c4e8-4d95-8ba7-4ffed088d13e,9.959864753328916e-05,0.005331156211630529,0.096,0.052,1.0,0.7682566483748448,0.2,0
6fe34f24-b34b-4cf5-b89f-59c3c639bd82,0.010212668135246442,0.024713358160692735,0.14,0.092,1.0,0.11220715166461197,0.08,0
bbdc1d34-34b9-4566-8142-ce28772a21b3,0.007670743427598942,0.009697680589807618,0.148,0.104,0.0,0.11805209060971962,0.04,0
936c8277-1cf8-4e57-a805-a5e5916863cf,0.9943645601825947,0.15896541866219638,0.292,0.192,1.0,0.5687499999999998,0.16,1
c8dd8891-81da-4b7d-9047-5b5dad0e8195,2.73952688614932e-06,0.01291386994363546,0.084,0.028,1.0,0.0,0.02,0
a80cf472-4bc2-4e93-83b7-a7e264526b47,0.006961822956402905,0.01157523722428575,0.112,0.076,3.628892717332497e-169,0.3973799126637543,0.12,0
af4aa262-6637-45a0-8224-c5d6c915d3b1,0.3593464379347452,0.27988735102334655,0.256,0.164,1.0,0.5762434889183949,0.22,0
475f6c8b-5e7d-4928-9fc3-ba0b491a9b47,0.9114639428709438,0.010256025975983513,0.156,0.06,1.0,0.5762434889183949,0.06,0
c79beac0-8b69-46f7-93c6-6d649b87a1f7,1.2077438620825794e-09,0.04506171921911458,0.16,0.072,0.0,0.7626737530662306,0.16,0
11797f04-5386-4c07-b889-129323d1c02f,0.00047260957634744403,0.4023433936161786,0.264,0.108,1.0,0.11220715166461197,0.18,0
4b5c7abf-1fca-4655-9e35-e6d485ed446e,0.4167599376019746,0.001110796773599506,0.176,0.08,1.0,0.11220715166461197,0.22,0
55be41e5-8a54-4716-95d5-ec94a056c65e,2.856700777291053e-05,0.005158595772016178,0.168,0.068,0.0,0.0,0.1,0
ea76c2c6-b3cb-4824-866b-a308e5cd2d91,2.8209958586968914e-05,0.002521643753664368,0.092,0.028,1.0,0.11805209060971962,0.02,0
599ad312-c8ba-42ad-ab8d-f71e46a6fc19,0.032164819893045114,0.006244605138308297,0.12,0.072,1.0,0.0,0.04,0
01b81ad5-6df5-4c8d-bca7-73394b572e5b,0.896357621490229,0.19745510450519851,0.248,0.132,1.0,0.5762434889183949,0.2,0
18609a38-74db-4b56-99e9-10f8bf567d91,0.21080751407981066,0.016647741605047874,0.192,0.068,1.0,0.29979726305119253,0.12,0
aae68eff-90f2-418c-beeb-cc3dcf9665e8,0.022998996461327918,0.011040953378876258,0.156,0.052,1.0,0.7682566483748448,0.1,0
59cebfc1-cdf3-4511-a944-1b980ea9f7e5,0.052837818675680916,0.033974066904699445,0.108,0.1,1.0,0.103249097472924,0.04,0
9273695d-0b76-4f08-99ba-61ebdd87c433,0.9291800977936334,0.03460486660282204,0.176,0.108,1.0,0.11220715166461197,0.14,1
ae295ccb-2a74-4257-9c9e-7a6c7ec0d08e,1.2135674111836687e-13,0.0011848322834552747,0.044,0.02764,0.0,0.0,0.02,0
76d0ed36-4bb1-4856-9803-75df86099d37,2.3416174895855964e-05,0.007795177372524414,0.104,0.048,0.0,0.13247374441093848,0.08,0
f702e7e0-bf8a-4987-b570-c5ab7edb2996,0.4225022556478806,0.015504484806881793,0.272,0.12,1.0,0.7206591244466356,0.12,0
e418815a-e2eb-4ced-84fa-a1f0444475a6,0.010346156740564614,0.004270768095270263,0.1,0.036,1.0,0.13247374441093848,0.04,0
57138b8a-914c-441b-baae-ccf1f82a1574,1.316822183877089e-13,0.009472783611717741,0.128,0.02,0.0,0.0,0.06,0
bee3cae4-e2d2-45af-86b9-5c9defd0d231,9.539968846325888e-07,0.0075755241182585914,0.164,0.096,0.0,0.7206591244466356,0.1,0
b1c60120-9fb5-41e0-8a18-cce066a6f482,0.013505602075310324,0.012950908766607783,0.148,0.068,1.0,0.7682566483748448,0.16,0
a605dea7-1948-43ca-ae9e-f09bdb2df6fc,0.1844993229488523,0.07585419867749651,0.2,0.064,1.0,0.7206591244466356,0.14,0
bd4f79a5-654a-464c-8b56-0e31920ff4e3,0.03532145488537056,0.07390640947734814,0.256,0.204,1.0,0.858490566037736,0.18,0
de5d82f8-ec73-4e6f-ba2b-57202607272b,0.043659562287303035,0.009133266236407962,0.132,0.076,1.0,0.11805209060971962,0.12,0
861e5eec-0431-4233-b52a-ed8cc97155aa,0.011705602067465074,0.006936318285291899,0.228,0.12,0.0,0.7682566483748448,0.12,0
a0bfe883-88b8-47a0-bc43-755311c77cb1,2.053020450090602e-16,0.0002337042959746542,0.06,0.04,0.0,0.103249097472924,0.04,0
b7e6b1b5-dfda-49f7-b7cc-ed3ac3c0b272,8.816749587527084e-06,0.003590255460476082,0.104,0.044,0.0,0.103249097472924,0.04,0
300f82d1-913f-4b22-be62-e5c2a3bf13eb,0.005270897786516748,0.0031303505827187726,0.136,0.076,0.0007548180108249879,0.08708133971291877,0.12,0
f1bc067b-e547-49ea-95a1-2738ef118e1d,0.6103314719876266,0.9124247868236949,0.9080182373182376,0.9099999999999971,1.0,0.5762434889183949,0.06,0
f400ad17-3c61-4748-93a2-575b07b9139d,7.236371715953219e-09,0.21248679357779243,0.3,0.136,0.0,0.7682566483748448,0.2,0
dc061dfc-eba0-4dbd-b2f1-f0ea6d4a48d8,7.697836031519351e-05,0.015385495805658018,0.2,0.1,0.0,0.6667952178943308,0.08,0
4fa73c96-3e04-486b-b32c-9ece8139511b,4.4132226211464465e-14,0.001020748339469659,0.084,0.036,1.0,0.08708133971291877,0.14,0
64d96a31-0991-44f3-bfd2-17ad2a9deb96,0.9965625047413278,0.019280788701129713,0.344,0.14,1.0,0.7206591244466356,0.12,1
ca436bba-ca6a-4ab5-9027-c07066c51574,5.6219682047995525e-06,0.002291413218300832,0.04,0.028,0.0,0.103249097472924,0.0,0
6fe2ef28-1bcd-486d-9dee-dfddaab1303f,1.224496808611849e-09,0.0012791577557420446,0.14,0.076,0.0,0.29979726305119253,0.06,0
a1ec196b-c3d6-4956-9b64-8a87532c5e3e,1.2749691363438313e-06,0.003102927721917261,0.08,0.028,1.0,0.13247374441093848,0.04,0
d96c4452-24bd-4749-a3e3-f00eaf4f4314,4.470286446221692e-06,0.018002393468433745,0.088,0.064,1.0,0.7626737530662306,0.14,0
a80befd6-766f-4c58-ba55-49b4068d9787,0.034240405608379626,0.04821229434317925,0.276,0.132,0.0,0.29979726305119253,0.18,0
509f3837-bdd7-4dc7-b7a2-c2b5261f6f28,0.003002863003300187,0.004325632554011189,0.108,0.064,0.0,0.7165354330708658,0.1,0
301cb200-2ef1-46e7-b811-5bfd375cec52,0.0027000803032953954,0.003640583450462363,0.176,0.084,1.0,0.13247374441093848,0.08,0
5d90e8ac-69cc-464f-81ea-a0aea4f24030,4.881084176441562e-08,0.010467046781171004,0.168,0.052,2.264844271715072e-28,0.0,0.04,0
b2c5d6b1-8449-4d5f-9b3e-0eeb8e18d608,8.598393957067318e-12,0.004227554815588012,0.136,0.104,0.0,0.13247374441093848,0.08,0
bdfeb77f-3535-4ab2-8a69-efaeb7d6665b,3.4902263051872736e-06,0.0016013992656317487,0.128,0.056,0.0,0.7626737530662306,0.06,0
fd7dddfa-77a8-4d21-999c-a59be1806a69,0.0016900924974131246,0.009924594946063348,0.12,0.06,1.724405238336668e-163,0.13247374441093848,0.06,0
33a7bba0-2ef6-415b-b73c-3dc994b8a86e,0.12938100212626374,0.0007236383758851042,0.064,0.016,1.0,0.103249097472924,0.02,1
4f2a5f27-b4a4-46ee-aa2d-595ced048c5d,0.18658531648246066,0.011995078876187414,0.248,0.096,1.0,0.103249097472924,0.16,0
df926993-9c48-4134-be13-f79df8f06c17,0.005898016403016699,0.024828166886727045,0.216,0.108,1.0,0.3973799126637543,0.18,0
414ac757-1353-492d-8252-17a829cf143e,0.004883184211520892,0.002825716617272263,0.096,0.036,1.0,0.103249097472924,0.1,0
7e7f33ac-914d-4622-9efe-a312704fb940,0.9577732355266572,0.09286752801070637,0.288,0.156,1.0,0.7682566483748448,0.16,0
983bc008-43f7-4b47-8f81-1ba958d6d393,0.012367263643009758,0.05493097465811272,0.22,0.112,1.0,0.0,0.24,0
28962351-dd59-4052-a561-1e0766363486,3.6777238655502604e-05,0.032440361265165384,0.224,0.088,4.6255512662445064e-104,0.13247374441093848,0.06,0
9d40ef8e-9798-4de6-9acb-e3b9ea818d38,0.9093988305818225,0.0569671948940969,0.32,0.172,1.0,0.11805209060971962,0.22,0
aa813c37-a268-4f3f-aafb-4df2b63aa817,1.0478469205208769e-06,0.0037374300645840876,0.12,0.048,0.0,0.11805209060971962,0.04,0
8c8ca3a0-b7d9-440a-be68-55d59d4e0075,0.001335415036775775,0.02320635870407589,0.212,0.108,1.0,0.7206591244466356,0.16,0
4417e11f-55d2-4fe7-be4d-88a49e0af376,3.216818427557746e-11,0.001265499967038703,0.032,0.012,0.0,0.11805209060971962,0.0,0
1e88785d-b20d-4102-bd8c-248c8f393710,4.3818939546290845e-05,0.00160084143634948,0.036,0.004,1.0,0.13247374441093848,0.0,0
af106567-88f1-45d6-9c3e-27344e97b9b4,1.7159712496995026e-10,0.07855373373089314,0.16,0.092,0.0,0.13247374441093848,0.12,0
8acd647d-7ae1-4846-9605-0109b0fb469b,1.5377333321608513e-05,0.2647693476183871,0.332,0.188,0.0,0.8530038346825718,0.26,1
69fd138a-51c1-4c5f-8f2a-09f894994336,4.482937836109541e-10,0.0024550266423639163,0.144,0.048,4.042213944657601e-239,0.08708133971291877,0.14,0
fd0bc22e-3a93-4989-93a1-9f7579e39d16,0.0010030974613928565,0.005006834951055834,0.096,0.044,1.0,0.13247374441093848,0.04,0
ce04ac91-26f8-47eb-9e1e-e0022ff2d310,0.0050954224992148505,0.008125073154859884,0.22,0.096,1.0,0.13247374441093848,0.16,0
0de3d423-b486-4771-bfd7-29a434ea6e24,0.0034114018853528293,0.002155938108737204,0.028,0.0,1.0,0.0,0.06,0
0a0df52e-ec5e-4bb9-94d6-490eb4c99171,0.0018086302776521687,0.005122342497845114,0.124,0.088,1.0,0.11805209060971962,0.12,1
cff2c7c0-e19d-429c-b893-96440b156cb5,0.003249506336418007,0.021367742416819043,0.16,0.08,1.0,0.11805209060971962,0.14,0
9787c4be-710e-4840-95a5-5ad04f2cfec3,0.006384169826092559,0.017139989648155794,0.164,0.108,2.3776341412760784e-20,0.11805209060971962,0.1,0
473ad21c-68b5-470e-a134-c102f84dbf3f,8.742158578254635e-05,0.016950354849866157,0.13422222222222221,0.024,9.191565186749095e-90,0.7626737530662306,0.1,0
c3f34c6a-8c2c-4fdd-9d1c-bdc9ae2e829a,8.444150760026088e-05,0.009747144832703607,0.156,0.084,1.0,0.11805209060971962,0.12,0
cbbea8ae-bb65-4b69-97b2-185864a9c68d,0.9985376778739092,0.393480712673781,0.336,0.236,1.0,0.34732824427480924,0.26,1
a5b3bd79-10dc-457f-a5de-cf335dbe281e,0.018360223145575786,0.28681400582707595,0.208,0.08,1.0,0.5762434889183949,0.04,0
1b679213-7457-4eba-8d0e-72c25447ae7e,6.282612388265739e-11,0.0008227870387030056,0.0395,0.012,0.0,0.11805209060971962,0.0,0
8ba1a45c-62a9-45e9-97fa-dfb2a19a31b8,0.9993789288531008,0.0034063207521302214,0.08,0.036,1.0,0.13247374441093848,0.06,1
87dcc137-c0ab-4f22-bace-eb91d8198a3e,0.12634341747626912,0.027920477428635106,0.24,0.092,1.0,0.11220715166461197,0.18,0
99278fab-6359-4236-8495-e736cea56bb9,1.3186092498044085e-06,0.0016403381010759457,0.12,0.084,1.0,0.0,0.06,0
03d86cab-7c09-4140-b4e2-462ad9517316,0.0004308529763607123,0.006075355198596257,0.124,0.04,1.0,0.3973799126637543,0.04,0
8ef35c5f-ba2a-4dc9-affa-9d237142ea9c,0.005237750674223193,0.0014673547321063945,0.092,0.032,1.0,0.11805209060971962,0.06,0
acadfd2d-01f3-4c29-b844-692616c23663,7.905138265452344e-05,0.005912727674597998,0.14,0.096,1.0,0.11805209060971962,0.16,1
9fafd026-a6bd-4e32-bfd5-936b61b4ae06,0.9997161077573699,0.015545625389460027,0.204,0.068,1.0,0.858490566037736,0.08,0
2de8d30d-876a-4084-a6e5-f119e34c16fe,0.010413261557295531,0.03690909187784005,0.236,0.1,1.0,0.0,0.1,0
ba207e97-b945-4303-8511-b8d09c0bec6a,3.457574654138474e-05,0.004365075813729303,0.128,0.031084745762711866,9.646278048761244e-179,0.7682566483748448,0.06,0
80a23f16-9ae1-41fc-9b7e-b853c41cb1f0,4.585870859374737e-07,0.017978421385964102,0.116,0.032,1.0,0.11220715166461197,0.08,0
72fce47b-8a8c-4880-9ce3-b68dd2fa5b2a,0.0072700147491356025,0.001510664629221551,0.164,0.068,1.0,0.0,0.18,0
0b8cb35e-2a74-424a-8618-875dca531bae,1.491148188417404e-19,0.002046530994856571,0.112,0.044,0.0,0.103249097472924,0.12,0
d20c8f8c-6b21-4772-9241-570fb5a0d00f,0.00078227034820759,0.002845304075422974,0.072,0.052,3.988025680599395e-09,0.0,0.06,0
c8c85d73-b231-4a80-b184-5b325701bc4d,0.016813065967058956,0.022086068864493394,0.208,0.128,1.0,0.7682566483748448,0.16,0
ddc9d46d-f3f1-4e2e-bb20-f546c8b91737,0.9712665645668367,0.22024618408446217,0.252,0.1,1.0,0.29979726305119253,0.16,0
7ca48bae-ff6a-4fba-af00-2e79b6243cba,0.00178224705641631,0.009985898444663245,0.208,0.072,0.0,0.6667952178943308,0.08,0
fe76d776-aeaa-47ad-8911-87dd66680623,0.017428168355199846,0.009676644017481991,0.268,0.14,1.0,0.11220715166461197,0.12,0
e667508b-f8e3-4671-8e77-2dab3133fdad,2.2407126643555928e-21,0.0032436354028291233,0.096,0.032,0.0,0.678092399403875,0.04,0
bd866a72-6078-4e70-a320-c89888cf965a,4.169818145320764e-07,0.0009414557751112496,0.128,0.068,1.0,0.08708133971291877,0.14,0
794f7466-cb8d-437e-a0af-027d61209845,0.27051971555590854,0.004935977736873763,0.104,0.056,1.0,0.5762434889183949,0.08,0
014937b7-a118-41df-8985-82f6f0bd1a02,0.9947150864632678,0.04775470116505802,0.312,0.18,1.0,0.0,0.18,0
ed43b637-558a-4f34-8ec8-e25cbd3c55dc,0.9997250188215383,0.591472338934679,0.432,0.296,1.0,0.7691281138790024,0.3,0
792ba79a-4224-4507-9f1b-bc4f993509b5,7.017500196345187e-10,0.003993644912580368,0.084,0.072,1.0,0.0,0.06,0
96742aa1-f8ff-4fe4-bb95-41d0f57abf2e,0.004467577364100105,0.003467486508183821,0.116,0.052,0.2612097280854027,0.37295081967213084,0.06,0
2e537ee2-307e-434c-bdd3-54dacb526266,1.3484957923638164e-07,0.05293731826203726,0.312,0.14,0.0,0.5762434889183949,0.18,1
c9f6cbbc-a1af-4e7b-881b-7227e51f581b,8.970633655588787e-06,0.21240560518883136,0.248,0.12,1.0,0.7682566483748448,0.24,0
b8db0ec8-57c7-483b-a040-150d277db1ee,0.008261460707100758,0.002607261509928055,0.164,0.104,1.0,0.7206591244466356,0.08,0
f582e560-c862-4007-a05b-1f217ca3c0ec,0.8142620569155247,0.09507797941239715,0.188,0.132,1.0,0.0,0.16,0
89074a23-f905-445f-a554-d5245bcd5da9,2.982039752812128e-09,0.00559936960101842,0.196,0.08,0.0,0.0,0.12,0
73bd51d4-38da-45b7-acf6-b1e11f86eae4,0.00987328069395757,0.026953976787023427,0.236,0.152,1.0,0.29979726305119253,0.18,0
a3953c93-7f9f-4c59-8b32-5bf467726af4,0.1504102604966458,0.09971391545901125,0.476,0.308,1.0,0.0,0.3,0
9399fd0d-c623-4b67-b013-07403efd3eeb,0.4313147585032195,0.062390868722795784,0.208,0.092,1.0,0.5762434889183949,0.14,0
1214a57d-ff98-4d0a-8ca2-2d2fb90bd92a,0.8730401772248189,0.0010070089460952256,0.132,0.056,1.0,0.0,0.1,0
fbbd2267-6145-43d9-836c-f1c0b2bd304a,0.08998049030005321,0.001622892872444414,0.112,0.06,1.0,0.0,0.06,0
e81c110a-fdd2-4e01-9217-ac0e02f8a1d5,0.006943939267626883,0.0054818923568726455,0.14,0.092,1.0,0.8530038346825718,0.08,0
9d98a927-423e-4675-8b3b-2045d0f1725c,0.08826051187532181,0.10386393516743028,0.372,0.184,1.0,0.29979726305119253,0.24,0
8287f27a-0683-4678-ad70-031a36cebe06,0.2928280163580483,0.017025996711989816,0.176,0.084,1.713941306057391e-50,0.11805209060971962,0.08,0
4f32e6a6-7b81-450c-bc5c-223d70fd4020,8.27978615854501e-10,0.02208232896791691,0.18,0.06,0.0,0.11220715166461197,0.12,0
62460ade-1446-410e-bd8d-c12f7491dbb9,3.838952155421378e-05,0.0006454555396670068,0.036,0.036,0.6536374491348927,0.08708133971291877,0.08,0
1276dc85-b94c-46e9-9527-f9a4229f55d1,0.00011704237211527282,0.0009449656569219481,0.124,0.06,0.0,0.37295081967213084,0.02,0
4c9224aa-00e1-4047-9f85-5038024d6335,0.654754081732913,0.009578086609862991,0.096,0.048,1.0,0.103249097472924,0.08,0
6fbacd6d-fdf9-4f73-bd0c-6fb3c5b57c4d,0.05474606046422842,0.0028794108808121686,0.04,0.008,1.0,0.11805209060971962,0.0,0
ea14ec78-6f90-4a20-bdcb-0f987e47268f,1.351530674126142e-05,0.004304053278886436,0.096,0.012,1.0,0.103249097472924,0.06,0
1e215939-51e0-42c8-8da9-8877441595c7,0.00025506663317321565,0.009648783368563509,0.18,0.068,1.0,0.7682566483748448,0.14,0
9ab90d1c-4839-4fc7-9706-0a882ae242fe,0.013438916346557746,0.0008799567786227806,0.032,0.008,0.0,0.11805209060971962,0.02,0
bca3f770-5583-44fc-9334-0670e926d3d6,0.9170471945940908,0.4657477072014561,0.276,0.12,1.0,0.8530038346825718,0.14,0
465d9ad2-5e59-4cd2-9490-e55d98ef7982,4.535000720058606e-07,0.0031561786481909917,0.164,0.084,0.0,0.11805209060971962,0.06,0
145143d2-1e19-4490-9f5f-f4a96ecbddc4,0.012285727974996897,0.0028178750144988635,0.148,0.092,1.0,0.0,0.1,0
86ff1c5a-d92a-4ee2-808a-9fadd22e9622,0.007746914074821893,0.005907004554023571,0.216,0.124,1.0,0.103249097472924,0.24,0
450a7161-1dec-4f50-bbfa-48ceb9703278,2.542288256464061e-06,0.007674977264057083,0.152,0.06,1.0,0.5762434889183949,0.1,0
870d430c-2a66-4a3c-8b41-8d3f72c41e47,2.0516775978890815e-06,0.17962222202631029,0.28,0.092,0.0,0.8251295336787562,0.12,0
3d0fb1ce-c920-4e57-9d08-2680b196b988,0.00022147568295262398,0.008872310076866147,0.148,0.076,1.0,0.5762434889183949,0.06,1
720ff0e7-8f4e-44fc-ad3d-4e78cb9f5ab4,0.0204528239824914,0.0015680156917602978,0.104,0.052,1.0,0.103249097472924,0.08,0
d1cf8f3b-d168-4534-8c7e-a8a6104ed392,3.7033421083670234e-05,0.04498757937243526,0.336,0.216,6.768485112641744e-107,0.7878787878787872,0.16,0
06998b5a-07eb-4d4f-9eee-8ff0c087dd5b,3.8134840916508476e-05,0.0005310127220372382,0.068,0.044,0.0,0.13247374441093848,0.08,0
46c942d8-6ab8-42a9-a527-6111b11c0f49,8.551863233815127e-05,0.0015607582245450384,0.028,0.012,0.0,0.0,0.02,1
597769fc-eeb9-4f5a-9259-2cc5410a7162,0.14462483121303296,0.04995132499743085,0.248,0.116,1.0,0.13247374441093848,0.2,0
ba129b5f-7ece-4462-88b4-e8eeac6dd81e,0.39738578868431224,0.2920729975196852,0.216,0.144,1.0,0.7691281138790024,0.12,0
128d54a6-a8c2-43e0-bbca-1e0d31b8fe59,0.7229151893732295,0.00304392434932994,0.232,0.112,0.0,0.13247374441093848,0.22,1
040342d2-1a4e-4564-b4a7-c6b529c2bc37,2.9489449760366067e-05,0.0009702227675817882,0.116,0.08,0.0,0.7878787878787872,0.04,0
6c46af87-6607-445f-b72f-99127a62f0ea,0.008007762472031232,0.002747374237089305,0.14,0.052,9.030572225566166e-30,0.11805209060971962,0.02,1
1f73a162-56ba-4902-ac13-0efbe9102c5c,0.9319593790274963,0.6100227514906643,0.388,0.288,1.0,0.7206591244466356,0.28,0
a4e8a73b-d5f0-4e5b-923d-f74154d536d7,0.960446678889194,0.010149421771694818,0.148,0.092,1.0,0.678092399403875,0.1,0
2d3271da-bd34-406b-b967-928549e98d07,0.03305527846553515,0.008852025131442648,0.252,0.156,1.0,0.6447368421052646,0.28,0
700363e7-5068-4aa8-8d8d-707d197f5aed,0.9464062327867562,0.3039469765918177,0.312,0.252,1.0,0.7682566483748448,0.16,0
b3eaa8c4-e1b7-4d8f-8142-e974cb3f6fbd,1.827227671804024e-06,0.012328679045792454,0.08,0.036,1.0,0.103249097472924,0.04,0
694d3b79-b586-4f23-884b-136ada59f60c,2.694013128492606e-06,0.0028931331458047133,0.072,0.012,2.2311678204933645e-45,0.0,0.0,0
298ad37d-d8d9-4778-9f08-cdebb0e42ff9,0.03762751286253259,0.025486686585613805,0.192,0.116,1.0,0.103249097472924,0.08,0
0e9e0761-9bea-45c0-98ff-ff5e15f25476,0.19928174892383135,0.0026878609532410575,0.096,0.044,1.422405663818612e-203,0.13247374441093848,0.06,0
06a64613-9cfc-4a95-8615-fcaed9b59d0d,0.012783115148260336,0.0417880679314528,0.308,0.156,1.0,0.7691281138790024,0.16,0
196604c9-0aba-4c5b-8ca5-65061554b10a,0.00022422667156041327,0.00471448349253551,0.136,0.056,0.0,0.103249097472924,0.04,0
e5b55433-605a-4a89-943a-df7c95c68be7,0.735019800765354,0.019646081840889226,0.208,0.096,1.0,0.5762434889183949,0.2,0
4fb466c2-e4d5-40b1-8c91-95f8fdd118d8,0.8537776741925348,0.446108161380285,0.42,0.148,1.0,0.8530038346825718,0.14,0
79ec6864-107b-4db0-8f06-e8e4aef607ba,0.0003462793876805657,0.0020534164305039252,0.076,0.04,1.0,0.13247374441093848,0.04,0
e7017545-220b-4095-b52e-04755dd5a0e4,0.9429846270659371,0.009774520246841889,0.176,0.084,1.0,0.29979726305119253,0.06,0
abdc9956-6c87-42f3-9250-6140ac459396,0.006309832852240318,0.004622190061153765,0.196,0.1,1.0,0.7206591244466356,0.26,0
db788c29-7546-4943-ac89-82eb5c4f901f,5.76891122414356e-05,0.0008605557664970824,0.06,0.024,1.699955627452254e-210,0.103249097472924,0.08,0
bfcdabc3-87a5-410f-85e3-3b8f4d4bbf7d,0.0005088957360333837,0.0037785774128519405,0.144,0.084,1.0,0.6447368421052646,0.06,0
db2a5cf3-68fc-449f-9118-daa042383b60,0.6477690561139704,0.05634123881740552,0.128,0.06,1.0,0.7682566483748448,0.14,0
df4c9951-921a-4eb6-9ec7-4d5c6d9a3f4e,0.00043303302501227793,0.0032927036283777306,0.12685714285714286,0.06,1.0,0.0,0.08,0
ff4a956d-f05e-4fbe-aceb-1bea05611f97,1.6402710052860315e-06,0.0014077421779019517,0.1096,0.064,0.0,0.11805209060971962,0.04,0
de0b95e3-24e3-4017-9600-778ff6b9a5bc,0.9399748964651297,0.0022607692421548736,0.072,0.044,3.2775926421438246e-125,0.7206591244466356,0.04,0
69082eef-65d3-43c0-9a05-8b217272af60,5.732437511572436e-06,0.02803168749207668,0.144,0.08,1.0,0.7878787878787872,0.1,0
dcf61ce3-511e-47ce-9506-bd0d17cbac85,0.045343180100635205,0.011727907831491337,0.156,0.064,1.0,0.11220715166461197,0.1,1
15d55c3e-47cb-4e05-92be-0534d261e9e0,5.223704882979333e-07,0.04732757806109369,0.124,0.032,7.582358685360333e-129,0.0,0.04,0
c495030a-340c-4528-b8d4-6435fa8dee7e,0.004112246421082237,0.052502049383789065,0.312,0.184,1.0,0.7238636363636366,0.1,0
617fcb73-c581-42da-8204-7c39ca8e8d08,0.37740861825233785,0.035622328208674336,0.2,0.092,1.0,0.11805209060971962,0.12,0
96dc8625-d2b7-4354-a6ff-f688e64e06e5,0.000792766800978328,0.04902490381494258,0.288,0.116,1.0,0.103249097472924,0.28,0
150cb079-763e-48ad-84b7-6b0ca76adc56,2.533668732420205e-11,0.005407854192350226,0.176,0.104,0.0,0.3973799126637543,0.2,0
fbbec9c5-f6d8-4a08-9c9b-1036f556cfac,0.0035524141087098565,0.3438145032420962,0.16,0.112,0.0,0.7682566483748448,0.16,0
8f0074fa-9660-4b2e-88d7-ba002e4ecd55,0.09278127938802545,0.3240076669555935,0.36,0.26,1.0,0.8530038346825718,0.18,0
b8e77908-ae6d-49a7-85a7-ec43fcd77958,2.326124997520408e-08,0.010689326008218085,0.128,0.072,0.0,0.0,0.1,0
10b28346-31b6-411c-b32e-c32c7324f5f3,0.999216562218661,0.1163374693247714,0.42,0.22,1.0,0.7682566483748448,0.32,1
9801e725-dfff-4ad2-bd13-4331f5b17e9e,0.04427599774555283,0.004919503129123811,0.2,0.048,2.303192186299645e-05,0.13247374441093848,0.08,0
20583247-930f-44b7-bc0c-e5207f22e928,0.0001663543142723593,0.001690436078710273,0.092,0.04,1.0,0.29979726305119253,0.06,0
bdc5c36e-012b-48fe-bfde-bac0b7e80345,0.09446872831568728,0.366208625416385,0.352,0.192,1.0,0.7206591244466356,0.12,0
82771df0-6ce4-46af-80af-d30bcdb8c948,9.17540105145777e-05,0.010654825179567139,0.076,0.036,4.222769695537439e-299,0.34732824427480924,0.02,0
f4d6ac2b-48bd-4220-8b10-42dea6b692d2,0.035933624008969205,0.008410389666669725,0.136,0.088,2.860621128106243e-67,0.7206591244466356,0.12,1
20d3fd36-a000-4c42-ba6d-177b80b45926,0.000148235600897256,0.015967836294660722,0.156,0.068,0.0,0.678092399403875,0.06,0
67079be7-1a6e-4629-a157-a068441c74c6,6.084115917041394e-08,0.0006402111561960904,0.088,0.016,2.6618578054379977e-80,0.34732824427480924,0.02,0
8a26f2e3-5f70-44e4-a8cc-6d533638970f,0.007733650459577642,0.10815457490352695,0.248,0.108,1.0,0.7682566483748448,0.14,1
30bd3e08-b3d6-4354-9a23-8c9afe1538bf,0.9813488851053496,0.025171749251126082,0.264,0.184,1.0,0.7206591244466356,0.24,0
79e7d0cc-80f6-407b-9be8-2b1e5c9d07b3,0.00337511269019195,0.016470707017985725,0.164,0.076,1.0,0.7206591244466356,0.08,0
f7be3919-b022-4f1e-9e5c-dab288f4e7df,0.8339382089188772,0.0045127184654721484,0.068,0.06,8.018503131061681e-33,0.103249097472924,0.08,0
525147b9-7ec0-43d2-99b2-3633b93f1b9e,0.003793700251689691,0.03872477123841612,0.14,0.072,1.0,0.103249097472924,0.08,0
67218b1b-f380-48cb-8635-9c95bdf46e78,0.00013435228236915187,0.007596135759994136,0.132,0.056,1.0,0.7620096959012786,0.1,0
d5a00d2b-944a-44ac-8ed5-4b8622d9bd98,0.00033552152071427273,0.005764556604280703,0.12,0.024,0.0,0.13247374441093848,0.04,0
3e966baf-6ef9-4ace-bab1-9a83b83b257a,0.003262499766443849,0.0005500045824891663,0.116,0.06,1.0,0.7878787878787872,0.02,0
a197e614-a5fd-493b-81ad-400df249e94a,8.130177071037491e-07,0.006197222475011791,0.2,0.096,1.0,0.7626737530662306,0.18,0
2287788b-5a4e-4719-93d0-4ba518217887,0.00020019799779967664,0.019530875458666684,0.184,0.08,1.0,0.4572864321608039,0.06,0
11354f1a-a1d2-4d6e-b1dd-765a5e83e317,0.006829411474649234,0.0016158070152961985,0.036,0.024,1.0,0.103249097472924,0.02,0
08fd35ef-2788-474e-859a-bf0c822e491a,0.0007704436885409235,0.011234484090096775,0.096,0.04,1.0,0.11805209060971962,0.08,0
f1671d7a-e64b-4d70-9117-14a01634afa3,1.3347845593620946e-10,0.0016244204684634073,0.112,0.072,0.0,0.103249097472924,0.02,0
29de8d30-31e4-4bbb-92ab-395414117a31,0.00010483938458481788,0.011273275955989268,0.14,0.056,0.0,0.11805209060971962,0.1,0
80ece289-aa94-4a17-b99f-edf9d1cfd181,0.560471545757811,0.016258758480788785,0.108,0.072,1.0,0.103249097472924,0.14,0
c08148ba-990c-4c39-8f45-3cdfc56025a5,1.3019282853000393e-10,0.007393799207983458,0.088,0.052,1.0,0.11805209060971962,0.02,0
55c0b454-dfed-444e-87a2-2965c72032e6,0.0009642639001111746,0.0011566771379367697,0.116,0.052,1.0,0.0,0.08,0
c6b7baa4-8146-4bab-8abc-559248998870,0.00016311582886209118,0.0137226928286895,0.24,0.14,1.0,0.0,0.16,0
b204422f-117d-4b17-b4cc-41f5c25f04a1,0.2051521801507784,0.403186436974874,0.192,0.108,1.0,0.7520661157024795,0.08,0
c0c360da-5438-48e6-bb28-95081c21643b,0.0006668667240195653,0.002501130197504689,0.104,0.036,0.0,0.0,0.04,0
979c1768-9447-4635-86fd-3919cd9ed1d8,0.00023420219640195823,0.001764102996553746,0.22222222222222224,0.104,1.0,0.11805209060971962,0.18,0
4a4d6dec-5cce-4317-b841-b662626d8882,0.004511634285178064,0.03207069043700832,0.2,0.1,1.0,0.7682566483748448,0.18,0
cd99fe2c-5c8a-47c8-bfd7-6c2c8746711a,0.9729474508930757,0.022351873700603795,0.44,0.228,1.0,0.0,0.24,0
73a559eb-7907-427a-8872-deca2f6301cc,0.002031956985383413,0.16697632174913143,0.24,0.108,2.190242465525748e-291,0.11805209060971962,0.12,0
f9444196-d2c3-4ef5-bf6a-eee7e49c73f1,0.000747628959340802,0.02607942866671534,0.236,0.108,1.0,0.6667952178943308,0.1,0
733cecc3-6a95-4d67-964c-4a008f946e46,0.0012287773077867099,0.004456436361191969,0.224,0.1,1.0,0.11220715166461197,0.14,0
5792e1b2-570d-439c-b8bd-370c97c0eebb,9.475322090564206e-06,0.3015784861614167,0.432,0.208,1.0,0.7691281138790024,0.34,0
88fa20b6-5f1a-4d12-98eb-4828ecfe228b,3.964281177594731e-11,0.0070680540096722975,0.1,0.06,0.0,0.8251295336787562,0.04,0
b881ef95-5753-4ba7-8c98-f20f83bc26b3,1.2231878025073278e-05,0.00039382580237295865,0.048,0.032,0.9999999999996589,0.11805209060971962,0.1,0
650aadf8-853f-4574-8e20-15c15c8b8089,0.01064448619253426,0.0044665275227235785,0.124,0.1,1.0,0.0,0.18,0
9b727d35-0e6e-45d2-9e42-39d68ef30ad0,0.0018584797531897878,0.0017788386917001451,0.064,0.032,1.0,0.103249097472924,0.0,0
dcd8479e-1191-4382-823b-5b6ea9aff36f,2.8037278479065785e-05,0.10505448926473737,0.44,0.18,1.0,0.7626737530662306,0.28,0
c474f6ea-e4f8-4ee0-9b36-a8af15f35cd0,0.9231903176759272,0.25786205503601684,0.356,0.128,1.0,0.7682566483748448,0.22,0
639d9a9f-ba01-4af4-a782-981ba227e3cb,6.973882539075087e-12,0.002256196926611542,0.104,0.088,0.0,0.0,0.2,1
864bdc95-4a2e-46f1-9ab9-88e9c98efdd1,0.0009028662198238459,0.0007966698282519038,0.04,0.028,1.0,0.103249097472924,0.0,0
6d266826-eb74-4332-842b-114c145e983e,8.334746626683416e-16,0.0027458073339611893,0.104,0.044,0.0,0.5762434889183949,0.08,0
38aaf005-7b76-46e8-9765-ea021745dd15,0.00040602628245123165,0.0023605765124695235,0.06,0.028,1.0,0.11805209060971962,0.08,0
d55ee29a-ce6a-4e76-ad94-0b145f8baaf0,6.947131671837142e-10,0.001069933563452907,0.08,0.032,1.0,0.7165354330708658,0.04,0
e55d74d5-b252-497f-b8b4-57dc57eb02d1,3.978579903642147e-14,0.011387348092148147,0.228,0.108,0.0,0.858490566037736,0.12,0
22c72c4b-da95-42ea-b713-e34cc4dc4322,0.2840738237792225,0.06463930839641395,0.188,0.084,1.0,0.11805209060971962,0.08,0
afe8c2e4-054e-4dea-be46-e5e566877fb3,1.0183468230697332e-06,0.012905296842205814,0.192,0.108,0.0,0.103249097472924,0.16,0
d690dff8-ed7e-4410-a0b7-1b9907b8e707,0.16413291908135572,0.14082546664894424,0.26,0.10364,1.0,0.5762434889183949,0.22,0
ca026abd-c986-4204-a992-159b92097379,3.827459916339438e-10,0.009594999000981864,0.176,0.072,0.0,0.0,0.2,0
dcdf39b7-439b-422a-9fde-70e1f5999dae,0.00010221411725745439,0.0007223092724374445,0.08,0.012,0.0,0.103249097472924,0.1,0
baa52db6-ccc9-4a34-96a1-bd4f10bf1d45,0.006486670781129834,0.0010938466154043274,0.064,0.02,5.397219722940208e-243,0.11805209060971962,0.04,0
2d451fc9-53ac-401a-9068-983567e7da39,2.2265713075512258e-10,0.0016886285812694635,0.116,0.084,0.0,0.29979726305119253,0.14,0
a6204700-ddb7-4150-91da-50f6dd8cb931,1.0037315905380706e-11,0.00014245278545478506,0.048,0.016,0.0,0.103249097472924,0.0,0
038b7ed9-8712-42a8-a11b-8516ef35185f,0.017315484386817907,0.015357074024948604,0.252,0.144,8.333980559070776e-231,0.7620096959012786,0.28,0
6cfed78e-8230-4060-8d57-5adab326eda1,1.263510125259241e-07,0.0004054481710269553,0.036,0.016,1.0,0.0,0.02,0
348c2601-7c4f-4e05-8218-37f7fecffb6f,2.3486557522718663e-06,0.007447349977682178,0.148,0.072,1.0,0.13247374441093848,0.08,0
6357a82a-10ba-4564-bdf7-fd69c1ae7ad5,0.003309714731810162,0.001757251920704868,0.09076190476190477,0.03908474576271186,1.0,0.0,0.04,0
2f23899c-03ec-4a85-a498-19b99f795597,0.0023766765906584487,0.04751101782861987,0.316,0.208,1.0,0.11805209060971962,0.2,0
b614a3c0-662d-4a63-9b5a-3ec991984177,0.39062700725614086,0.05444771645362502,0.284,0.128,1.0,0.0,0.16,0
f6e7891a-32ed-40d3-9bed-4ca0a3eaeb63,4.787798633705986e-05,0.0005766704043044207,0.076,0.04,1.0,0.11805209060971962,0.08,0
244e6d03-8db6-4a7f-8d8b-8084abd46a51,0.05975372487248849,0.0008083524003150808,0.096,0.052,5.6210127304509393e-188,0.13247374441093848,0.06,0
cb28524a-0e5d-46e6-8020-a95e6c345b31,5.689768220757529e-18,0.0008192027206224117,0.064,0.016,0.0,0.11805209060971962,0.0,0
889aa67a-a488-4aa2-8d7b-ab7c6895e1cc,0.11791278654724684,0.0012448618821524742,0.176,0.084,1.0,0.7206591244466356,0.1,0
0cfb5265-cb78-4b69-b9d8-01f77da41ee7,0.0019673179936779803,0.04256439574714241,0.332,0.14,1.0,0.7206591244466356,0.18,0
c1421c38-55f5-4647-947f-9f9ff1e565ec,0.8216608463738884,0.003234985421561314,0.132,0.068,4.95424791732967e-182,0.678092399403875,0.08,0
5a0a2d7e-7e2d-45fd-97a0-142898b44560,1.2022182914021326e-08,0.0010402345256604849,0.076,0.032,3.2440290276647e-293,0.0,0.04,0
375273db-2971-4317-b6bd-6ce686cb6b39,0.9999194835404632,0.0008407502257099755,0.072,0.044,3.572133418742708e-93,0.0,0.06,0
d9727575-2653-4792-8a51-c291fa45dba6,2.7086327300601844e-09,0.02203284792159547,0.16,0.108,0.0,0.6447368421052646,0.12,0
732be50e-3bc9-4544-91f2-485dcb5ecde7,9.011032788840751e-07,0.0046076155924298125,0.06,0.06,1.0,0.0,0.06,0
6f5c7854-c671-425f-abbd-2f7f967c8d38,0.039893393113602606,0.14072562116702525,0.372,0.208,1.0,0.5762434889183949,0.16,1
1b833ed7-2685-4358-89b0-310d48a17ce8,0.9593468658541515,0.1358237014712002,0.248,0.112,1.0,0.7206591244466356,0.14,0
5f993b77-ff35-44f4-908f-37552e9a90cc,2.8994595041163733e-05,0.006868888168865854,0.252,0.12,1.0,0.7165354330708658,0.18,1
94fd55df-00ea-4c77-9733-e22af371e9a6,0.4341977607693293,0.5747258648950995,0.368,0.24,1.0,0.7691281138790024,0.28,1
d3e429d4-960d-4aa4-9dd0-b2f5958237be,0.00010440292320927205,0.012392101885597874,0.212,0.056,1.0,0.7206591244466356,0.16,0
bf71b734-606e-4e3d-8e29-e749df4805ae,1.505952043056081e-05,0.002179245523731864,0.068,0.028,1.4413678612896924e-40,0.5174654752233955,0.02,0
77be4492-87d3-4ca7-a4ce-1d5311784333,4.985784147589118e-07,0.004478115968889536,0.136,0.068,1.0,0.0,0.14,0
b19be952-c837-46c6-8358-b4eeaf8970b6,0.03642800936692129,0.036368466681856663,0.232,0.09564,1.0,0.4572864321608039,0.18,1
87facaa9-5792-4802-9c3f-6f7de1fd1b1a,1.426446780452552e-11,0.011971191150647952,0.164,0.064,0.0,0.103249097472924,0.08,0
c19505b2-8bbf-488e-9049-23b2af659203,4.5636634073551406e-11,0.0012164578432506024,0.076,0.028,1.9099376312173558e-22,0.11805209060971962,0.04,0
076de50a-21d2-48f2-8818-16c21f4ee31d,1.351201647784733e-05,0.027464337425809823,0.288,0.104,1.0,0.7206591244466356,0.16,0
df9e50d8-c33b-4467-9aed-2b4b48b351b6,0.0012096423969153688,0.005659865211122341,0.168,0.072,6.602344414065877e-280,0.7206591244466356,0.12,0
bf2e2b9e-8790-42e8-9420-f27d44945d1d,0.5152278167283214,0.07978827870747614,0.248,0.176,1.0,0.0,0.14,0
b99259ba-13b5-4fe6-81b6-293afd40f0e6,0.018633914508270222,0.06848742314023325,0.3,0.156,1.0,0.858490566037736,0.2,0
26a416af-4736-46ba-ba24-3c6594e03e25,1.2409928820087394e-05,0.001078898286987268,0.08,0.036,1.2287042279757496e-24,0.0,0.02,0
0c73bd44-e307-425c-b7ba-4abf7f8a7a05,0.9998838005388121,0.05280856303163625,0.14,0.064,1.0,0.13247374441093848,0.06,0
1ea677e2-6bb2-49fb-9283-43b16b2160fd,0.9978168023071599,0.003690931830366634,0.11955555555555555,0.084,0.0,0.29979726305119253,0.06,0
e78c1968-6810-4b53-890f-ee082850b03c,0.0015677991381975332,0.001754148041079687,0.024,0.02,1.2427182280275408e-31,0.0,0.0,0
fb933fe4-2190-473d-8078-426e469df78e,1.4060758722060921e-05,0.0068665135688292375,0.088,0.056,1.0,0.11805209060971962,0.06,0
e32fe33c-1750-40a6-af61-979bd3979b64,0.002764562245228391,0.000461964927031248,0.088,0.024,1.0,0.11805209060971962,0.06,0
9bb88697-b3dc-4630-a413-ed0671bc2c20,6.272818132958123e-15,0.00040414116251690044,0.1,0.072,0.0,0.0,0.08,0
860ea01f-9ecd-47a8-adc2-0c7c62d2c199,0.9851358654876525,0.04833517204814686,0.136,0.11108474576271186,1.0,0.11805209060971962,0.28,0
78468807-2ce1-4c63-a49e-4c9bc59b984c,0.023048174951746162,0.0054990812739410585,0.2,0.076,1.0,0.11220715166461197,0.2,0
2f855b59-7601-4ed6-85cb-e0411b11f894,0.009251546167017425,0.0020165666304783544,0.164,0.068,1.0,0.0,0.14,0
a172aca1-15da-4187-99de-34e9fb282605,3.617856053641356e-15,0.000873877321338672,0.032,0.016,0.0,0.103249097472924,0.02,0
56345463-70b2-49ba-91d7-9168c94a29d2,0.279684929217413,0.07350860347291634,0.284,0.168,1.0,0.7682566483748448,0.16,0
a10c25db-e074-4239-b7fc-72700d99e7c1,0.005295293261865227,0.03631095815948662,0.184,0.08,0.0,0.8251295336787562,0.14,0
e59d541e-f166-4211-b687-d9e3228b9c2f,0.014209197358569191,0.06105662063929386,0.144,0.068,1.0,0.11220715166461197,0.08,1
19b43968-7383-46f6-8e86-cf0d4d2bad49,8.020560499448811e-05,0.0009911025858740147,0.088,0.032,1.0,0.103249097472924,0.02,0
cb786cc2-c2d5-4a97-8193-069afa3ab8a1,0.9849221663979555,0.1865071909957125,0.264,0.136,1.0,0.5174654752233955,0.1,0
dde1d0c2-fb66-4a7b-96cb-3ceec16816b7,4.5798667063526835e-06,0.0012743717992834641,0.068,0.016,2.3394637990761076e-84,0.0,0.0,0
057230b9-283a-4881-bfe8-b3aed2e01943,9.015321620783476e-07,0.000705459943682089,0.068,0.044,5.595908874736957e-40,0.0,0.02,0
ab48c2f7-0919-41fd-a04e-6d23a26a0f5a,3.5032899878240185e-07,0.0053617673391850446,0.144,0.084,6.589617154003899e-63,0.7206591244466356,0.14,1
12c74e63-e79f-45cc-84b1-d6e565400020,8.008384531510024e-06,0.09082115196776391,0.224,0.124,1.0,0.11805209060971962,0.26,1
4d1ba732-6cbd-44ea-bc8b-1e1728b4f727,0.10706406085751237,0.09853447624856694,0.372,0.224,1.0,0.7682566483748448,0.22,0
8301e13c-d7f6-4997-bf5e-d5e1966e551c,0.9998725087935181,0.26961288399386707,0.584,0.328,1.0,0.7682566483748448,0.28,0
51828e0c-2ffc-48fb-905b-8757c9dd558e,7.527297059165576e-09,0.017726032871216397,0.192,0.06,0.0,0.20177383592017717,0.08,0
d4c147ec-c15d-4770-86e1-4a0604991503,0.032526477694527677,0.09515125032841543,0.216,0.108,1.0,0.0,0.12,0
614e0f4d-9df2-45fa-af75-3b12a4917827,1.3275223384683653e-12,0.007964352098454124,0.092,0.044,0.0,0.5762434889183949,0.14,0
7c9aa0ee-8a2c-4df3-9254-fafd151f0b70,1.7469891730003757e-05,0.00505731235650124,0.112,0.09564,1.0,0.7620096959012786,0.12,0
390e7409-d47d-42ee-ae7e-6277a53afe04,3.8643146424091365e-09,0.004716047259274238,0.22,0.136,0.0,0.6447368421052646,0.18,0
174692fb-ebca-4ce1-a41f-6cfd2e7e000f,0.019803829392341404,0.1465689048985673,0.168,0.076,9.544552774187537e-68,0.13247374441093848,0.12,0
7cfb5feb-7739-49a0-b1ed-ed048ed6eca9,0.2902447462323772,0.01510524549473629,0.22,0.06,1.0,0.7626737530662306,0.12,0
5cfe8483-feb4-4467-9773-650a43e85e87,0.00014399207494750606,0.1154528261201262,0.228,0.124,1.0,0.7206591244466356,0.1,0
ea3b59bb-6af4-42ae-929e-f86366728b27,0.012003491394090878,0.0017257558859361387,0.08,0.028,1.0,0.103249097472924,0.04,0
e391697a-1a9b-497b-8982-991a4d3da791,3.328096340693131e-07,0.0019488890971152849,0.1,0.056,4.204266168577362e-132,0.5290697674418602,0.06,0
e62156b5-890e-4dec-a832-c9af89cfd566,2.5350628513858368e-06,0.0018693824746232337,0.112,0.024,8.973408990097768e-28,0.0,0.0,0
fccb39bd-e45a-40a6-aa0a-c3fcfe85cb0f,0.00013492038691105594,0.010166834138746451,0.188,0.104,1.0,0.13247374441093848,0.12,0
25c483ea-bc00-460e-9222-c17c434e30c8,1.0219890631867206e-14,0.0015201096322048557,0.076,0.036,0.0,0.13247374441093848,0.0,0
36367fba-c21a-4ee1-a648-fc7921603d12,0.07869145404499998,0.01605039999655017,0.204,0.072,1.0,0.5174654752233955,0.12,0
bac0bb18-7493-4456-86ef-9a96bdb9b086,0.9961333095367559,0.12261462748166686,0.36,0.188,1.0,0.7878787878787872,0.1,0
b582709e-aeaf-4066-bd66-5fc88f12cb93,0.3086782664458485,0.030420240248883533,0.164,0.112,1.0,0.0,0.1,0
e516e93c-d1c4-40c1-80da-5ea4c60feeb6,1.1529449422695538e-06,0.006602677927950653,0.152,0.052,0.0,0.7620096959012786,0.1,0
9439c68b-2d89-4baf-8677-fbe515dffd1a,0.14545377815351218,0.0008141473221526292,0.044,0.044,1.0,0.103249097472924,0.08,0
0fe9fcdf-eb06-4e2c-88d8-04468b427298,0.017145438710122307,0.01145968466092215,0.208,0.12,1.0,0.0,0.3,1
4c02c70c-e6ab-4b55-b1ec-15aff8230432,0.009062630675455608,0.02744279973545084,0.184,0.1,1.0,0.3973799126637543,0.12,0
cd69695b-cc49-4360-bcec-0c2b2fcf86e5,0.5739944587416798,0.01078969871205218,0.176,0.068,1.0,0.5762434889183949,0.04,0
968c0e06-ccc8-4019-9b19-30c5fcfa5a7b,3.813224637287258e-09,0.0006535853694001152,0.112,0.04,0.0,0.13247374441093848,0.1,0
5b2a1d5c-8603-4dba-9179-67270abaece5,0.010986716016019426,0.005062341370566787,0.188,0.072,1.0,0.13247374441093848,0.14,0
56f3101a-c3c5-46b0-89d7-23e78da12dc3,0.0002678547551849175,0.04816635151103535,0.304,0.148,0.0,0.7206591244466356,0.2,0
9312886b-c5c7-4915-b416-89d959a984d1,0.011655975849975414,0.16365208225118943,0.3,0.204,1.0,0.7238636363636366,0.28,0
e5950f0d-6c08-4aca-a697-80e02d1bf976,0.9980034256401515,0.05316704909586466,0.2,0.08,1.0,0.3973799126637543,0.16,1
581ebc24-be50-4a96-ad70-1dcaf149794f,0.14127081182665605,0.009705153302349835,0.08,0.032,1.0,0.103249097472924,0.1,0
049e8666-667b-4f89-814a-24f1f7389741,2.165713454449041e-06,0.07693654534228049,0.19066666666666668,0.09725423728813558,1.0,0.7682566483748448,0.1,0
bd64e075-b8f5-4910-a2d5-52fac4fd883d,3.4257373795918095e-05,0.03301052773685682,0.128,0.06,1.0,0.6667952178943308,0.08,0
dcb9ac13-c818-4b3a-b8d5-721f758a17d9,0.2204196324804517,0.009192113642928082,0.112,0.084,1.0,0.13247374441093848,0.1,1
ab664792-013b-4c60-b072-40cb82198391,1.9921628190298123e-06,0.0010625605918292132,0.072,0.032,0.0,0.13247374441093848,0.06,0
21913154-8585-4548-a5f4-64f8c355a59b,0.9993741571585469,0.8404092867367214,0.508,0.328,1.0,0.7206591244466356,0.3,1
de9a0976-c34c-4422-986a-bf89d6f5e003,0.37151067785495956,0.0026079717108539124,0.236,0.112,1.0,0.7878787878787872,0.16,1
a6e399de-389b-4bd2-bd4b-b8b4ffd6c6f2,0.00021601730203956888,0.002218892095208277,0.112,0.044,1.1489841605276959e-29,0.11805209060971962,0.1,0
2b1905cc-ac8d-4286-a676-a0710f40c920,1.3592161066456374e-05,0.0008448857133718652,0.024,0.036,1.0,0.13247374441093848,0.04,0
4ed90df8-7bca-4457-99b6-33426b3cb0ea,1.0188451985349487e-08,0.09067517341824752,0.284,0.196,1.0,0.7682566483748448,0.24,0
a0a5edb5-f8dd-43eb-b51e-c6a69f4840c5,0.03729679334669214,0.11450348158749382,0.244,0.132,1.0,0.0,0.16,0
1f5943e6-2f8f-47b4-86a5-ec47fb0a10c1,0.029749400507504735,0.0027940902335963054,0.148,0.06,1.0,0.5762434889183949,0.06,0
9d03988a-51ef-424e-b0dd-afe711282b7b,2.0049417693170276e-07,0.0012155307679024615,0.08,0.02,3.5323542599055306e-191,0.7238636363636366,0.04,0
a2754b5d-62c9-472f-b2e0-d1b3d6682e4d,0.005381221740117093,0.07653838789850778,0.18,0.06,1.0,0.7682566483748448,0.1,0
6b552e89-7b5e-4e2b-b3a6-3f8f0ef9f0cd,2.068103374756593e-06,0.0004522178189692635,0.056,0.036,1.342881699006624e-73,0.11805209060971962,0.0,0
aef9d970-3697-4e75-bc1d-a84dd0439541,3.6242140893335047e-09,0.001619014739505575,0.028,0.024,0.0,0.11805209060971962,0.0,0
f66eb843-4cad-46b0-b0b4-009fc9493aa2,0.0002852892312748432,0.004648541510438557,0.116,0.048,0.0,0.103249097472924,0.08,0
578b29fb-1b9e-4024-9121-0d012dbb0cb5,1.1293931950046843e-05,0.0017816069682420842,0.096,0.056,1.0,0.678092399403875,0.08,0
564b512a-56c1-4cbd-9e60-b9ec21e9be57,0.9992949527895154,0.21681161277906336,0.372,0.16,1.0,0.7878787878787872,0.18,1
e4e247c3-e71d-4f60-8ed9-2ced04fef223,0.5703885360793386,0.065024963613159,0.24,0.144,1.0,0.7626737530662306,0.16,1
77d08112-9d24-469d-add3-d0b9d2a5631a,0.35757878592434755,0.006776244157714696,0.22,0.144,1.0,0.7691281138790024,0.2,1
46e48278-4c5b-415b-bb11-5fa265c849fc,0.02738118108728449,0.0021588030225658385,0.1,0.024,3.101326394026462e-62,0.11805209060971962,0.04,0
cf60c7fa-b106-44d7-8130-0dc657df9fbb,1.3171413851982186e-06,0.0006726131608872808,0.052,0.032,1.0,0.11805209060971962,0.06,0
3d6bc077-fb66-490c-bbf7-8659145b2853,4.445619888014575e-05,0.00039077180004477304,0.02,0.016,8.998853890598758e-95,0.13247374441093848,0.02,0
9cd0ba4c-df5b-4097-8cd1-74036b1cfd1d,0.0030797595108696483,0.007608042482838981,0.164,0.072,0.0,0.0,0.04,0
9bdc9d99-1868-4e1d-9309-363b5453c11d,0.00271167672708886,0.011407198878321338,0.136,0.056,1.0,0.5762434889183949,0.16,0
4b67d890-3a0e-4132-95c2-a519dafb883a,0.03224007753543335,0.0012394923014346776,0.112,0.024,1.0,0.08708133971291877,0.1,0
5d262ca5-3624-43a9-97eb-0f905ed3aed7,7.237168332692942e-07,0.0046866745116615925,0.096,0.084,3.9571574394561656e-78,0.13247374441093848,0.08,0
117f0f6d-f48c-4da5-b107-ec90d7953a8d,0.00016485723814816023,0.23955027398623152,0.284,0.2,5.0779366807331926e-80,0.0,0.14,0
e256195e-624f-4330-abcb-46d6811defe5,0.008223965019564024,0.021038253575563198,0.3,0.156,6.46453795000764e-63,0.103249097472924,0.2,0
3cad93e3-6502-4388-aab6-bc0690a1a4a5,0.9846823642298191,0.8276951409360608,0.46266666666666667,0.376,1.0,0.8530038346825718,0.28,1
2fbe5868-eb48-447c-a923-a5a4678e8b8a,1.8628337644071496e-07,0.0022768854071446433,0.1,0.056,0.0,0.7691281138790024,0.04,0
568e7f96-a518-427e-aed9-1be9f269a89e,2.581016956156493e-08,0.004988425579014343,0.168,0.088,1.0,0.7691281138790024,0.1,0
ba4c901a-0a58-4a24-9485-8b655a4a4ca7,1.149138941821822e-08,0.004238844546859113,0.092,0.056,6.724855118744356e-21,0.37295081967213084,0.06,0
e24f106c-28c5-406d-bdb9-19a15f4f10b9,0.0044098980095477365,0.012540588442149642,0.168,0.092,1.0,0.11220715166461197,0.14,0
27d659cf-174b-4558-8d95-3591d8f03430,0.9946863492790925,0.8861992886439982,0.632,0.384,1.0,0.8530038346825718,0.34,0
509a582d-694c-4932-9bed-1d9f2179f90a,0.0014810233379424908,0.004825642960269506,0.124,0.08,1.0,0.103249097472924,0.12,0
54197828-0e8d-4906-a2d7-75aee8392196,0.9981013801905355,0.12252835137645655,0.28,0.196,1.0,0.37295081967213084,0.22,1
ad92bfd4-d3f0-4f39-95fc-8a45498745e3,0.0030022756311974845,0.023731709414710003,0.344,0.164,0.0,0.6667952178943308,0.16,0
6caf8b87-74b2-4e2a-959e-32e3bc09a779,0.0006312560478001395,0.04260076771695989,0.216,0.12,1.0,0.11805209060971962,0.2,0
9f967cdb-0411-4e51-97dd-04f364112423,2.7756551431647902e-05,0.00710198660004538,0.124,0.06,1.0,0.0,0.18,0
6c60884e-5aa0-432b-b201-bbf60894537c,9.603104704057637e-05,0.00920697143150031,0.168,0.068,1.0,0.8251295336787562,0.08,0
2c9ea4f2-dff4-4268-9cf7-d8da19ded8f3,0.0019173501893787208,0.0024322318030114204,0.08333333333333334,0.024,1.0,0.103249097472924,0.06,0
09ef8d7b-f335-4926-8227-7546fa1883c4,0.2903585139685332,0.08346387118868447,0.28,0.18,1.0,0.0,0.16,0
c13f13b7-973a-4ef8-b4cf-5111d553f7cc,0.6165551562811192,0.002204862063679869,0.068,0.044,1.0,0.11805209060971962,0.06,0
7d4c9f0f-148c-4d6d-921d-79bfec8aff88,0.06573380045762206,0.27753088228434797,0.22,0.132,1.0,0.7682566483748448,0.14,0
f85ddf0a-28da-444e-8700-0abb5c5f6ecf,0.00020883377389920038,0.22294408170585178,0.364,0.18,1.9465771253859365e-20,0.7206591244466356,0.22,0
efd3cf4c-3bbe-4b14-ab28-1c2973c927c2,0.0008849020094677557,0.007671995347824988,0.116,0.056,1.0,0.11805209060971962,0.12,0
9cc57364-aafb-42da-8524-9d2007ccc408,2.9187727065091883e-08,0.018684927630199993,0.104,0.088,0.0,0.11805209060971962,0.1,0
e6b6e676-04d6-4b9c-987c-b350711399e4,6.499083211283523e-05,0.0010757971766122143,0.128,0.076,0.0,0.11805209060971962,0.1,0
902815ad-9bd6-4d2e-bfca-58ebf2dddb80,1.595210738692573e-05,0.005186573292428857,0.12,0.052,1.0,0.11805209060971962,0.1,0
fd2274e5-b5ae-45b4-9a44-73cc5c2eeee6,0.02310890124965673,0.0009448169211386249,0.108,0.092,1.0,0.0,0.06,0
2031273a-d4fc-4d7d-a9d1-12a05be1f2f9,0.7944713846693915,0.01981806474428316,0.128,0.068,1.0,0.7663157894736834,0.04,0
34fa398e-e48a-4c3d-9439-32561d235237,1.4878931324093017e-09,0.0068658596586861406,0.148,0.06,1.0,0.754739336492891,0.12,0
330a2a9c-2463-4b73-95b3-ae711fd8228c,2.702027829766168e-07,0.022062684036229796,0.144,0.064,1.0,0.13247374441093848,0.16,0
eeb5448e-931c-409e-813e-4a8bbd069dc0,2.5849392344219753e-09,0.004337876517552638,0.088,0.048,1.0,0.13247374441093848,0.12,0
d43758ee-38cb-4ffd-82ca-2a930cc8a694,1.423349965012272e-06,0.019802052630110107,0.196,0.104,6.898480597388964e-37,0.103249097472924,0.18,0
05ed6043-098e-4012-9860-2effe09bfab5,0.9995660089936644,0.03120642743104396,0.132,0.072,1.0,0.08708133971291877,0.1,0
fba9b242-1940-4311-82f0-edc68f2743da,1.6576777072744373e-12,0.0021275636131110574,0.04,0.016,0.0,0.11805209060971962,0.0,0
e3d5cdac-8c4c-4d55-b7ec-37746a1690f0,0.0004421957190554462,0.06961193482689443,0.288,0.124,0.0,0.5762434889183949,0.1,0
9a2d7683-b535-4bd5-ace5-589e1a1bfed5,0.019956164861306105,0.005053314151350884,0.156,0.072,1.0,0.5174654752233955,0.16,0
634dd96e-f222-4663-95e2-77ac4af2f7e5,8.903442778769801e-11,0.014438461544115575,0.184,0.092,0.0,0.8530038346825718,0.1,0
ef2402e7-9a4c-46d5-b175-d08e8327067f,2.9647311113868324e-06,0.04750506216979714,0.164,0.088,0.0,0.7878787878787872,0.06,0
93b61ffd-8df6-426b-96a3-cabc785fa799,0.006407409104699397,0.15442210770693512,0.224,0.06,0.0,0.11220715166461197,0.06,0
100f54ec-7188-4471-ab87-9034726227f3,0.00023760956539176082,0.018862691414791716,0.176,0.1,1.0,0.7663157894736834,0.16,0
04f2dc44-5243-4348-be9d-d35dda3e2ea3,0.08856539347074184,0.0689167358826375,0.344,0.172,1.0,0.7691281138790024,0.28,0
33f9a440-195d-4af3-83cb-ab6d38088d28,0.9850942022880051,0.06652336931084545,0.18,0.072,1.0,0.29979726305119253,0.16,0
38fe2a97-3045-416a-b567-f48828256f2f,0.11447188316734382,0.0017071442198426543,0.076,0.031084745762711866,1.0,0.8251295336787562,0.04,1
dbb3a90c-4ac5-457e-a333-da823229d70f,0.0032131993360607868,0.0018645773942214522,0.072,0.016,1.0,0.11805209060971962,0.04,0
78c4e8b3-7720-454a-9c0f-ef79ef6b6695,1.4372504533943775e-08,0.009512364021772508,0.11533333333333334,0.04,0.0,0.5762434889183949,0.08,0
a23e959b-fe73-4ccd-97e5-25fe057745df,0.34137120403894683,0.081814918346218,0.312,0.148,1.0,0.7206591244466356,0.2,0
31303426-631e-4c3a-bebc-3002f71db857,0.0001110962993933786,0.05623397398105608,0.28,0.1,0.0,0.7682566483748448,0.14,0
6d240e0b-cab8-4e5d-a44b-fe91f019dd07,0.09648350695701838,0.013521663809377464,0.188,0.08,1.0,0.0,0.22,0
2bc27571-6369-4364-b46b-a187908dae9c,8.35062605338955e-11,0.0007776932541561699,0.068,0.008,0.0,0.0,0.06,0
c6f0401d-7688-4b17-9521-90ee0d2cc2c2,0.0017473353090264674,0.01402267103477401,0.2,0.036,1.0,0.7206591244466356,0.14,0
c16bed68-be20-4183-9f54-feaf9ebc539e,2.6163668376403987e-05,0.0012709779686392204,0.096,0.084,6.577530208367748e-130,0.34732824427480924,0.1,0
49195201-d43a-41df-8c62-baf7be7c33aa,1.5210717768455289e-06,0.01911465147219356,0.12,0.024,0.0,0.11805209060971962,0.0,0
58be6072-ce93-4b4a-a89d-5f7dc2aae346,3.5289786280391106e-12,0.004514345009592224,0.112,0.072,0.0,0.13247374441093848,0.08,0
3348de92-efb3-454e-b55f-df90da7ce90f,0.9920440831841945,0.0022509391366115437,0.22,0.124,1.0,0.7206591244466356,0.16,0
d199ca6a-d852-44fb-879d-15521fbcd380,0.0006866529366086564,0.002988875326722682,0.156,0.044,1.0,0.0,0.1,0
26e17df4-c9de-47bf-bb3d-4ad62a693991,8.881525576316838e-13,0.0062031143763494724,0.16,0.076,0.0,0.29979726305119253,0.2,0
fb85eaf6-b1aa-4775-8178-a1ca4169b4a8,0.0005392620173303577,0.09327239779294993,0.204,0.116,1.0,0.20177383592017717,0.1,0
96d5bef5-9faa-4d46-b2eb-2d535dac5177,1.7145935945282455e-11,0.00668794086780565,0.156,0.084,0.0,0.103249097472924,0.22,0
0c9aebdc-69ea-48fd-a63e-7ff4aa1c8d33,0.0010075022813962541,0.045773291922142134,0.108,0.104,0.0,0.29979726305119253,0.18,1
bf8d3f9a-4a6b-4c48-a0b9-990a83097118,0.0009244022152899612,0.0005316591788387634,0.044,0.008,0.0,0.7711864406779658,0.02,0
f4a2a8f8-9a1a-489f-a8f6-83a35849017b,6.252544180788557e-05,0.0038554686248838577,0.172,0.044,1.0,0.103249097472924,0.08,0
30dacfbe-5f4a-4881-a030-e7d55c226c06,0.00011335085941966575,0.11101417490364897,0.316,0.136,1.0,0.4572864321608039,0.18,0
2b105808-83f9-44b7-ba7b-681eb6ab77ba,0.007097067430768684,0.0036075424072607087,0.16,0.064,1.0,0.6447368421052646,0.08,0
4e48829c-dec1-41b2-8d4d-83b8955493d0,9.99536004384194e-06,0.006280751281652968,0.172,0.09964,1.0,0.8530038346825718,0.08,0
df0e268f-d29b-4856-bc08-7d63ad06bc23,1.3985212796312115e-06,0.013589575187756334,0.092,0.044,1.0,0.0,0.06,0
810bd07d-dc86-46e8-985c-fc161526c3d8,0.5023636491211857,0.0036124266544168586,0.196,0.1,1.0,0.7878787878787872,0.14,0
65aa69f7-914f-4801-a294-58197f5490a0,0.0001235554810591377,0.0017397050873586934,0.112,0.096,1.0,0.5290697674418602,0.12,0
125b9772-5b74-426b-9594-eab31d0d1c71,0.00033793968359672013,0.001555278811457529,0.096,0.044,1.0,0.11805209060971962,0.1,0
02a3c24e-fb4b-40d8-9a69-386c3ec01ec7,0.4888333646265408,0.04619475713918944,0.408,0.268,1.0,0.7682566483748448,0.28,0
fe58761c-de75-42f2-be27-cba9fad1e64b,0.00038960451314070993,0.011869951822653355,0.304,0.204,0.0,0.7691281138790024,0.28,1
09f647f2-e63a-4dde-8482-4639cab3f862,3.1318425876167457e-06,0.017619346680884676,0.18,0.06764,1.0,0.29979726305119253,0.14,0
b37b2b2f-cf13-45e1-ac66-bb7cf0870a04,0.5661955368581786,0.03839895082768367,0.112,0.064,1.0,0.6667952178943308,0.12,0
7fa39a2e-78cc-4c71-944e-b8fcc98e4c3a,6.605087088158135e-08,0.0036206136677524423,0.104,0.04,0.0,0.103249097472924,0.04,0
a5acd777-3424-493d-a12a-ec66d75c1f35,1.7604523200167137e-05,0.0010427892628300597,0.072,0.028,0.9999999999863576,0.11805209060971962,0.06,0
27d232df-7d2d-4688-a2c7-7f5cbcd11505,6.749308523191129e-08,0.004907200112699491,0.12,0.076,0.0,0.11805209060971962,0.06,0
c66ff450-791d-4f2f-b351-ae000e8579d3,0.8200964713536336,0.130872552549761,0.22,0.12,0.0,0.5762434889183949,0.2,0
1cb5317f-93c8-4bcc-b842-2e7737a7bbd6,0.04977190021925448,0.03161170051740209,0.184,0.08,1.0,0.29979726305119253,0.18,0
603470a3-b648-402c-b357-b5e5f3b6442a,0.00012989835265616228,0.00810114395619903,0.116,0.08,0.0,0.29979726305119253,0.16,0
507142fe-1ff7-4d02-a327-166b5f563e5d,5.124701880444533e-08,0.001950958510514273,0.044,0.008,0.0,0.11805209060971962,0.0,0
a601f973-ff28-4da2-9c2f-c10b0fa9147d,0.02314168629463093,0.005099204578941522,0.064,0.04,1.0,0.0,0.04,0
0098474f-1139-4c30-aa47-22ad3fda4b8f,0.00018077726871052247,0.05528333051540368,0.18,0.036,3.0909018084570564e-37,0.13247374441093848,0.08,0
5414e64b-2cc9-4226-93a3-97b66dbce591,0.0017654627801034122,0.0009251040023784961,0.13119999999999998,0.048,1.0,0.11805209060971962,0.12,0
94a39004-6a4e-4ed7-8ade-69b6c0e92ee4,0.03443451123605138,0.055218005138342394,0.188,0.104,1.0,0.754739336492891,0.1,0
fdee04ce-7aad-4923-871d-7103c1562329,0.993216531846321,0.016423203504544924,0.1,0.06,1.0,0.103249097472924,0.06,0
e55d2ce5-9714-4b4e-8004-5a059ad1027e,0.15037413780348732,0.06674000073721378,0.188,0.084,1.0,0.6667952178943308,0.02,0
c8e07611-2f7b-490e-9b26-8005d373a62a,0.7690358266770377,0.06703500946709964,0.268,0.18,1.0,0.4572864321608039,0.2,1
9ed39282-1e9e-48db-8d65-0834f2c483d3,0.16996948189164007,0.012987687322303862,0.18,0.112,1.0,0.13247374441093848,0.1,0
48c2c7d8-6df3-4390-893c-909f8889cafa,0.10112186421430776,0.001810411732588771,0.104,0.028,1.0,0.29979726305119253,0.02,0
35734c29-0919-4b07-abeb-90a0a18b8970,4.5394939426909857e-10,0.0012439866218793743,0.076,0.028,0.0,0.11805209060971962,0.02,0
5359c3a8-3b2a-4cdb-8c1b-d31eaf517a7c,5.892049132985144e-06,0.0005290560724308599,0.108,0.028,1.2090358704803168e-217,0.11805209060971962,0.08,0
b5d8c7ad-7eca-478c-ae30-459982c7af7f,3.683989907757261e-05,0.0009813332707746655,0.08,0.036,1.0,0.754739336492891,0.08,0
b3cbfaad-6d99-4d73-855f-2f2ff0e26839,0.9853897952332901,0.47279666004137755,0.324,0.16,1.0,0.0,0.22,0
9329114f-25e3-4c63-b5a3-e69a9e8a0196,0.11643523979139354,0.00500435331414629,0.132,0.044,1.0,0.11805209060971962,0.06,0
6cde8650-118a-4ae6-934c-d6d1e55663d0,0.5719857113707947,0.08366802845375448,0.232,0.124,1.0,0.7663157894736834,0.14,0
01223d51-e844-4d19-a269-899bf8beb31a,0.003768791376277738,0.00484945286025006,0.092,0.024,0.0,0.103249097472924,0.06,0
901c3d72-c82d-4cc7-ad33-0125cc5b3a21,0.0017402306200946479,0.001649887836741881,0.156,0.084,1.0,0.08708133971291877,0.14,0
f72e992b-e554-437d-acf0-8c4cf6041f59,7.25652281382892e-20,0.003743049971418167,0.116,0.056,0.0,0.0,0.04,0
0dc06834-1ac3-48e0-9c97-5c724fb0105e,1.9691614874843254e-07,0.003057840116664541,0.108,0.04,0.9834402466422537,0.7626737530662306,0.04,0
7821f775-0509-444a-8904-b4a4a9795437,8.881390687231835e-07,0.00791447200249472,0.148,0.076,1.0,0.0,0.08,1
affdb3fb-d0ec-4003-b27f-1f534d7ca87f,0.7829109042454709,0.0031518002181952142,0.164,0.06,1.0,0.0,0.1,1
f4e7dd1f-397d-495f-b6ad-a1f58ec84a02,1.2398914289746616e-16,0.0043446767162597585,0.068,0.056,0.0,0.11220715166461197,0.02,0
0f2ef86a-06df-4aaf-8abf-3462ea94ef31,3.5012149803202655e-05,0.002792682744672125,0.136,0.056,1.0,0.08708133971291877,0.16,0
59853398-3513-452e-ab56-b171577d0059,0.9556529620537824,0.010158481683867276,0.052,0.028,1.0,0.13247374441093848,0.04,0
4e6391e4-3ac0-4d0c-9df8-45d8c8264430,1.9092333426690396e-08,0.00807998934623992,0.072,0.02,7.203867995497359e-144,0.11805209060971962,0.04,0
86597278-9110-4289-87e2-5ed4360dda4c,0.0004680881895151165,0.011159213718335526,0.148,0.052,1.0,0.0,0.12,0
50cbbf91-accc-4fb2-a6d8-102fb87ca1b2,0.013085294122516898,0.00452434011182643,0.192,0.108,1.0,0.0,0.14,0
76171a54-7b82-4c43-b650-3f99ce803987,0.09869115444985543,0.004090786705338346,0.08,0.064,1.0,0.5762434889183949,0.06,1
258db299-4a80-4dfd-872e-294b8ec6dbe6,0.997302559366107,0.02359152119351425,0.18,0.104,1.0,0.5290697674418604,0.14,0
7d5c8886-955c-4540-ab4e-b291577c96fa,0.6128922752448198,0.004700636014115719,0.248,0.076,1.0,0.7682566483748448,0.1,1
17643683-833d-4d5a-accc-75725d44c578,0.22369095276627493,0.06766023995880396,0.224,0.06,1.0,0.29979726305119253,0.14,0
eb27b462-2125-4992-8bc6-bf25131503e9,0.9999878571237298,0.09496330819265374,0.224,0.176,1.0,0.11805209060971962,0.22,0
b68f9f61-451c-422b-a377-493ad151882e,0.296838304700872,0.025373055812642223,0.38,0.212,1.0,0.7691281138790024,0.24,0
f0ddbc71-e67b-4b22-b40e-ad08f8f7a6b7,0.6041579237955862,0.032523297158793346,0.12,0.08308474576271187,1.0,0.7626737530662306,0.14,0
89b817ed-dfcc-40ba-a3f4-f17d968bbc7d,0.0001974594301138474,0.0019685843711907012,0.172,0.072,1.0,0.11805209060971962,0.12,0
bbdf98aa-b8d2-4360-9a68-f7c301f3d97a,0.0008608366096833625,0.013552233461697583,0.188,0.072,1.0,0.7520661157024795,0.1,0
a636d738-b5a6-4b01-98b5-1c3cafb97d12,0.0001675074056357496,0.018517948782995966,0.188,0.056,0.9975165043118159,0.7206591244466356,0.1,1
667dbbb6-a8a9-4b9d-99f5-ac59c537d132,0.9005406159242568,0.30235565311308304,0.316,0.316,1.0,0.7878787878787872,0.22,1
3228774e-6823-4138-a510-f01f8fe80a72,2.3321853306333022e-05,0.0022075165446192244,0.132,0.064,2.39459335562326e-153,0.103249097472924,0.22,0
bdf042ed-d8b4-4730-bfb5-66f14712f25a,0.9999897379774791,0.05555902337760292,0.216,0.12,1.0,0.5762434889183949,0.14,1
daa1925b-c973-4d50-8fa6-48fa4500d4b3,0.9308031687797702,0.8064509938459689,0.64,0.4,1.0,0.8530038346825718,0.3,1
b64047c4-27b5-4e79-996d-18a7bd226b84,0.001337559628209033,0.0007721633104339594,0.084,0.044,0.0,0.11805209060971962,0.04,0
118e41c3-d8f2-430e-99e6-f0f6c15287d0,0.8652051863376059,0.003957022356061431,0.14,0.088,1.0,0.13247374441093848,0.16,0
95cbc8e3-0295-42b5-b26e-cb847e1df84e,0.2969805005841381,0.018442500190790266,0.156,0.116,3.07966557118628e-22,0.8251295336787562,0.06,0
45d2fe09-2bbc-468f-a4ee-8d01711028d5,0.006928336432414112,0.00949861155946913,0.12,0.06,1.0,0.6447368421052646,0.06,0
3b980347-72ce-4f48-97a9-0bbef236cc2d,6.473516107776896e-06,0.0021269930249116953,0.076,0.028,1.0,0.11805209060971962,0.1,0
de3b0b27-4c7e-4c01-8ac1-fb39d32e89a4,0.4620280248000286,0.0017879646045341968,0.072,0.028,1.0,0.103249097472924,0.06,1
b9bb99b5-7a44-4826-962f-f702b2fcae4d,0.033016435833339686,0.001606517698511062,0.068,0.032,1.0,0.13247374441093848,0.06,0
09e802fb-0a70-4c98-a580-54080df79c85,3.034861348034204e-08,0.037333732073719636,0.15933333333333333,0.06,0.0,0.11220715166461197,0.08,0
9d92d135-c728-49b3-93df-cb424092b904,0.9182455313965844,0.5217314365508132,0.44,0.236,1.0,0.7626737530662306,0.2,1
343b9f02-c4bb-49b2-a6f8-015310b5ff8f,1.0961389327200195e-06,0.020356391304232405,0.1,0.048,8.291219473332285e-85,0.13247374441093848,0.06,0
5e98467c-d658-4d9c-8aeb-5df4915f6190,7.535668713606083e-09,0.009912800833727333,0.148,0.084,0.0,0.7206591244466356,0.04,0
074553a8-d5e5-455f-915f-da996f40fc42,2.680736078086406e-05,0.0005812260034254552,0.08,0.02,1.0,0.103249097472924,0.08,0
354eda11-c5fc-4ce1-85da-4bef323256b7,0.008218263050786549,0.008094117773810403,0.12,0.064,1.0,0.858490566037736,0.12,0
39373fcc-544f-4e49-bebc-070b09654d65,0.21579597260443442,0.12879623971830156,0.32,0.168,1.0,0.858490566037736,0.14,1
a5af9af5-c4a0-4b5a-9a79-c71096c59c58,0.3044000599221565,0.07490495884858991,0.22,0.148,1.0,0.5174654752233955,0.16,0
025df738-8408-476c-9d45-f1f77ecef806,1.1102409620362949e-08,0.010202233958986706,0.072,0.028,8.120013454504248e-41,0.11805209060971962,0.04,0
01ada5f7-b61a-4992-a231-c0b4edc9902e,0.0013343891745060915,0.012293202185801443,0.1,0.08,1.0,0.29979726305119253,0.06,0
97df7b39-a225-4813-b49e-856e736fffcd,0.8903391360110345,0.03175670412455153,0.236,0.12,1.0,0.11220715166461197,0.14,0
d16bc093-085b-4a3e-8949-a3d6a0bab3cd,7.29997853277184e-06,0.016930141844562766,0.176,0.112,0.0,0.11805209060971962,0.2,0
f449ad2c-ebe0-4161-9649-bb63c50a7f2f,3.2898577064559486e-16,0.00029627289650993084,0.012,0.012,0.0,0.103249097472924,0.02,0
c1f3a0ff-acc7-44b3-b610-9242ce143187,1.2884356257148845e-11,0.0035317130875398175,0.116,0.056,0.0,0.11220715166461197,0.04,0
783dc227-b7bc-4718-813d-1e91bb6faadd,2.134521885807337e-05,0.007413613651820862,0.136,0.06,1.0,0.0,0.08,0
965f90c2-674a-4993-85e9-90eb16c4ea44,0.0006873196468075586,0.0015132707075625992,0.136,0.068,0.9965608389934043,0.11805209060971962,0.14,0
aa2d6bf6-04d5-47f3-a095-826f65f631f3,0.9999445401069076,0.07371725483196108,0.252,0.10364,1.0,0.29979726305119253,0.2,1
e6746a4d-fc3d-49ae-b3d4-dfba6775e80b,5.357768552687776e-06,0.0013786888210105116,0.036,0.048,1.4714807202586178e-61,0.103249097472924,0.06,0
8bdabaf2-0593-4185-b034-53280d82aafa,3.771031386234959e-06,0.02740643944653591,0.148,0.072,1.0,0.29979726305119253,0.08,0
927bbb7b-1bd2-4a3a-88c8-7c8707f51c8e,1.679795456511114e-12,0.0008365799449372488,0.06,0.052,0.0,0.13247374441093848,0.12,0
203f598c-be46-48a4-8ac5-1950f3a3c916,0.0031060810068479984,0.005048291038764742,0.196,0.076,1.0,0.7682566483748448,0.18,0
2545dade-3173-4087-ae46-f4f074fde84e,0.5700353876701636,0.42668247426930567,0.272,0.20708474576271185,1.0,0.6447368421052646,0.2,0
1e088ae9-d69a-4f1f-80ce-c0e1a19d99cb,1.2874773428314309e-09,0.0003961451979441172,0.108,0.044,0.0,0.103249097472924,0.08,0
26335981-5412-40d5-b4eb-624102f60d49,1.1710597360753188e-06,0.000869861356538404,0.06,0.024,0.0,0.103249097472924,0.02,0
281b4c45-8c28-4c79-aa5a-1c6cdf3af055,6.641220867337979e-05,0.024789957038276095,0.084,0.044,0.0,0.13247374441093848,0.06,0
20b3c795-d7d0-4e6e-b0c9-eb58731f3052,1.4986835022710288e-08,0.002618839289462257,0.076,0.044,1.0,0.13247374441093848,0.18,0
a88e9db2-3cd8-4fe5-814a-e2c23979d227,0.00038584788589005406,0.016372311789028243,0.172,0.072,1.0,0.7206591244466356,0.18,0
50048d35-725c-4996-827c-b8bdc6cd59a4,6.89145424028609e-08,0.030275957263558695,0.256,0.06,0.0,0.13247374441093848,0.16,0
354d7ce1-d68a-4251-9418-77d5b28041d2,0.007157127538289342,0.006477558778519835,0.12,0.064,1.0,0.11805209060971962,0.12,0
204e5d73-ca92-43b6-bc7f-eec2bb7ff78e,8.195873599543711e-09,0.0005907718347030292,0.136,0.072,0.0,0.11805209060971962,0.12,0
9c0dd089-df95-422f-b825-6ac2ab408242,0.030662452407061856,0.0008750985041030846,0.148,0.084,0.0,0.7691281138790024,0.18,0
de949217-a8de-4a3a-8dba-4446a1004d2f,0.00037817757236815525,0.08400431478199744,0.28,0.156,0.0,0.29979726305119253,0.14,0
84689078-42a5-47c5-b558-94b96b19bf6d,0.00014533084720555695,0.0009122094743814427,0.12,0.044,2.208901114088662e-55,0.34732824427480924,0.06,0
9b7f10d1-f34b-4acd-a757-e07283331154,0.004073205292539008,0.1495490668967635,0.3,0.22,1.0,0.7620096959012786,0.3,1
3bc4d1e6-d405-4455-ac6a-95fe16a14741,0.13010990776676137,0.08353566135926113,0.168,0.068,1.0,0.5762434889183949,0.1,0
87f9b900-ea2e-4d25-93a0-a0a68c628ddd,0.006604254470091512,0.061883035774683424,0.22,0.112,1.0,0.5762434889183949,0.12,0
9f72d0d7-678d-4834-a73f-c08b379dbd1d,0.025699329530450676,0.0034390522845085753,0.124,0.072,1.0,0.7878787878787872,0.1,0
b5815fa8-88ba-4185-8daf-ea0ca2c807cc,8.04783831708823e-09,0.08106868114270573,0.372,0.168,0.0,0.7206591244466356,0.18,0
534af861-12ac-4841-b940-e9bf315604de,5.530064205667783e-08,0.0010597772496425825,0.116,0.024,0.0,0.11805209060971962,0.04,0
79bc31e5-c477-4fe7-9b09-cd411e945e10,0.020529381965598233,0.059713057118255114,0.168,0.092,6.500175384819884e-19,0.7206591244466356,0.12,0
018b238a-78b2-48fa-ae96-50f3328bb795,0.7985027521022889,0.11494104711316959,0.244,0.16,1.0,0.7663157894736834,0.2,0
cbb39fc7-f0ad-4ac3-bc54-3e1bf52e3c33,7.160551092976541e-06,0.014521714893768106,0.224,0.172,0.0,0.37295081967213084,0.18,0
5752197a-a33e-4991-9209-bd6ad17641c6,0.007436663306101016,0.20945043766632554,0.328,0.172,1.0,0.0,0.18,0
55e2dbe4-e1da-41d7-9104-f57afa3eeb30,0.7124720631194571,0.12098262923895807,0.384,0.22,1.0,0.7626737530662306,0.2,0
657ff5b6-1328-48fb-a069-adb8e208e290,0.2839207091623115,0.5858561968518793,0.472,0.36,1.0,0.6408450704225351,0.3,1
0bd5fd0f-90cf-40fe-8db9-a2cfec283705,7.391989252964852e-08,0.003683856045244521,0.144,0.06,0.0,0.0,0.1,0
96335b73-49ef-4092-838a-5fd780e4cd8f,0.0214118069577263,0.09490142855671563,0.276,0.132,1.0,0.7682566483748448,0.14,0
f3eecc6b-c0a1-423a-9e82-3ad0d518e5e1,0.00775467016246266,0.0012833294736958028,0.076,0.024,1.0,0.13247374441093848,0.08,0
5664e33b-83b7-447d-a0aa-7498fd4fed5d,1.974025737890677e-08,0.0028693686335345514,0.152,0.08,0.0,0.3973799126637543,0.14,0
f76571c9-4632-4366-b425-bc8300f05cac,6.956808596308509e-07,0.08928751568225664,0.212,0.116,0.0,0.7206591244466356,0.14,0
53880c30-1e85-4310-a2cd-503ddebc401d,3.3234777991576393e-06,0.003165807455427272,0.112,0.048,0.0,0.103249097472924,0.12,0
23fa3240-6c1b-4204-a3bb-b05544a1b8ba,0.12692667310587932,0.010555740368456005,0.192,0.068,1.0,0.0,0.02,0
e5e4e2f4-e497-499a-a925-5c0986c879e0,0.00027247172548790384,0.001625769305558841,0.048,0.024,1.0,0.103249097472924,0.04,0
b36a1bb9-f925-4b14-acd8-ad2c5fd321e3,1.6538185884493514e-05,0.0373564576385632,0.268,0.172,1.0,0.5762434889183949,0.28,1
46c9e954-9a87-4a0f-8780-18bacb8fc62f,0.06687228851270079,0.010290161923699092,0.112,0.06,1.0,0.0,0.14,0
d17a80e0-8668-48b3-8373-124b38caa1d7,1.3068861614370246e-13,0.001189094160918907,0.084,0.044,0.0,0.103249097472924,0.06,0
16b5a930-ca55-4273-87d5-7f9bd1fc8935,0.00038034049047519427,0.0010089398926977347,0.064,0.04,1.0,0.0,0.14,1
e45d44d5-e575-4729-9a2d-b00e788ecafb,0.0020488825708233818,0.030416747776079764,0.22,0.116,0.0,0.7682566483748448,0.3,0
c0369935-ef75-4885-9cf6-05ab97ef3771,1.8778370601023208e-07,0.0024411001044435756,0.1,0.044,1.0,0.0,0.06,0
01ed52ac-b830-4ac0-a7d2-c23921b06134,0.05717722165552414,0.17434600677557632,0.36,0.152,1.0,0.7682566483748448,0.16,0
6b05c4a4-f090-4f90-aa70-c0fbd9dc26fb,0.001040297177087548,0.03603649914656624,0.22,0.1,1.0,0.103249097472924,0.24,0
af6b6f2f-aa9c-4ed9-a315-d9d9068cfe23,0.00036795165548941734,0.0002572528159044343,0.04,0.024,1.0,0.103249097472924,0.04,0
b9f6ce0d-3307-43d6-aaec-7da892f0417d,0.09493326709261848,0.09790085185485084,0.216,0.108,3.378166119441638e-24,0.7682566483748448,0.1,0
b788f983-aaa8-4097-98b2-6f3950f60e7f,4.5736496710454957e-07,0.0027437089855951034,0.012,0.0,1.0,0.0,0.02,0
32f095a7-d04b-4c8b-a316-de29f01bfbe7,4.709248205599316e-20,0.0008017045103501708,0.052,0.064,0.0,0.13247374441093848,0.08,0
b707c3ca-9621-450a-a51c-49af282ac36e,6.516271313640214e-05,0.009453964405770378,0.116,0.024,0.0,0.11805209060971962,0.08,0
0c3b8607-5069-422e-b72f-a26553638219,9.091314533664373e-06,0.06777777556768949,0.096,0.03528,1.0,0.103249097472924,0.06,0
f1b4b78d-5dc6-42bd-8d3c-b8ec00e84bb5,0.0019704844177792233,0.07432539814872807,0.204,0.116,1.0,0.7206591244466356,0.12,0
87a4f953-e351-47ec-8d20-b98fef3a95d6,0.07881916391317301,0.006996438468595149,0.24,0.168,1.0,0.08708133971291877,0.2,0
c0216e53-0972-41ad-b2c4-e5fe73a5fc70,0.9879532969585811,0.7436094842949175,0.532,0.468,1.0,0.7682566483748448,0.34,0
70b0529d-54cf-4f21-a989-3fec656ff5da,0.2661467515308821,0.15748699078363623,0.368,0.208,1.0,0.7682566483748448,0.18,0
d31ed6e3-598b-480d-b6fd-ddba7e61fa6e,0.9945153789709802,0.6444506823041186,0.508,0.32,1.0,0.7206591244466356,0.32,1
3877e6db-c118-447d-81e4-3ba1b36ebfe2,9.772291800040701e-07,0.012368783752194993,0.112,0.04,1.0,0.0,0.1,0
60938c80-69ef-43bd-b82e-7b2b36ab1b4a,3.134745365158914e-08,0.008068251810470266,0.188,0.084,7.3405934476403434e-31,0.7626737530662306,0.04,0
005e43a2-6a3d-4237-851f-92d2ccfb060a,0.18292718738272779,0.9652737676001194,0.648,0.496,1.0,0.7620096959012786,0.36,1
60b9e6f6-4db7-44cb-9ee3-06402e197e51,0.21270435994958997,0.2245790854759364,0.372,0.16,1.0,0.7206591244466356,0.18,0
caa4acce-f0bf-4fcc-af6c-f265602a3ea1,0.5437389906520489,0.0053880155916526794,0.112,0.044,0.9596437216356669,0.0,0.08,1
b557d0e4-0ecd-4620-ba1d-54ba24c840e1,5.62127529511049e-06,0.07360366119661857,0.252,0.148,0.0,0.08708133971291877,0.22,0
84303fba-cdcf-46e9-af48-af8c7eb4f185,2.5477781221670534e-14,0.0031805378818316383,0.084,0.04,0.0,0.29979726305119253,0.02,0
ca87e5da-47e7-4584-9614-971d9608a5c5,0.15097054736866689,0.004907587509259715,0.1,0.028,1.0,0.103249097472924,0.04,0
bf87e280-4ba9-44af-be6f-3540b4ed41ea,9.8440730207984e-07,0.0032975682379116204,0.108,0.048,1.0,0.13247374441093848,0.02,0
0dcc35cf-059e-45a8-a85c-0b9305934c13,5.789881378836697e-05,0.0011410353233451958,0.08,0.02,0.0,0.5762434889183949,0.04,0
c7e64c68-f259-4822-beca-f8c2718eb79b,1.7627818924460565e-07,0.0025148445861717123,0.076,0.024,0.0,0.0,0.04,0
e20b3689-52a5-4d24-8fa8-86051f8baebb,0.0021445588172355353,0.008842338331268296,0.136,0.068,7.076194322112406e-182,0.6667952178943308,0.04,0
9cf304a1-aad9-4f15-ac50-01593863da78,4.5153709390135724e-08,0.017443938386451516,0.152,0.132,1.0381982686356061e-120,0.0,0.2,0
8b8572b3-5a52-4116-841a-d8c9617d3343,1.298333247165505e-06,0.0011769294552729937,0.1,0.04,4.685665314183312e-22,0.29979726305119253,0.08,0
50cbac39-901a-4fbc-8c8f-7b81016ff9d3,1.2215608078499083e-06,0.0021773790318958285,0.068,0.028,0.0,0.103249097472924,0.02,0
c4fbf9b8-558f-479f-9d05-75ca90d6b00c,0.9973753549501145,0.0060604570928691,0.148,0.028,1.0,0.11805209060971962,0.1,0
23e6237a-55c0-40e1-88e4-f1236800e691,0.004840451870950865,0.063414962897037,0.276,0.14,1.0,0.5762434889183949,0.22,0
12052894-f7ee-4847-b761-5b54e1cedf7c,0.0034114018853528293,0.002155938108737204,0.028,0.0,1.0,0.0,0.06,0
64d906df-005b-460f-b8d9-59b39fa1aa01,0.08883231280402284,0.019025119967059467,0.256,0.128,1.0,0.11220715166461197,0.14,0
a9cd9672-1140-4613-a16a-ef2e78d5328c,1.3678495305349219e-08,0.050017047602792575,0.172,0.068,0.0,0.13247374441093848,0.08,0
d24506f5-28d0-4a26-b611-28debfebba21,0.9975243043784136,0.005903139546573928,0.292,0.144,1.0,0.7206591244466356,0.26,0
557ea132-5751-45b6-8b44-71950cc3de33,0.0008373026043325756,0.009560044492004588,0.152,0.064,0.0,0.11805209060971962,0.16,0
31627f1f-3e4c-4b3b-8954-ac52f9721740,0.9804191067327672,0.006568564237549704,0.248,0.148,1.0,0.0,0.16,0
1bf40368-a4c8-4e36-a047-ddfb9939a467,0.001115415305692083,0.09563401933529928,0.332,0.12,1.0,0.08708133971291877,0.1,0
6ca01dd5-487d-41ec-92e1-0b9dce9a88b7,0.00011365815642474061,0.0010335215206726397,0.064,0.02,2.1033887496811345e-44,0.11805209060971962,0.02,0
99618bd1-3f80-4286-ad9b-d8544b2932c1,0.00013656658614628433,0.007039865004344844,0.224,0.132,1.0,0.11805209060971962,0.14,0
99f2a719-9ef8-483c-a35b-0c0959df65be,0.0007020552243171881,0.0011287375493763947,0.152,0.076,1.0,0.7206591244466356,0.1,0
5d71e223-0ca9-4d46-a0e0-6d17fec757c9,0.008281607428480595,0.0013233631748850833,0.12,0.076,1.0,0.0,0.06,0
8c00095f-c0e0-45e7-8ed4-a6be1b71d6bf,0.00012202952101414515,0.0030332290322470203,0.096,0.032,0.0,0.13247374441093848,0.08,0
a7c2dac9-1fa7-4d25-8bcf-d37b3c4e9d4f,3.652576177585787e-10,0.0125489553714979,0.112,0.036,0.0,0.0,0.12,0
487aeed4-124d-4374-a168-9cfb26215d58,0.7021013048881168,0.027798863641826654,0.152,0.048,1.0,0.8530038346825718,0.08,0
43abd603-71e4-45cb-b4fb-aac92cfa835a,3.819116184192837e-05,0.0010288553449090735,0.068,0.032,1.0,0.11805209060971962,0.06,0
a347a39d-e903-45c6-a8f5-dee8dac0e0e7,0.0003723577477095878,0.002131857878792445,0.036,0.016,9.697891686546187e-135,0.11805209060971962,0.04,0
8c8570cb-a479-49dc-9c3c-db0de69ed487,1.2619993482924755e-06,0.0011067387787213696,0.084,0.032,0.0,0.5762434889183949,0.02,0
5cf3dd04-51c8-43d4-b78c-f0b91a79002a,1.920112804524063e-08,0.002209961542810658,0.092,0.068,0.0,0.6408450704225351,0.12,0
19aed062-d753-47ae-be3a-7ba557597bed,0.8669536373343564,0.049752824250963015,0.288,0.156,1.0,0.7206591244466356,0.2,0
c62a7cfe-dd4c-424b-b643-d7c478aafea9,2.2153843659373228e-09,0.05795262869406446,0.176,0.104,0.0,0.103249097472924,0.2,0
2b2536c6-f4e9-43c1-a7b8-0fce8f7bf4cd,0.38053627415810437,0.03354684452985388,0.22,0.096,1.0,0.29979726305119253,0.14,0
c6d1d42b-27e4-4ee3-a334-bc5a7fcd97ba,0.09971306462062524,0.14604338649196824,0.236,0.052,1.0,0.0,0.16,0
93a1df18-d5d8-4581-bf38-0bf0a133e668,0.00033384975215383324,0.014778711568429019,0.06,0.04,1.0,0.13247374441093848,0.02,0
65eefd39-06f2-4b83-82fe-e99c22d3190a,2.0685740920069575e-06,0.0044116466179955,0.088,0.02,0.999916628386672,0.6667952178943308,0.18,0
a115a15b-0611-45fa-a5e2-037cd8d2405b,8.026579735713781e-05,0.004682959778220483,0.092,0.06,1.0,0.7206591244466356,0.0,0
c239e256-c4cf-44f6-9389-7aa693b2e1fc,0.0006434919808271235,0.0008382556034850225,0.112,0.028,6.362650508496043e-222,0.7682566483748448,0.08,0
eaf9635b-6d0c-49d5-9348-4ddf87a6d874,6.69691235068298e-05,0.0038230381295780254,0.156,0.084,5.720273093993277e-119,0.6667952178943308,0.24,0
5cda6e65-5888-4f86-bba6-741c4573deaf,0.07768704175341175,0.02909855007906845,0.236,0.128,1.0,0.0,0.16,0
8a3c4cc7-2198-4a29-887e-685790a475c8,0.066057464063997,0.025349615489188737,0.144,0.056,1.0,0.5174654752233955,0.12,0
6e332942-a651-492d-a0f1-11af6a6bed1e,0.25227531781291146,0.28702190857693205,0.164,0.1,0.0,0.7206591244466356,0.14,0
b1968fce-3c15-4664-8026-60eb3a2d4c1c,9.195696209525057e-12,0.004867156227465453,0.104,0.044,0.0,0.11805209060971962,0.0,0
fd31eec4-99ec-43a7-94b3-7f0024e609b3,2.1447833119831286e-17,0.006541089321854144,0.116,0.048,0.0,0.103249097472924,0.02,0
3a8eae56-765d-4040-8a80-93685b8c3717,1.1181045842415489e-07,0.0004833796013678947,0.064,0.04,1.0,0.13247374441093848,0.02,0
3a148595-6e8f-4143-b1c4-5d469f3dbf69,6.051263029321378e-05,0.002362135686163742,0.14,0.048,0.0,0.3473282442748092,0.14,0
197d759b-e857-4cc7-8a2f-2b063967b82e,2.647199491592357e-06,0.0029490639078651507,0.1235,0.044,8.888816203770575e-35,0.11805209060971962,0.08,0
f65616fe-57fb-406d-8d4b-1e804ec0100a,0.9640637605651051,0.03758116945659257,0.236,0.168,1.0,0.0,0.2,1
548b0c76-1938-4c48-81d5-c138537f6cd2,2.9093412621065802e-08,0.0009689216247666404,0.036,0.0,1.8404429319335733e-17,0.29979726305119253,0.06,0
a0544873-c36e-41b9-8a37-b6a2e76e0693,2.455914645793115e-09,0.06489073923767251,0.256,0.112,0.0,0.08708133971291877,0.22,0
f5cdf347-6c49-4e3e-8393-df270f0da94a,0.058139396099085895,0.06356401355669265,0.26,0.148,1.0,0.7682566483748448,0.1,0
9b5bc784-3bb6-4e59-8558-1726a16137a6,6.556397244604784e-05,0.004938403888974069,0.104,0.032,1.2845770032631633e-257,0.7206591244466356,0.0,0
f4455b79-d734-42b2-abd5-4e740471a307,7.348311702256667e-19,0.0013463485409489202,0.112,0.056,0.0,0.0,0.16,0
eadcf1ea-a34a-4bd3-a78c-4e84a0ad0e0e,9.125296138622442e-11,0.006063758722608345,0.1,0.04,0.0,0.11805209060971962,0.06,0
df4f5d85-a25a-4066-ab64-356d86cfa6a8,0.9252235498476549,0.12502773041063722,0.324,0.16,1.0,0.5174654752233955,0.1,1
29866904-0059-4c86-a4f3-42a691611ba7,0.9924016710165726,0.16200528320865318,0.364,0.296,1.0,0.0,0.28,0
9ce91ae0-caee-4370-ac93-5ed6e352a0a6,9.462598169889128e-05,0.000415221188965306,0.012,0.016,1.0,0.103249097472924,0.02,0
bef041fc-4b87-4ca4-889b-c121d4a88cb2,0.00019040372250617445,0.003909438975539661,0.088,0.048,1.0,0.11220715166461197,0.08,0
2fa66aae-0168-47f8-8898-df44238f89db,0.000645319938447614,0.005946963679267935,0.112,0.04,1.0,0.13247374441093848,0.06,0
81235919-46aa-40ae-9d04-78e4dabb2cb2,0.00017672648814207466,0.48872150136308573,0.312,0.148,1.0,0.7626737530662306,0.16,0
c2d2c7d1-eb16-4270-9ccf-a5dbc34350ef,0.008325646969309606,0.002919445912720212,0.144,0.056,1.0,0.0,0.1,0
e60ba728-e5ae-47bb-b547-76127dcd4e6e,0.14045739236889807,0.0072708014121846,0.1,0.084,3.301656896249742e-139,0.5762434889183949,0.04,0
74e2b3a4-2a4f-4bf3-a5de-34fdc01aa67c,0.08525420983303585,0.01276080807365883,0.268,0.144,0.0,0.0,0.28,0
46eb07f0-91f8-455b-9825-4f3c5558289b,3.373014710065385e-08,0.0026469057966531724,0.14,0.04,1.0,0.11805209060971962,0.0,0
e12c88d3-5245-4e8c-b23e-046ca9b0c8c0,0.0008195008847198339,0.018426944479621416,0.284,0.084,1.0,0.0,0.06,0
2a132659-0a05-4008-b1f7-dde60e3d007f,9.830760074524131e-09,0.010210617179884947,0.132,0.072,1.0,0.0,0.06,0
60eefaf9-96cc-4d9b-b1bd-7c92100602eb,2.6301995779770886e-15,0.007898141260586944,0.14,0.072,0.0,0.11805209060971962,0.16,0
36a3fec1-e502-4240-8f1f-83e08b4f1afc,0.5840133356403675,0.08270900803952362,0.296,0.164,1.0,0.7682566483748448,0.22,0
42ca4c79-1007-42c2-846a-73f11c66f320,0.08675009677992163,0.0016795131342083867,0.1,0.08,1.0,0.103249097472924,0.04,0
bd894abc-207b-48f2-a2d5-506102902cae,0.00026070290313485767,0.009790240436370102,0.104,0.032,1.0,0.11220715166461197,0.04,0
42eba3cd-788a-4dbc-b051-489c3cbb1ac1,0.9987555717959361,0.055618088850045745,0.364,0.212,1.0,0.7691281138790024,0.36,0
d1ab5196-9884-493b-b674-bd8fbc9dbda1,5.839007027134033e-10,0.006729165663186438,0.192,0.068,1.0,0.11805209060971962,0.06,0
b981f2ab-6bc3-408f-a928-02bcfc5ed577,0.3980616685551345,0.02825044341678897,0.184,0.08,1.0,0.6667952178943308,0.04,0
913d94e7-a26c-4e85-bdef-af098f72ac15,0.0007129921438859904,0.06783336062348232,0.188,0.092,1.0,0.7206591244466356,0.16,1
26db4b7f-2213-49b1-a7f6-9bcdb40f502a,4.972545977263844e-06,0.0015192980629594396,0.104,0.036,0.0,0.103249097472924,0.2,0
c64ab2f1-23d3-4ba2-9093-d996a9f93c2f,1.707216130836081e-11,0.0003666160586303066,0.08,0.052,0.0,0.3973799126637543,0.06,0
86e4af24-ce6a-44cf-a1bd-865266f37d5d,0.9840729280801626,0.26077142358552985,0.244,0.1,1.0,0.7206591244466356,0.14,0
f53941c2-d06b-40f0-8191-498bf73572c8,4.726390522239407e-10,0.0013622838445877443,0.144,0.044,0.0,0.5762434889183949,0.08,0
58c83d3c-6e8a-4f62-a0ff-87cb118b5479,0.18766660019990172,0.03316649274242903,0.136,0.056,1.0,0.29979726305119253,0.1,0
61b724ff-dbb6-4766-a65d-3e9664706a94,0.16245558387148043,0.0037634546526420986,0.228,0.088,0.999999980176199,0.0,0.16,0
b8f3e686-52bf-4fbb-a328-d25236e4724d,1.107593669038029e-09,0.0003706030520995002,0.04,0.024,0.0,0.6603773584905661,0.04,0
ca6c334c-7a9c-43b0-8735-f8a352527bb6,9.277604659652629e-08,0.0013672279242320407,0.096,0.016,1.7434183543776277e-128,0.11805209060971962,0.1,0
ecca2b24-5611-44f7-abe3-424bda1d1d9d,0.904425474348996,0.015425179735225029,0.128,0.052,1.0,0.11805209060971962,0.06,0
54188388-0199-44c5-936b-4325e2d000a9,0.3611551634090999,0.002869413494997416,0.148,0.1,1.0,0.5174654752233955,0.14,0
0150186a-1572-405f-94f5-65b93d40573c,5.1363908089893224e-11,0.0015037347006169744,0.044,0.02,0.0,0.0,0.02,0
9fe33c9e-b127-4e9e-b412-b3be91fee5ff,2.35978175497688e-05,0.013600067077889754,0.136,0.068,2.3252724285215167e-32,0.13247374441093848,0.06,0
0501a97a-5a42-42be-9d25-bf60e0e37e13,0.00013070662793802834,0.01661744237766914,0.14,0.044,1.0,0.7206591244466356,0.06,0
69d68ab7-d3ab-4c43-a395-4687c47bdcd3,0.03356074275914722,0.7029061989893597,0.556,0.312,1.0,0.7691281138790024,0.34,1
227318d4-9436-46cc-9dc6-5ead9c51148f,6.058747061669505e-08,0.0023198125388064978,0.188,0.084,0.0,0.11805209060971962,0.18,0
9703a288-5a90-4822-ab7b-df592901bda6,1.4699359642600671e-05,0.0002802629529622457,0.052,0.028,1.0,0.103249097472924,0.02,0
cebae317-cba9-4d12-b150-8f56c422c6a1,0.048411448538786046,0.003803868645051917,0.132,0.04,0.0,0.11805209060971962,0.06,0
954c831c-d50d-4271-9008-b6b87a5a74fd,7.744007298371796e-09,0.001223036048726689,0.152,0.08,0.0,0.5687499999999998,0.12,0
2bae5205-b91d-4aa4-ae1b-fc789ca2c06d,0.0012350932784784504,0.019643140558735794,0.224,0.1,1.0,0.0,0.14,0
a370b2de-f090-4159-b984-871f2cb2df42,0.9978950685792761,0.660280141453753,0.496,0.192,1.0,0.30536912751677847,0.2,0
c18b5f5e-585e-4014-a403-450d2746f4bf,5.100442295878226e-05,0.0026613612763601575,0.16,0.072,1.0,0.5762434889183949,0.08,0
18e9808b-9926-4040-a84f-cc92b34ae29a,0.03941429812263105,0.003304099963285235,0.036,0.02,1.0,0.0,0.04,0
04457f82-e808-4788-a8b9-7aa4e9ab8e22,1.813729224231498e-06,0.07868330356165887,0.212,0.08,0.0,0.0,0.12,0
96d2c82b-d3c4-492c-90ba-bcd01d42e431,0.8671221606183057,0.03713182947099332,0.184,0.1,1.0,0.7206591244466356,0.16,1
11dbffe1-5c61-498a-b385-b7a47414c0f5,0.8869809306839831,0.0027343670360299487,0.132,0.072,1.0,0.0,0.16,0
edbf53e6-b4bc-44d3-84de-499758b73c1f,2.662627971289752e-08,0.024675786026809126,0.16,0.124,0.0,0.0,0.14,0
78776901-f423-4d09-a5bf-7b5286822e34,3.454801535694394e-05,0.0167493605737807,0.1195,0.036,3.7788756963994255e-135,0.11805209060971962,0.08,0
3dc4567b-fb28-47b6-b660-b0a35ab4fe38,0.5352678222016835,0.019540167583641087,0.288,0.112,1.0,0.7878787878787872,0.18,0
5f569990-26d5-4f37-95b7-f2751dfe77e1,0.9471071431554018,0.02907883348300323,0.184,0.068,1.0,0.11805209060971962,0.16,0
368138c7-dfbd-42e5-81cc-7ed47f3de066,2.8693364394014784e-09,0.013358518705994608,0.088,0.044,0.0,0.13247374441093848,0.06,0
1771c137-876b-4620-8de0-35ca8d53fe70,0.002134501857273634,0.002348918733543062,0.128,0.056,1.0,0.103249097472924,0.12,0
24351c0e-8781-4fb7-a031-6b4ea22d640d,0.00014678581953886475,0.0006750710512654523,0.076,0.02,1.0,0.11805209060971962,0.04,0
daf60087-855f-45a7-ac63-37e5148bdafe,0.00010112335662510298,0.35978461215680163,0.372,0.18,1.0,0.11220715166461197,0.16,0
f1ebaa0e-3b8a-42a3-9fc5-d71f13aeb4be,0.09675381580270806,0.8181887241644658,0.404,0.26308474576271185,0.0,0.7682566483748448,0.3,1
2d0c763d-dd1c-4727-8cf2-767d34a38f87,2.8215360195661333e-12,0.00041505730124104847,0.072,0.02,0.0,0.0,0.02,0
34a0b276-7a8e-4125-9380-c31e657694cb,0.12234026645617757,0.09526045342120579,0.224,0.116,0.0012251622009542935,0.0,0.1,0
9c6efdd4-43fe-46de-b697-c76d501c136a,0.529718177186037,0.05105182548337285,0.3,0.236,1.0,0.8530038346825718,0.22,0
f61bc136-ab6e-46e4-ac79-b556440f1db7,0.0384420870946542,0.013408882521884753,0.152,0.044,7.122053105888296e-148,0.11220715166461197,0.08,0
8bac179f-7bf6-4986-bfb2-d5048c2fc8ee,0.012304566681779342,0.005881722720917651,0.052,0.004,0.9999999999895408,0.11805209060971962,0.0,0
6f4541bb-782f-462b-b804-d91d55855d35,0.9536612935385037,0.011125106941588655,0.168,0.132,1.0,0.5762434889183949,0.08,0
5b0533a1-f711-478e-96c8-c7c2410ab2d3,0.01799390752906479,0.0010347182950865778,0.08,0.028,2.564400786622261e-202,0.13247374441093848,0.0,0
01661ed0-961b-4eff-87f5-fe11d1777853,2.541186878052754e-07,0.0043457784889413585,0.052,0.024,1.0,0.103249097472924,0.02,0
e50efeaa-3179-4157-aeec-ae74db3bc3b7,8.23660580484621e-09,0.004224325926481832,0.124,0.072,0.0,0.0,0.02,0
3e07c39f-f3de-42bc-b3a9-838761570331,3.6584784689266864e-13,0.003053223549887345,0.076,0.04,0.0,0.13247374441093848,0.02,0
7cfef585-744e-4e6d-b805-1cfa169125e4,1.2725234790091335e-05,0.021874071570432203,0.184,0.072,1.0,0.29979726305119253,0.18,1
20fd054e-dc23-4bc7-8534-f6e4c1e9926c,2.998067595181591e-08,0.0007142397181874797,0.052,0.028,5.770384761980197e-138,0.5290697674418602,0.02,0
015c1401-df8b-40d8-9241-6d3859442cfa,3.0284324321196596e-07,0.0012869282990609764,0.056,0.0,1.0,0.7206591244466356,0.04,0
d3129039-e5bc-4854-8cb2-b58376e2539f,4.5749912960896653e-07,0.0043399513818771236,0.104,0.06,1.5961714806817386e-251,0.7682566483748448,0.08,0
60055c5c-9986-4e72-bfd8-b983086e3fe8,4.821760050182443e-07,0.0006880924822881799,0.08,0.072,9.52271914754634e-05,0.103249097472924,0.04,0
cea41953-6b27-4b65-8c46-58a4bb6514ff,0.628871012934636,0.17839460655697262,0.468,0.204,1.0,0.29979726305119253,0.26,0
f0adb702-c6cd-4808-b749-95be3486d822,0.22388695136296488,0.691164164797779,0.316,0.16,1.0,0.29979726305119253,0.16,0
5a6c2b82-cd8a-474d-9a69-9cf2bbc3d717,0.011177015691751006,0.003086732992143596,0.148,0.076,1.0,0.103249097472924,0.14,0
c0e38580-8b44-4553-8025-69a426cfd7ff,0.00016839826561632169,0.005165299592887801,0.144,0.072,0.0,0.11805209060971962,0.1,0
fa0c2aef-174a-4bed-8423-1a3e99b12730,1.3314137964466242e-13,0.000921722661076462,0.128,0.052,0.0,0.0,0.1,0
48b874a2-3d4d-4df8-82fa-4e2cd30cc794,1.0458718559942106e-09,0.0014489547650754658,0.14,0.072,0.0,0.29979726305119253,0.12,0
5072bcd7-a51e-41c7-8799-c6f074860a8d,8.683048304889204e-05,0.002839537954337401,0.112,0.024,1.68127120211146e-310,0.13247374441093848,0.06,0
a499ac4d-c4c3-4229-8087-944b2c7fdb76,0.020220611493420502,0.0020919367548239824,0.072,0.044,6.327486498235355e-268,0.103249097472924,0.08,0
65204b8b-14b8-42d1-87ab-90db6f0b581b,1.094849994761636e-08,0.003137736590425695,0.144,0.04,1.0,0.7520661157024795,0.02,0
7e5b9fc8-8fb3-4179-8d4e-f89864805c72,0.0008856162063770685,0.0038499085358756524,0.136,0.1,1.0,0.103249097472924,0.08,0
7cd26623-3de5-4a10-b820-9ebd61307f90,0.0008904042528752552,0.10702682596891278,0.192,0.076,1.0,0.103249097472924,0.16,0
5775d596-fe36-45b5-b811-3169d96110bf,3.08265892927196e-06,0.0006629938020170468,0.064,0.024,1.0,0.103249097472924,0.1,0
5b11a762-c72b-4b51-a04d-3b418466fc01,0.0031951901920087046,0.008098615898390844,0.092,0.036,1.0,0.13247374441093848,0.04,0
901274d0-f8d8-4880-b46d-cb693d720ffe,4.0947894890814433e-10,0.0020605633801824264,0.188,0.076,0.0,0.5762434889183949,0.2,0
fe365d38-2057-4eea-867a-97543e2baf52,0.9929437076838207,0.14492553762236135,0.3182857142857143,0.248,1.0,0.7682566483748448,0.3,0
366a44d5-7243-438e-9aa2-d1cf6b4766e8,0.9943539218215475,0.0066111404041605286,0.156,0.076,1.0,0.08708133971291877,0.22,0
0448bf66-2302-4aba-a014-2cce61b16797,1.422762888176124e-05,0.007993593848639315,0.11392784992784993,0.05884745762711863,0.0,0.5687499999999998,0.04,0
18ae0a32-6dc4-408c-aa3a-278e9bc27d1f,0.782300200590744,0.002935837722450546,0.2,0.088,1.0,0.0,0.16,0
f71cca7e-7bee-425b-bf71-f082a6f06ca4,0.38517096447783067,0.003116382528575446,0.152,0.076,1.0,0.13247374441093848,0.12,0
748a06f4-974f-45da-9948-b177fa6855b5,0.9896561318143563,0.3012756231065217,0.28,0.168,1.0,0.6447368421052646,0.2,0
ad6e5f21-54c9-4020-ad0f-f1404747a76f,0.0004006589250120927,0.014334527927990382,0.168,0.076,1.0,0.3973799126637543,0.12,0
1ace1a1c-672d-4c2f-a169-cef81f866f9d,0.00048412476038487014,0.022990030251112226,0.208,0.112,1.0,0.7682566483748448,0.08,0
1a24793e-5df4-401d-910e-9314fbbeb28d,0.4472522114180525,0.08944124655540793,0.268,0.168,1.0,0.7682566483748448,0.24,0
6c86d08f-1f21-49ca-bb63-b6f29d742742,5.1013068897315974e-05,0.003917829270773127,0.096,0.03508474576271186,1.0,0.5174654752233955,0.08,0
22cd4e74-49cb-4fb5-9bc0-4288fa9b5da5,4.349728716306785e-10,0.006553381938702848,0.14,0.108,0.0,0.5762434889183949,0.1,0
f2a912f2-7ff5-49ad-bf31-2c567f0c2f61,0.9044275276013467,0.0062689020350382525,0.156,0.056,1.0,0.0,0.06,0
3b8096f0-9c65-4cbc-abf9-0c31be6e3c00,0.07177171611760036,0.3441496223504289,0.304,0.092,1.372696692806207e-48,0.6447368421052646,0.12,0
f859576d-d85a-40b3-9a4f-a9a4f9800dc4,2.646206427993112e-08,0.0008287942743691417,0.12666666666666665,0.068,3.969515223030996e-211,0.7682566483748448,0.04,0
67097928-cf21-4b68-aac7-3bc2458e0fc4,0.9937199364500674,0.17256980759708265,0.192,0.068,1.0,0.7206591244466356,0.06,0
8c7c348d-ccf2-4c14-b76b-b25391c5a79c,2.2148505078694443e-07,0.004714935179409326,0.212,0.104,0.00011065872276260038,0.7206591244466356,0.14,0
b7fd159d-d0f4-4034-932f-252f2233a9ca,5.737158753833251e-10,0.0010557899248362006,0.08,0.036,0.0,0.103249097472924,0.02,0
1ced0a56-4987-450e-85c0-559ec5e8226b,4.417503902261423e-09,0.01023854633995278,0.08,0.056,1.0,0.7206591244466356,0.04,0
4587caa9-c936-4917-98a3-791c5b29bea6,6.059998608035419e-07,0.0033064965643098527,0.108,0.096,0.0,0.13247374441093848,0.12,0
bfaff661-3e96-4b6a-b304-752c505ad35c,8.494644047333294e-10,0.06558700389362901,0.244,0.148,0.0,0.7206591244466356,0.08,0
f2941a99-119d-4f42-9dc2-fd556d9bd0cf,6.015222591920752e-09,0.0033890069156494763,0.096,0.056,0.0,0.13247374441093848,0.02,0
338e83ca-576f-4a32-af44-4f5482cf9785,7.100754818639885e-08,0.0013692684965958385,0.092,0.052,1.0,0.13247374441093848,0.06,0
d8550663-fd40-4302-bfdc-f4585d23cc3d,0.008432036234862838,0.0026773758279105444,0.068,0.016,0.0025778571363319204,0.29979726305119253,0.0,0
ab440741-3e03-46ca-9f75-0a0f6a651d22,2.967057528465517e-06,0.004015883209817875,0.132,0.048,6.356480694731159e-56,0.11805209060971962,0.08,0
ea3d877b-b8f3-4fd6-b460-4d2c6529a67a,0.0005337961654373514,0.01936967666872376,0.188,0.108,1.0,0.5762434889183949,0.2,0
5a39433d-473c-4f4a-8534-2113cd433e75,0.999999946753173,0.20385395982296828,0.336,0.16,1.0,0.7206591244466356,0.18,0
9f266bb1-4a7a-4e3c-abba-328d75de3fb8,0.3751820499384772,0.0062596893610211354,0.0074285714285714285,0.0,1.0,0.11220715166461197,0.06,0
ac80314c-37d9-4629-ba00-09605a52dcab,8.617807854443336e-07,0.028997816219528166,0.22,0.08,1.0,0.11220715166461197,0.14,0
c639c700-dee5-4926-a4e6-d6625ea07791,0.9637578494860798,0.5276119631293189,0.428,0.176,1.0,0.7682566483748448,0.2,1
974ed406-a3d7-48d0-af1a-61bb6a3014fc,1.15822358073548e-13,0.04590218372722801,0.136,0.06,0.0,0.6667952178943308,0.06,0
4ff6aed8-04f8-4cce-9c2b-4df9f9f79393,9.499172697223444e-13,0.007361607881506564,0.144,0.084,0.0,0.3473282442748092,0.08,0
dbbd75ad-f569-4b17-9e55-171b6ac97a81,0.005208095391326847,0.01149478708742947,0.14,0.08,1.0,0.29979726305119253,0.2,0
b64fb6ef-173d-4d3e-9cba-d60ab2c4857e,4.838858988634744e-08,0.0021970034693311186,0.148,0.084,2.314127445861389e-41,0.13247374441093848,0.12,0
22e0ce8a-f007-45a9-aaed-965b84ac69ca,0.001584534826361597,0.0123675196201345,0.236,0.128,1.0,0.7626737530662306,0.2,0
1e172832-9669-45a9-970e-428da4d0e1ab,3.36979142185327e-08,0.0008621452983808116,0.056,0.008,1.0,0.103249097472924,0.02,0
88c5d21f-5587-4cea-b2d2-fe78dc333415,3.1467715684414773e-06,0.0012194998885409214,0.088,0.048,1.0,0.5290697674418602,0.08,0
db4c2af4-5de9-4341-96d6-ff328e89ae26,3.127183843257234e-05,0.0026272439023667907,0.152,0.048,1.0,0.11805209060971962,0.08,0
6579a78d-eb3f-4693-a0da-3372d71006cd,0.02580095578252693,0.0038522609925988878,0.033666666666666664,0.0,1.0,0.5762434889183949,0.06,0
dbfd2b1f-8860-4a87-b09e-ce7bd55f7794,2.3380634975853022e-08,0.052578922164735656,0.16,0.068,0.0,0.8530038346825718,0.1,0
43591161-70ac-46ad-8f8d-aa7c03fecc14,0.0001142488281226785,0.004321382819250341,0.096,0.024,1.0,0.0,0.06,0
4a2fe4dc-aba8-46ef-be9d-6e77024bee75,0.0004744872859430304,0.01309648088296674,0.108,0.052,1.0,0.0,0.02,0
17516095-9525-44dd-92e1-931ddb559472,0.9868525353688131,0.009446118558789171,0.136,0.044,1.0,0.13247374441093848,0.04,0
5f00b762-6035-4b84-b853-006225aae179,0.0013725244616129497,0.02731605811679045,0.356,0.132,1.0,0.7620096959012786,0.24,0
19174476-ad25-416f-b03f-3b409edd5558,0.24958279651066093,0.04966456303200803,0.28,0.092,1.0,0.7682566483748448,0.14,0
8aae7afe-f53a-4262-8863-fb6461c5e769,1.1218405821194498e-05,0.009989461019196117,0.12603333333333336,0.05564,4.373003404752619e-54,0.29979726305119253,0.06,0
bdcd90c0-a897-49fd-8b8d-31bdc9112434,1.209799307240446e-06,0.0013911547341430221,0.144,0.104,1.0,0.103249097472924,0.14,0
4fa524ff-d11a-43af-aa2a-53e6852c6431,9.854771045448827e-05,0.0014092690611698995,0.036,0.024,0.0,0.11805209060971962,0.06,0
b0490662-ab40-4903-b0a9-34f23e12a03f,6.304590466186394e-05,0.0011260837272884185,0.136,0.06,1.0,0.13247374441093848,0.12,0
34640cdd-c589-43dc-8663-243e58bafe71,0.0006682551463741794,0.024012156615894592,0.164,0.052,1.0,0.13247374441093848,0.08,0
aaf02a12-4902-4cff-a76d-4ea22cc0f9c2,0.7725714973734101,0.01662200053328269,0.208,0.108,0.0,0.7682566483748448,0.1,0
124c700e-af5d-4ebc-a0b4-4e4f6d5f2c77,3.767196222602252e-06,0.001267351628861979,0.052,0.02,4.34422085130002e-203,0.5174654752233955,0.06,0
b34ccbcd-1364-496e-9584-ace8d0b0b1d1,0.0016196332681686733,0.005923004026270097,0.084,0.06,0.0,0.103249097472924,0.06,0
09ca346a-0232-493a-b25f-c950dfb0b34e,0.006491312726341918,0.019949145480378957,0.166,0.10328,1.0,0.5762434889183949,0.06,0
6d98ace2-7d57-4d67-9129-e526b4f240c0,0.001488817579539696,0.15451059709450704,0.36,0.136,1.0,0.7206591244466356,0.2,1
60a79a0f-54b7-4e0a-a97c-084bb8058816,0.9904074588213504,0.0935202870536151,0.316,0.192,1.0,0.13247374441093848,0.2,0
a4dfb605-9216-4553-9d9f-b6cb165a64b1,1.328451011252833e-07,0.0002914483248786826,0.128,0.044,1.0,0.0,0.04,0
6fff7b27-bf88-4ad1-8cad-62f616c41b77,0.014267645912789517,0.002735741316385322,0.24,0.148,1.0,0.3973799126637543,0.22,0
6ca0155f-54c4-4287-abed-fa762c7c0a7b,1.2841774745559618e-12,0.01178503900328302,0.14,0.064,5.779513503205281e-69,0.7620096959012786,0.1,0
a65f1726-21e6-4819-8a34-d64cd79e0c3e,0.891634045014422,0.11028141112929697,0.332,0.272,1.0,0.13247374441093848,0.3,0
a4d85742-8510-403d-a096-20ff11fe42db,0.741688978752713,0.11521929830569097,0.264,0.124,1.0,0.5762434889183949,0.12,0
9eee7602-0228-416c-9357-d9eab138de81,0.7897182864546762,0.0883566382268854,0.34,0.192,1.0,0.7682566483748448,0.18,0
a9d6b58b-5982-438e-9c76-dbe2253059e7,0.8773388923133042,0.09437002249256107,0.244,0.176,1.0,0.13247374441093848,0.16,0
a6b7d0ec-997c-4fea-83ca-9d03eb473c6f,1.0867807147322232e-08,0.02008326884168315,0.14,0.072,1.0440382055250592e-89,0.858490566037736,0.06,1
22ebfabb-9564-4acb-b970-8c24f5959962,0.02609144069139003,0.002284551933748696,0.084,0.036,3.0603474400187363e-96,0.11805209060971962,0.0,0
d67ddd55-d473-4dc1-bad6-77f8f3e667e1,0.8330269655335428,0.025143677564613495,0.284,0.16,1.0,0.5762434889183949,0.28,0
3b13d8bf-f803-4802-8252-9ee2a91c9816,1.5409180430430257e-06,0.005741338607470611,0.20755555555555555,0.136,0.0,0.29979726305119253,0.12,0
a55ac4a1-853c-49ea-8182-5d9cee7ae393,1.517604557131068e-10,0.018587188377756657,0.124,0.06,0.0,0.103249097472924,0.16,0
d08eb34c-3a8d-4e23-a337-252f0da4f71a,7.335904787231217e-06,0.000405011064167373,0.132,0.1,0.0,0.13247374441093848,0.08,0
7eba8a30-b9dc-4e98-a3db-90982a74183d,1.8483770256778721e-06,0.011493514597636473,0.116,0.048,1.0,0.11220715166461197,0.06,0
30022b25-f640-451e-a579-d92e475dde5a,9.325637052764175e-14,0.0007179775198588125,0.13542857142857145,0.06,0.0,0.11805209060971962,0.18,0
52422c41-3785-4028-8d65-9546c7a94dc0,0.011589345067498763,0.02007131688080125,0.188,0.092,1.0,0.3973799126637543,0.06,0
a93732f1-0b4c-4f1b-b903-87903610bab1,6.107367222129509e-06,0.002462902674778585,0.116,0.072,2.5011467651619977e-28,0.0,0.0,1
9a65347b-7f1e-4094-857f-83896c1d2382,3.7710339771118125e-05,0.00047986870053144226,0.06,0.02,1.0,0.13247374441093848,0.0,0
1d6cb593-15e8-4c6a-985b-a20e867fbe1b,0.0029891680733845436,0.003492971011485475,0.124,0.044,1.0,0.0,0.04,0
819d74a7-f7c4-4520-8f7f-7f277baaabfe,0.018068316914541936,0.035860100263939626,0.28,0.192,1.0,0.0,0.24,0
31ef3396-ab9c-4ad0-8825-28cb4912c500,0.0017939760071952807,0.21422407724797707,0.256,0.224,1.0,0.7620096959012786,0.3,0
614953c9-3287-4daf-9e30-c290979205a0,0.13631298506873435,0.3249476019092029,0.452,0.176,1.0,0.11220715166461197,0.3,1
7fd002ff-7c03-4ec2-abd5-72d4a968aedf,0.9784735302660186,0.14258175713604168,0.508,0.252,1.0,0.7682566483748448,0.22,0
2c78e121-e7b4-44ec-8fda-d68c674a10f9,0.43079817052025743,0.20628647025187477,0.632,0.344,1.0,0.7682566483748448,0.22,1
19d5ba7e-f08f-4639-8d25-1eb958d7d9fe,0.0683944852248376,0.002270433843516422,0.112,0.044,1.0,0.7620096959012786,0.1,0
70df2232-99ff-4c1b-97a6-4f0d33c25144,0.000335895653734211,0.0029432554515082016,0.104,0.04,1.0,0.7691281138790024,0.1,0
9ba2c680-0b59-448d-be38-ea8841cb4f16,6.677766867771726e-15,0.0004590665160645067,0.092,0.028,0.0,0.29979726305119253,0.04,0
c6c83df0-87c1-40cc-ada4-b1028a611fe8,0.9891445137291506,0.08803398654407604,0.316,0.184,3.9599233537550825e-200,0.7682566483748448,0.18,0
08c77ba0-4fdc-4d41-9c46-6decf771170a,0.9966700425315378,0.009333260569868185,0.172,0.1,1.0,0.5687499999999998,0.22,1
b2e95227-c1cc-4b2c-b9f4-2f24608dca9a,5.078828728911741e-05,0.005541763507151346,0.16,0.056,0.0,0.0,0.14,0
96b9c3e2-4508-473c-92fc-3123b0856acc,0.002279717390484783,0.0031769325414377244,0.184,0.108,1.0,0.0,0.14,0
5a7b64a2-b494-4f37-9ddf-3e56f23c6dfa,0.0024148002382169812,0.009242248476426166,0.196,0.096,1.0,0.7206591244466356,0.18,0
81bfe52e-b522-4dc5-a664-809942ce9571,2.059727240117837e-05,0.007371344292272336,0.096,0.032,0.0,0.13247374441093848,0.02,0
d5b26ec4-fbaa-4a8e-988e-c66cd50d5317,0.7941996955530661,0.01780944082573484,0.228,0.108,1.0,0.7682566483748448,0.16,0
9f7f8d81-91d6-4c1b-bbf0-9b0e92991633,0.7937568971164332,0.33509222533425626,0.34,0.212,1.0,0.0,0.26,1
1096a49c-8023-48e4-8629-36aba77b4b25,0.0005478601753262856,0.05543392026038381,0.288,0.116,1.0,0.7682566483748448,0.14,0
41689f51-878f-4dae-8ef3-09f3d6d15de4,0.2130087793230856,0.31961200241466825,0.444,0.196,1.0,0.7691281138790024,0.24,0
deb19efe-7c35-44c9-82b6-1f03f07723d0,0.000425101205327669,0.044860603997143915,0.16,0.072,1.0,0.5290697674418602,0.08,0
832a3737-98bb-4cc3-a192-fb35a681e812,0.9999995065993094,0.004844569267520466,0.068,0.048,1.0,0.11805209060971962,0.04,0
3e23ffdd-db19-4a7d-88d3-e13ea7aaca26,6.639190023737607e-10,0.0009262447482188606,0.164,0.08,0.0,0.29979726305119253,0.14,0
4c529d91-20f8-4014-b8c5-8156ebb503f1,0.9993378933248404,0.49238859401528556,0.396,0.164,1.0,0.7206591244466356,0.22,0
782b9052-44ae-41e3-94b8-82a21c877d40,0.00014858035011503174,0.003400230798534962,0.156,0.064,1.0,0.0,0.08,0
1bcc3f75-769c-4ba3-869e-76f7115b5aa7,3.922805033104009e-10,0.0024027894179104495,0.052,0.044,0.0,0.103249097472924,0.02,0
78ec83ea-7f37-4716-a750-4bf038fa8655,0.001180686561056168,0.0031724958109033796,0.09955555555555556,0.028,2.755780050549721e-120,0.103249097472924,0.0,0
7ed357b9-d0e2-43c5-878a-45df6d4bc2e6,5.486735621050518e-07,0.0023767929327099587,0.136,0.064,1.0147021272729358e-70,0.0,0.12,0
421151a6-8942-4b50-b91f-107275f56f5f,9.358601179819885e-05,0.0016349801367414104,0.184,0.096,1.0,0.29979726305119253,0.12,0
afbf54a3-a718-41fa-9ad8-499c2ad3b57a,0.0002338737777276254,0.0008639176001515481,0.168,0.068,0.0,0.13247374441093848,0.02,0
e6f23923-dea6-4818-a918-c4526a0917c1,0.0006156744282953783,0.0018836383062289434,0.12,0.028,1.0,0.13247374441093848,0.08,0
37eb5179-b293-4f41-8eb9-ba93ae046d6e,4.825349399858364e-05,0.0049630306669656244,0.072,0.028,0.0,0.0,0.04,0
15a9cea7-09ef-4c9c-9721-0847936c531f,1.1669271085081613e-05,0.08883387460072849,0.352,0.16,0.0,0.5290697674418602,0.14,0
5f33ae83-5e9a-4afe-a4de-5de7999ca10f,0.9824169701171898,0.005537112321958093,0.136,0.104,1.0,0.0,0.08,0
d59eabce-e35f-4acd-b209-2af95eee5d61,0.18336029104818607,0.02094767866430532,0.132,0.08,1.0,0.8251295336787562,0.06,0
b7426ba4-236a-4a96-bc10-659949f0cafd,0.9890004386896213,0.06282474083957443,0.276,0.152,1.0,0.11805209060971962,0.24,1
8bc31378-22af-435c-83f1-c29c7877ab76,0.0003609655603430816,0.14201958446985902,0.404,0.264,1.0,0.7626737530662306,0.24,0
8f1254f9-6c75-453b-920d-8953a682a6f4,0.010528137521864466,0.002515390223439707,0.122,0.052,1.0,0.11805209060971962,0.08,0
b7ce32ad-3a3b-4fca-bdd5-1030b12a3a3f,0.27058068834549487,0.0058361390679318465,0.192,0.104,1.0,0.0,0.06,0
f285b6ee-aac1-4704-ac13-ada32eff7ecd,0.055006766684585914,0.014918790737832198,0.12,0.08,1.0,0.13247374441093848,0.02,0
94265485-be47-4001-b642-5ab48483ac29,0.0034665114160783344,0.00132758175765759,0.076,0.04,1.0,0.13247374441093848,0.12,0
ec49a0a7-56fa-43dd-bc30-6f53941b61c6,0.009482963064005994,0.007037271555989816,0.14,0.068,1.0,0.0,0.14,0
70fb1b16-e11a-444d-bf79-4c60e092ed24,3.204687194840517e-05,0.0016801619857383437,0.084,0.076,0.0,0.29979726305119253,0.04,0
3f3297f9-c26d-43c0-96e1-71b476344f1e,5.753567748646846e-10,0.013391296762953779,0.1,0.06,0.0,0.7206591244466356,0.08,0
d6997e8b-0085-4eae-93cf-0f234dcf0a9a,0.22312905886971363,0.0022900633671424186,0.116,0.076,1.0,0.5762434889183949,0.1,0
a24255d1-9241-440a-b236-e85ac87e7101,0.7761188842966218,0.014337652659378041,0.188,0.048,1.0,0.0,0.06,1
793e4f9e-fc2e-4be7-b22e-511272e31bde,0.6309525863941459,0.15176120745144167,0.304,0.184,1.0,0.7691281138790024,0.2,1
c07a0056-d864-42d1-aaba-ac51b4771b4c,0.13382136935356356,0.0323668609389358,0.156,0.088,1.0,0.13247374441093848,0.12,0
643877d1-0f47-4bee-bebb-7301fb3a60b8,0.04250343569977533,0.011534733551025564,0.124,0.044,7.653935872292725e-66,0.11805209060971962,0.22,0
8a53b467-ac0d-49d6-a2ba-df50ed809364,0.0001340266862316537,0.007551099360867458,0.084,0.056,0.0,0.11220715166461197,0.08,0
75498d57-c691-4cbf-8af3-aa9f9b2d0022,0.00030336621054434667,0.020453659533931072,0.144,0.052,1.0,0.11220715166461197,0.12,0
2c4f1fc2-e81f-400a-9228-d11b3b7b5d7a,3.378914211543479e-07,0.0016854430567191621,0.076,0.048,4.3789855987865256e-18,0.11805209060971962,0.08,0
8f3962ec-a737-43f8-b8fe-8d53cb92ad04,0.10285167685845054,0.0871926292270802,0.292,0.184,1.0,0.7206591244466356,0.22,0
113e5cc5-bfd8-4beb-825c-7ab96f8c554d,1.7114646193165024e-13,0.00038451089137878715,0.08,0.032,0.0,0.103249097472924,0.04,0
c16f01d8-edd9-43a6-b76c-924fe7c12677,0.4244645474240979,0.0014153433355029315,0.116,0.036,0.9999999999984084,0.13247374441093848,0.04,0
9f5628d5-0e5f-4740-9543-dc612ef6c3df,0.010732220804422606,0.008509558078537335,0.156,0.052,0.0,0.11220715166461197,0.1,0
4840f97d-8d89-4553-8808-7cd877c86b47,0.9999170508896456,0.6358760364740803,0.416,0.3,1.0,0.8251295336787562,0.2,0
2648b85c-c181-4398-9a1d-617e8ed22f00,0.0006761463223456634,0.006863249313317473,0.164,0.08,1.0,0.7682566483748448,0.08,0
5ebe5a37-01fe-4314-9a08-a1f1d8286791,0.0008329479281063005,0.0005199347302434102,0.084,0.048,1.0,0.29979726305119253,0.06,0
7189e9ff-2e3e-4518-9c12-98c9e2caa002,2.60417619849269e-13,0.0024965603756085977,0.056,0.028,0.0,0.103249097472924,0.0,0
566c49d2-7e73-47ca-b3a9-6ee7d8ff58e7,1.8990591986363077e-05,0.05050745480974202,0.14,0.06,0.0,0.7682566483748448,0.08,0
ac0dcbf0-dd82-4ff0-8974-65e341339535,0.0005212618100161551,0.003734417124210164,0.12,0.072,1.0,0.0,0.02,0
c62e3798-0a9f-4a61-b005-d4b42fe396be,0.00036652372201133055,0.023840598112106308,0.284,0.156,1.0,0.5762434889183949,0.26,0
f841169e-7042-4c32-b945-f51e3d4c8931,6.401672914559421e-05,0.004504171872604407,0.1,0.072,1.0,0.13247374441093848,0.04,0
f052ac66-0b28-47fb-89c7-8925dc3091f2,0.9789325986787402,0.0022381815075060026,0.16,0.092,1.0,0.0,0.12,0
5bd4b22d-d60f-4e29-b407-5561a6e9bf9b,0.07760934604564808,0.020807904417160558,0.06,0.024,1.0,0.13247374441093848,0.14,0
fdaca9bc-7bed-4724-b325-e8fdaa887218,0.9992527672086509,0.0928497542703969,0.1702857142857143,0.12,1.0,0.8251295336787562,0.14,0
3d33edf0-1657-452f-bb5d-519ae9567f33,0.01588716900559479,0.00869147995187851,0.112,0.06,1.0,0.0,0.08,0
4546a77b-9778-4634-b1e8-479393f78cf9,1.3609375669802906e-05,0.007551911644417565,0.172,0.096,3.8531906989984777e-19,0.103249097472924,0.08,0
42081502-3ad7-4052-87dc-195561c786aa,0.9431458565491759,0.017264074319910717,0.112,0.088,1.0,0.5174654752233955,0.12,0
d1130a9e-1324-4b3a-9714-03e692096ed2,0.24336146362726876,0.17481801175094713,0.372,0.168,1.0,0.5762434889183949,0.14,0
d00ffca5-da6e-4165-86c3-3db474219b29,0.07811502472449164,0.4000206228143099,0.36,0.2,1.0,0.7691281138790024,0.2,0
06eaae58-f56c-4fc0-9d35-d9ff18dbff7e,6.694900605111387e-09,0.007997301428766389,0.1,0.036,0.0,0.29979726305119253,0.14,0
623c3cfc-417c-4ad7-aa6c-e6c8def9c239,0.003923274304211753,0.004464083931685869,0.07257142857142858,0.02616949152542373,1.0,0.0,0.04,0
9905ba39-8d5f-4adc-8ef2-d0b5352d448a,0.9635305306968256,0.028346112284744922,0.428,0.212,1.0,0.7691281138790024,0.28,1
ed00e452-4a35-4f21-8999-9309ab966f22,0.008388326422530276,0.008140870868112859,0.16,0.048,7.766579528960675e-83,0.0,0.16,0
2bcd3393-cdf4-46de-8f37-6c1ef197a04a,0.00013251065870102302,0.001449470881824509,0.104,0.048,1.0,0.11805209060971962,0.1,0
f673bb7d-7f0d-425c-8276-5d3ce46b1bec,7.117609243704516e-06,0.0008327622626389987,0.15155555555555555,0.068,1.0,0.103249097472924,0.14,0
5806c2dc-6d2f-46e5-9723-afc413f5d801,0.8421854520606928,0.001125149820746482,0.072,0.048,1.0,0.11805209060971962,0.12,0
53156151-9723-408f-bdc9-4105ca9d0eb4,8.016113181633512e-08,0.0017192408816459224,0.22,0.136,0.0,0.7626737530662306,0.12,0
d7b3c850-216e-4376-bf89-96c566b015c6,0.8121785130501558,0.019731835867898586,0.168,0.116,3.906565822089313e-127,0.7682566483748448,0.18,0
3dd365ba-48bb-4494-b8d9-8f40257b3ded,2.616748198576385e-10,0.0799625966827754,0.224,0.1,0.0,0.7682566483748448,0.12,0
16eb0064-415b-4a01-b902-860f1b6d8515,2.7130051781510404e-06,0.02066367924849858,0.18,0.088,1.0,0.11805209060971962,0.18,0
be9ce060-4313-4773-951e-a9944e93def8,0.0073564725635030795,0.010665358926720887,0.164,0.092,1.0,0.7206591244466356,0.12,0
1beb5e93-65f3-4e2c-831f-50f89bf5055b,0.0004658256317620345,0.013796488375744346,0.156,0.068,0.0,0.7206591244466356,0.08,0
807951c5-31a5-4ebf-9aa4-7d8fd13227aa,4.65810617466105e-06,0.009268120265001442,0.172,0.104,1.8244070180177353e-272,0.6667952178943308,0.14,0
f7c4e3a2-8885-42d1-add0-8e6ab8146cb3,0.0007719453792656628,0.003452064274489681,0.104,0.04,0.0,0.6447368421052646,0.02,0
e8d5888f-2a64-4e33-95ab-50c848610044,0.048416769529118366,0.09684977452481511,0.224,0.1,1.0,0.5762434889183949,0.14,0
25500a66-ccad-496f-aeb5-b4d00af74c11,0.0001696150342591291,0.03668696240591792,0.168,0.108,0.0,0.0,0.06,0
071a34c3-fb15-4067-9244-f6868da8c100,0.005753657333170312,0.004794466928346019,0.132,0.044,1.0,0.13247374441093848,0.1,0
a6dab4f2-d38b-48be-b149-a1cd8692d487,0.00019131729872798344,0.009671377516788234,0.156,0.02,1.0,0.5290697674418602,0.08,0
d3530b60-e242-447b-b1a0-1c3c43e71bd1,1.8602996422775283e-08,0.001035934747290114,0.108,0.072,1.0,0.34732824427480924,0.1,0
0a947d25-9f1a-4061-972b-3e9f68368128,0.00018952411369521733,0.0017602332398070424,0.116,0.06,0.0,0.11805209060971962,0.04,0
5e787165-7761-436b-9959-2260d69c878d,0.008092131486010413,0.004461765208246626,0.1,0.08,0.0,0.11805209060971962,0.06,0
d6fa8996-4dca-4e5d-b0a0-ce0879b92e9e,6.1503081454994416e-06,0.0388000632836855,0.204,0.072,1.0,0.7878787878787872,0.1,0
8d28b5f9-4939-469d-9a6d-de3571875f34,2.336052161423056e-06,0.001991162168141773,0.224,0.064,1.0,0.7620096959012786,0.18,1
32edc003-eba8-4df7-9220-5063ab3d1439,4.053505280349337e-05,0.18561859041553824,0.088,0.06,2.5218071590158246e-57,0.13247374441093848,0.02,0
3371ec36-e0ef-494c-98ec-cde9f5869642,0.008951456515523586,0.006624504595606761,0.128,0.032,1.0,0.11220715166461197,0.06,0
caacbd69-d64d-47f2-89aa-c65c99053a1d,0.00021627653868684714,0.0007236659360698918,0.02,0.02,4.6084018089728826e-23,0.13247374441093848,0.0,0
21a5e6d3-b737-4fc0-8f56-697f814350bd,2.256755386519155e-06,0.11172566885317847,0.211,0.136,1.0,0.7682566483748448,0.22,0
ed38df72-c0a1-4d4f-ad20-ba82300c4b45,0.9835763311089599,0.41337170418245334,0.328,0.2,1.0,0.5762434889183949,0.28,1
d5c639cb-6fe0-423e-9cb3-8331c19b5748,0.1505644004060918,0.006125793826624024,0.048,0.036,1.0,0.103249097472924,0.0,0
6cba59ba-1c0e-4635-b742-2948436e1c75,0.892565530129894,0.00471956855363374,0.136,0.052,1.0,0.6667952178943308,0.06,0
20e9ab2e-ac09-4268-b786-9b8da28c3287,2.330082391722875e-05,0.026603713271912174,0.184,0.072,1.0,0.0,0.12,0
661527c5-0b49-4b9e-92f3-58a6fd0b5e76,0.0002701628305161076,0.00977149310709214,0.092,0.04,0.0,0.103249097472924,0.08,0
3d3f15b0-a095-428d-855f-7b0e497c24ad,0.02252753586127055,0.016902908244166546,0.1472,0.104,7.208134629913173e-47,0.103249097472924,0.26,0
db90d634-550d-4a63-9b94-d6298723cbd5,0.00036342492352165373,0.01927848868656294,0.124,0.056,0.0,0.0,0.1,0
e664d528-233c-4cb7-ad6a-b23f8fc69b5c,0.00045914356993788776,0.0032632195091977386,0.128,0.064,1.0,0.0,0.08,0
e889085e-71f4-44bd-8bd1-52d9fe81796b,6.659990390545151e-10,0.0007378987250178451,0.056,0.044,0.0,0.6408450704225351,0.1,0
bee8aaf0-a040-46a3-b2a8-b6565b834af3,3.579636545141908e-06,0.0039674828330285,0.088,0.052,1.0,0.5762434889183949,0.06,0
9368c997-78e3-4c45-86c1-ea0775f97417,0.004388576296963164,0.1759016390408243,0.244,0.132,1.0,0.11220715166461197,0.14,0
e51a25ac-c3cb-46b0-8515-eb2f221e24de,3.7765169616545757e-07,0.0013464373454016574,0.184,0.068,0.0,0.0,0.14,0
022d8177-b699-41c7-b878-028426ef7305,0.9975129141100554,0.9273260420189247,0.472,0.292,1.0,0.7206591244466356,0.24,0
9086567a-e828-43b4-aae4-b1125e6da639,0.012734666230378855,0.0034359652075287126,0.1,0.048,1.0,0.11220715166461197,0.12,0
a60fb915-bc94-4959-a1ac-a9be35f6b7b4,0.22833168396953576,0.008577278449915366,0.216,0.128,1.0,0.0,0.26,0
6519a8bd-ffc0-486c-a652-a144914d1b07,3.8324786159272726e-08,0.007953708322645556,0.112,0.044,4.002933703450396e-93,0.103249097472924,0.0,0
1322b7db-4ad2-438e-b5fd-0753162aaca1,0.16323988767971834,0.04176855648009141,0.216,0.12,1.0,0.6603773584905661,0.14,0
c56a9100-14c0-47a1-baef-4211bbb1bca8,2.4675064795155784e-12,0.0034209964417456257,0.192,0.056,0.0,0.29979726305119253,0.06,0
d59049fc-5b97-4389-bd6c-0130f3a69781,1.2580821200352114e-06,0.05960608887087101,0.236,0.076,1.0,0.7682566483748448,0.12,0
42b6e0a0-c4da-4639-a583-23e3576b17f8,0.007469841861149338,0.049994353955977885,0.32,0.196,1.0,0.7206591244466356,0.18,0
85b16583-e1d1-4349-a7ac-04bcc995f982,0.9999998045053011,0.690684110905763,0.624,0.284,1.0,0.8530038346825718,0.2,1
fdfc7465-5651-4e06-8df4-03fd770d077d,4.728643494396544e-05,0.08739203749448606,0.396,0.208,1.0,0.7206591244466356,0.22,0
01dadc78-b279-48ee-8e2e-af789846cf3d,0.0010536379849645674,0.003887940154445677,0.064,0.024,2.932418551927771e-85,0.3973799126637543,0.02,1
ff624cb0-1420-4b2b-a03f-f2eca70585ae,0.07849112572532793,0.10799663446993218,0.188,0.108,0.017886529935537653,0.3973799126637543,0.16,0
53d78da9-6449-47f0-9186-0710449d024f,0.1185886125372506,0.06931035880710085,0.236,0.14,1.0,0.0,0.12,0
2e8bb0a2-61f0-4cd2-b639-853b667db5bb,1.2131877056308966e-10,0.0015870177348347371,0.176,0.096,0.0,0.08708133971291877,0.14,0
c88bcb19-ecc5-47c4-8c8d-ad491fc558dd,0.76494050260048,0.003997509181448526,0.096,0.096,1.4252424946369973e-06,0.7878787878787872,0.1,0
d1697b95-92c4-4a7d-acd6-b2f2b9be4429,0.00011200056024364474,0.00771175350497963,0.232,0.128,0.0,0.3973799126637543,0.06,0
fc888c05-4251-4ed6-982e-9d616094c999,0.2056750834896128,0.03069533068770435,0.204,0.104,1.0,0.11805209060971962,0.16,0
11ea942d-be5b-4e5f-be60-ef3f09c032d9,2.2623102590212685e-06,0.00208371567873015,0.12,0.028,1.0,0.11805209060971962,0.04,0
1b7e53f8-a9f0-44a7-9221-24d90dfd361c,0.054745110503496,0.4765309512870478,0.356,0.172,1.0,0.7682566483748448,0.16,0
ac055de7-8688-4305-ade7-ab85ba2a9fd6,1.8090916520515007e-08,0.00703806547366667,0.164,0.08,7.743392962647347e-98,0.103249097472924,0.16,0
1b434da7-8f06-4f9a-8e6a-4cf3d0a06464,0.003700015811604627,0.009532513542983463,0.088,0.044,1.0,0.13247374441093848,0.06,0
d15cdb0a-c434-4e47-8183-ec19519e8ab1,4.068519500578635e-15,0.0013263524175689291,0.06,0.016,0.0,0.13247374441093848,0.04,0
c372f2e3-4b9a-4ca8-b43a-20f146fc4972,6.324217636940612e-07,0.021740581943233816,0.092,0.028,0.0,0.11805209060971962,0.02,0
2b9a476a-cb1c-4682-8921-d0e3f51f3c9f,0.39568563010048274,0.44683498064156185,0.248,0.18,1.0,0.7206591244466356,0.22,0
042bf318-f793-4446-9504-1d37bea88928,0.7710517543032619,0.010447835882808783,0.316,0.136,1.0,0.7238636363636366,0.24,0
d05ca45e-dcd8-44f9-879d-a925ff18dcb2,9.863548668594887e-05,0.004513001497463295,0.128,0.024,1.0,0.8251295336787562,0.1,0
a9c9afc2-5a77-4074-a715-a70246226004,0.00013945451790599737,0.003403963911252473,0.1,0.056,1.0,0.5762434889183949,0.06,0
fc144e79-fb8f-4036-bc95-088478515d90,4.363857685633989e-05,0.05666247982024743,0.216,0.152,0.0,0.7206591244466356,0.08,0
67a3be15-0beb-4eaa-a8d3-1ffa18bd4fb4,0.701062264068601,0.19456374542130447,0.372,0.212,1.0,0.11220715166461197,0.22,0
e38c7ed1-5baa-4cbb-823c-13b0e658c792,2.5024228402849267e-15,0.05904634529930154,0.204,0.124,0.0,0.29979726305119253,0.06,0
a1d7fc80-770f-4fdc-a23c-a991ff6467bf,0.0879923543630403,0.14540638262665606,0.464,0.28,1.0,0.6603773584905661,0.28,0
470df330-b69c-419e-bc9f-29dcf92d7943,1.0066916305362281e-08,0.005862488623456572,0.228,0.08,0.99999933141623,0.13247374441093848,0.14,0
e2bcee84-0bba-42e0-b251-081848a23397,1.7995957666099597e-17,0.0009389548905199254,0.108,0.048,0.0,0.13247374441093848,0.06,0
4c765c53-0fff-4995-b837-d714429d5856,0.9919861770162255,0.039989859867503745,0.192,0.112,1.0,0.13247374441093848,0.06,0
96566364-0103-404e-84ee-e16818c26971,0.01858050169100412,0.029960813199606542,0.22,0.08,1.0,0.6447368421052646,0.14,0
7ad8e1e9-946c-4828-a217-eb4680c4cff8,0.00011145157252357942,0.002049968576844616,0.124,0.06,1.0,0.11805209060971962,0.22,0
3265bd71-dff5-4557-b30f-0d9977488fec,4.5416190539049525e-06,0.003768069177876012,0.044,0.036,1.0,0.103249097472924,0.02,0
77da4981-1e64-46d8-a323-714c19f42b30,0.5002869776282991,0.17292984862076627,0.38,0.172,1.0,0.8530038346825718,0.14,1
c8ae7290-ffcc-4a69-a02e-1acb91cb1fe0,1.0514419860976466e-06,0.23644454834127157,0.328,0.14,0.7956689887111881,0.3973799126637543,0.14,0
ca743a87-9570-4519-b82e-07b2a859fc78,0.0217238958211984,0.007355423515583929,0.17885714285714285,0.048,1.0,0.6447368421052646,0.06,0
2767d4a5-25e3-47e7-b912-fbc67370ed41,0.0007723255392310814,0.012571896843613203,0.12,0.064,1.0,0.13247374441093848,0.04,0
b5f4bf5e-6de4-4ed8-bad2-9973da3ce04a,8.703012715498014e-10,0.023768937998212777,0.164,0.072,2.60372540878031e-150,0.858490566037736,0.1,0
01e52e2d-f303-46eb-b469-f76a4f272a4d,0.664864978309236,0.003086267599602653,0.14,0.052,1.0,0.11805209060971962,0.06,0
cf1f4ef7-1fc0-43d0-a89c-f23434c24c4f,0.9998171724585492,0.025229067415139597,0.236,0.1,1.0,0.08708133971291877,0.14,0
288636f1-88b3-474c-adb5-21c922589e86,1.5617869030584572e-06,0.02587555258037506,0.16,0.036,8.35660464913347e-88,0.103249097472924,0.04,0
aa0829cc-949b-41f0-a9b5-96536b9300f2,0.05362599086027934,0.03702764535959767,0.18,0.144,1.0,0.0,0.12,0
a17d33d6-2e27-445a-b456-f0d42abeaa9e,2.4496159049564665e-06,0.0024807415679284146,0.096,0.068,1.0,0.0,0.06,0
f0611852-22d2-417b-a32d-81b67426eadf,0.007764792016322371,0.009043549034762437,0.08,0.036,0.0,0.11805209060971962,0.1,0
ada1ce17-39a3-493d-921b-33bd1c2471f3,0.7069383295445748,0.010440433497605423,0.0865,0.028,1.0,0.11805209060971962,0.04,0
67d45a32-d5a9-4b07-81f5-e658857fe791,0.992724891505694,0.013339130556617862,0.12,0.06,1.0,0.5762434889183949,0.04,1
14d1fe0a-8af5-4e0f-bbfd-214bbbb249bc,0.6516630267236718,0.004421914879479385,0.132,0.076,1.0,0.13247374441093848,0.06,0
a6a90825-2b01-424d-93eb-d380d9974bc0,6.614271571713287e-11,0.0013014474727455856,0.16,0.088,0.0,0.08708133971291877,0.08,0
ad888817-1084-4dcf-b147-b323e76c5e65,0.054710832248953054,0.0059403602479381,0.128,0.044,1.0,0.3973799126637543,0.04,0
e259c481-107e-4d35-bb02-423546acbfa2,0.002401645139860937,0.002002027016323459,0.12,0.08,1.0,0.08708133971291877,0.08,0
4ac7398b-163d-4cf5-ac97-5c582425c254,1.803448091787564e-08,0.004948758055380794,0.128,0.052,0.0,0.103249097472924,0.02,0
8c144315-5c06-4673-a48a-55f710491d72,4.170534346917984e-06,0.08806486362018526,0.184,0.088,1.0,0.7682566483748448,0.24,0
ef69ba0c-dc79-4e9e-b408-9b53c3f1ce41,1.69104180332737e-08,0.0018251711936253857,0.144,0.048,1.0,0.0,0.1,0
f5e6a94d-5386-40ed-afd3-cf0bd397365a,0.00036527165343877083,0.0932090582426,0.3,0.156,0.0,0.103249097472924,0.28,0
52c7148c-999d-48a3-bccc-31d7ebc964a4,0.9981516269019911,0.5391557394730191,0.26,0.14,1.0,0.5762434889183949,0.18,0
6662fe73-3ef2-4f1e-8650-cb04bb350ded,0.5917246780090779,0.07016727732836649,0.212,0.108,1.0,0.7626737530662306,0.18,0
f09e3773-a351-441d-8767-0068ddac4b51,0.6179573637299312,0.012837119323271829,0.132,0.064,1.0,0.5762434889183949,0.1,0
52e7f05d-568a-4a10-9d40-d0d3125852b7,0.005415678533063006,0.01913552439497191,0.16,0.128,1.0,0.6447368421052646,0.14,0
686c3d98-0fa3-401f-a30a-a34191e8de16,0.005545147839003318,0.02401689055121168,0.18,0.096,9.64323247529439e-57,0.13247374441093848,0.08,0
efda30ca-9646-4532-82fb-a38cbb9e1535,0.00857171355603095,0.003290112187367805,0.088,0.044,1.0797511606234173e-11,0.11220715166461197,0.06,0
7db9ff12-4af4-4a88-b32f-1f28b954632c,0.0001356211600965481,0.006186805435554152,0.092,0.024,0.0,0.11805209060971962,0.06,0
f6be2e15-08b7-49fb-b7d2-a809983affc6,0.14881647934359918,0.004944311356991727,0.208,0.05908474576271186,1.0,0.11220715166461197,0.12,0
8af50deb-aa1e-4255-be76-f21ba7b305b1,4.103667497181254e-08,0.0032208304287823807,0.084,0.016,0.0,0.11805209060971962,0.04,0
b81adec6-d66f-4f00-a1d4-f064ffa05b56,0.15883097513995245,0.10233374331466152,0.256,0.156,1.0,0.7206591244466356,0.14,1
77c44589-0193-41ed-b7c0-bff294fc148c,9.142685580859718e-08,0.08329756301334332,0.252,0.136,1.0,0.13247374441093848,0.16,0
3b607c20-8f91-4505-a1d8-f797e187d9e0,0.00028799256173728716,0.0052397942126918215,0.072,0.03908474576271186,0.0,0.11805209060971962,0.02,0
a1bc2a62-7f41-41f9-8030-a6c62bdad7a7,1.1442383353353373e-05,0.0029507844269396565,0.052,0.024,0.0,0.13247374441093848,0.0,0
0d873a64-8432-4295-8f72-474dadb1d492,0.394678506688001,0.07086382877847971,0.268,0.152,1.0,0.5762434889183949,0.12,0
8fd77032-00df-4d6c-9433-2be079cb3647,0.07901878221069505,0.00426478005159477,0.108,0.04,1.0,0.13247374441093848,0.04,0
3bdea4ed-d1d8-42db-9742-ad1eef621b96,1.0236835799483881e-05,0.008770260175930944,0.212,0.12,0.0,0.11220715166461197,0.08,0
b34500bf-67de-4046-b29c-2a19fc851f78,0.0002568599695718333,0.0112138529263948,0.208,0.12,0.0,0.7682566483748448,0.16,1
c7f9bd17-615e-43fa-9894-be19aa78db9a,6.474452515384023e-07,0.017206084746924474,0.164,0.084,0.9999915589908557,0.13247374441093848,0.18,0
bd266419-28bf-412e-aef0-3475ef0a594b,0.0017426687033652408,0.01411335139245726,0.052,0.036,0.0,0.7620096959012786,0.02,0
a841eb01-5e8c-4578-86e6-d87e64e036ff,2.6025732956896085e-07,0.009923851693008056,0.188,0.056,1.4083467156342836e-31,0.0,0.08,0
04100948-595d-4f37-9254-5defcb8d30bb,0.6285515183294481,0.006899807237608521,0.124,0.068,1.0,0.6667952178943308,0.26,0
27096831-ab6a-413b-b9fa-f361a7ca242b,0.002989825259716158,0.008954327656987192,0.2,0.096,1.0,0.7663157894736834,0.14,0
9883e597-71d2-4e56-bdba-8afce4cba764,1.533695965770507e-05,0.020215412246345172,0.28,0.156,1.0,0.103249097472924,0.24,0
12d2ea29-65b8-41df-ad0d-6c2783d29b9c,0.2159189462312175,0.0013204900935679916,0.124,0.04,0.0,0.13247374441093848,0.08,0
f950c0cd-fe6a-40d9-9bde-a318f2d9cca8,0.0024207972474193117,0.00755416023835249,0.252,0.092,1.0,0.7691281138790024,0.32,0
f091188c-40b1-4e0c-af4f-690103c12779,0.00016600210902291152,0.0222522112081998,0.188,0.072,1.0,0.11805209060971962,0.08,0
3f6ce220-b7c8-4a6f-9518-d06aec6e70ae,2.0025034108293467e-06,0.034034875581816296,0.168,0.044,1.0,0.11805209060971962,0.08,0
dbe3610b-0d3d-4723-991b-cd78ff94fe63,7.934226163961319e-05,0.002822096446979007,0.06,0.02,1.0,0.103249097472924,0.0,0
1b7079d5-e2cc-42e1-a9f8-6adb3ab6c9ed,0.01687189689330227,0.14161560466615963,0.292,0.136,1.0,0.7206591244466356,0.18,0
94360745-64a2-4b06-8562-3926fc5c22cd,0.053086080860501435,0.0716518086792511,0.272,0.1,1.0,0.3973799126637543,0.12,1
535a6825-92be-40bb-a351-6c36f0cd4bec,0.04712011670537651,0.010650869129412857,0.1606995670995671,0.12067796610169489,1.0,0.11805209060971962,0.06,0
65dc212d-bc0f-4e77-ba6c-630ebab1ddee,0.9427382860897644,0.15707457924663237,0.248,0.152,1.0,0.7206591244466356,0.08,0
0420febf-10e9-4a45-b706-e6a7d5eb1135,0.9345272537478151,0.33819315231758057,0.268,0.132,8.722062407029613e-48,0.7682566483748448,0.1,0
44d1f034-fa4d-428e-ac39-e159db807fe5,0.07649388574888716,0.02130041345835792,0.16,0.112,1.0,0.7520661157024795,0.08,0
531b55e5-bdbd-45c8-986e-4a7edd99542b,1.1466366594079325e-09,0.011240758399894043,0.244,0.096,5.012500950198365e-102,0.11805209060971962,0.16,0
27877948-5330-4e7c-94cf-89aef9ac0a0d,0.002107961943622249,0.007248235480616555,0.196,0.12,1.0,0.7206591244466356,0.14,0
56328616-0183-4d0e-aa21-39e72a9ca76a,0.9383689223571092,0.006012310688222212,0.172,0.092,1.0,0.29979726305119253,0.14,0
d552ff00-63aa-4e5d-9661-acfde4ec02d5,0.9501562002880121,0.012705862834528115,0.104,0.064,1.0,0.11805209060971962,0.14,0
eadc775f-a7cd-4629-9ed7-f7eafa7383f1,0.008596378006550987,0.011958968865373738,0.316,0.148,1.0,0.6408450704225351,0.14,0
9b86bf65-d65b-4360-a8ad-08528971cd13,0.4752076654294947,0.00772418283124955,0.212,0.152,1.0,0.3973799126637543,0.14,1
9ecb3c36-c1a4-4008-b3a9-67a0e38a2cf8,8.554092945111355e-15,0.005452127508243912,0.072,0.028,0.0,0.13247374441093848,0.02,0
bc171633-5d87-4eac-a82b-40790f83b879,0.04083447063829476,0.47745085140584664,0.324,0.188,1.0,0.6447368421052646,0.14,1
4c9f8e80-e583-4371-918b-37e3c6d2a614,0.0010811098078374992,0.003357628643200447,0.092,0.044,1.0,0.0,0.06,0
c41730a8-c708-4017-b606-9b1fd6639966,0.9817933051885008,0.0031946275881191296,0.14,0.124,1.0,0.5687499999999998,0.12,0
4f5620d4-9db8-4cfc-a1f5-2fd917472865,0.041538987556549216,0.010064895950864286,0.14,0.092,1.0,0.0,0.02,1
b1e72171-444d-4b35-9c9d-8ebb42ee2a07,0.15989062393989437,0.010301475253158726,0.22,0.156,1.0,0.0,0.22,1
5b3a7ff0-fb15-4e0a-b630-2339f0da7433,0.6881050870676069,0.0015212038625745203,0.104,0.024,1.0,0.13247374441093848,0.02,0
5f0f1140-f598-45e4-b022-2d0efd13814c,1.5045935778318368e-06,0.0018585117469013715,0.076,0.028,1.0,0.103249097472924,0.14,0
1fb77e5f-bbc0-49d7-afe0-722b61e79632,0.003110605766988663,0.08787326979624568,0.208,0.1,0.0,0.11805209060971962,0.08,0
8929322b-7b83-465c-932c-705cd95062d1,0.9992515593867983,0.63882451122814,0.412,0.28,1.0,0.7206591244466356,0.2,1
02341199-c480-4383-b3c6-97a5409a3309,0.028770043006181443,0.2278086330255433,0.352,0.24,2.0450077451430627e-187,0.103249097472924,0.24,0
027caba0-41db-432d-8d47-0b0e6574b125,0.6873384323726455,0.009777732735064373,0.188,0.12,1.0,0.5762434889183949,0.16,0
61029846-161d-42f9-b8c7-f18b2ec19920,2.8054761421076274e-07,0.001647256600624397,0.008,0.0,1.0,0.13247374441093848,0.04,0
c2e4e75a-f82d-4a62-bc76-fa8a043f58d3,0.00257722108815941,0.012461293935102756,0.172,0.1,1.0,0.7206591244466356,0.14,0
e7d317fc-7ffc-4364-b809-661f6f930733,0.03258792516161051,0.0044869430644682426,0.064,0.064,1.0,0.5174654752233955,0.14,0
f2df5903-1356-4834-a4ee-056ea30c7c6b,0.984990302452361,0.08318507710843406,0.172,0.124,1.0,0.3973799126637543,0.18,0
5fc4862a-b102-4347-81fa-28060d9a9e20,0.032622204272365736,0.01814128528541739,0.176,0.104,1.0,0.13247374441093848,0.06,0
3b03152c-d80d-4ffe-ae83-509efbec81da,0.9823466420606547,0.01837046829726626,0.244,0.108,1.0,0.0,0.16,0
936fb988-22c3-44f1-bbe2-774905202b5c,0.9998142701147266,0.026579947996862367,0.124,0.048,1.0,0.11805209060971962,0.08,0
1e8d8d05-814a-4eb2-9c61-f0a7cbc6919c,0.5093420839878534,0.033709669163914054,0.192,0.084,1.0,0.7206591244466356,0.1,0
5da724e6-265a-4861-a002-73e11b99816c,0.05445618577349581,0.015759567890354403,0.2,0.064,1.0,0.0,0.2,0
012482cb-26c0-4617-825e-c59d59323890,0.8589883610979131,0.26253492497092,0.332,0.16,1.0,0.0,0.18,1
cf13ef0b-f1ef-46c9-9f9c-bc6ac141bea1,0.8838508599538307,0.0015328262011814256,0.14,0.104,1.0,0.13247374441093848,0.1,0
ccc36d82-0e24-4839-b991-1a1666415852,0.6355339403961656,0.6202682694929279,0.556,0.368,1.0,0.7691281138790024,0.34,0
38fcd385-4a1f-4854-b1ad-90f6143cf363,0.0019473720927067905,0.20189538033348778,0.32,0.192,1.0,0.7682566483748448,0.24,0
20238401-9cff-466a-a7d7-ab7f82351b00,0.8539813097641515,0.1328801787761496,0.284,0.144,1.0,0.7206591244466356,0.22,0
2a25e72d-d2aa-466d-84dc-59a50a05ef5f,9.648144571697048e-06,0.04713980918553831,0.212,0.124,0.0,0.3973799126637543,0.2,0
892c163e-acea-4f26-a206-2d6447073427,2.775911115906796e-06,0.0021747679111052496,0.12,0.056,1.0,0.0,0.16,0
bd7598f9-9151-415f-8808-4f4e77e23dde,0.05973449576046725,0.12847447629732017,0.236,0.128,1.0,0.6447368421052646,0.16,1
80882104-badd-4275-a6d5-24ce5d00ccd6,0.03097920101576524,0.007650423692842035,0.084,0.036,1.0,0.103249097472924,0.02,1
53239447-1384-4cc7-9daa-26be57e7f2e5,0.007340564857257289,0.006448477149554652,0.112,0.036,1.0,0.29979726305119253,0.02,0
f8462849-6fbf-45f6-97a3-e7c5934ea5c6,0.004815326274905503,0.014413909268700387,0.168,0.044,1.0462699230818852e-30,0.0,0.06,0
77bfcb1d-9151-4699-aa65-c411713a187a,5.612437650974221e-07,0.01507012851958987,0.212,0.104,1.0,0.7682566483748448,0.16,0
47d2844e-a012-40f6-9ac0-57416cd66b2e,0.2719652433476511,0.001066478973567367,0.084,0.028,1.0,0.3473282442748092,0.06,0
df647671-9b4d-486e-89c1-49d5d76a23b9,0.008137913672701601,0.00460905141309034,0.192,0.084,1.0,0.103249097472924,0.14,0
7cfcda4a-ddd7-4a29-9945-5322f53d6a98,7.435849862959789e-09,0.000434520168183901,0.068,0.04,3.442758020959328e-254,0.11805209060971962,0.0,0
b581b1e9-81c1-4c3c-82b5-b5bc7effd90c,1.1199143073042762e-06,0.014737362449806892,0.176,0.072,1.0,0.34732824427480924,0.14,0
b4b14a9d-ab03-45ed-83d7-72ec7580f31f,0.00016511858252093827,0.13687785443327605,0.244,0.144,4.92930967955451e-35,0.7206591244466356,0.16,0
8d60e197-ac0c-402b-930b-c0662f630fe7,1.1728598640043636e-05,0.0006735494967182742,0.156,0.084,1.0,0.5762434889183949,0.2,0
cc6f4cf8-d82e-44fd-8b21-06e8b6b3173b,6.936647904785154e-08,0.0029329401018565217,0.1,0.092,0.9999999771503101,0.103249097472924,0.06,0
f78c0d8c-1c38-40ad-a750-42801eec5e92,1.1055075198720504e-09,0.014051714186954901,0.156,0.04,0.0,0.103249097472924,0.04,0
04b59e25-2450-4358-8435-8f9351ea15e8,0.000886291090139778,0.021740811624328144,0.2150238095238095,0.13563999999999998,1.0,0.5762434889183949,0.2,0
49857d84-fe7c-48c7-93db-108819ccba3f,0.0486339110711087,0.0008002429165541052,0.076,0.056,1.2316788341479126e-143,0.11805209060971962,0.04,0
cbbd1604-4cd7-484d-9075-e1f23d424754,5.699800240336995e-06,0.0033005109551555644,0.088,0.052,1.0,0.0,0.06,0
95a0ea41-a508-478e-9340-2852aba583a4,1.1390027494713954e-11,0.021812963822133567,0.168,0.084,0.0,0.13247374441093848,0.12,0
5cf8f29c-2ff1-496b-875c-911a956bcc13,0.970625288906592,0.1236369029671696,0.528,0.276,1.0,0.7682566483748448,0.2,1
307898bc-4e0e-4ad3-aa15-a47fa839a300,1.4868772760683132e-10,0.0007538409259028315,0.072,0.052,0.0,0.13247374441093848,0.02,0
9af0b396-28bd-4fa1-b4f1-d78606b22d4a,1.5463102612757657e-06,0.011721900764746995,0.128,0.028,0.0,0.37295081967213084,0.04,0
7c2b6898-8670-44f6-8b3c-156e7d737d71,1.1430493603772886e-06,0.001824479374235159,0.088,0.044,1.943023436947887e-82,0.103249097472924,0.04,0
f28fe428-d553-41f3-9f49-bb92f24b123f,0.03416080402646791,0.01902520951652898,0.224,0.14,1.0,0.7626737530662306,0.12,0
8a0a9f44-22fe-4291-b88e-3afd6449e0bf,8.615198041844924e-10,0.0023804009407896996,0.068,0.012,3.9177438936734584e-235,0.13247374441093848,0.02,0
dea47a59-f77b-4552-bff8-c449bbc73499,0.0010415875746046437,0.0021005333734018246,0.108,0.08,1.0,0.5174654752233955,0.06,0
2017a43d-d547-4b7f-86ad-57372ec5e063,3.6448513560592085e-10,0.0010505936192689708,0.068,0.032,1.0,0.103249097472924,0.02,0
f0ecd4bc-c2c0-4183-9dcd-a52f63b670d9,0.778490782198193,0.05584071833878965,0.076,0.052,1.0,0.7711864406779658,0.08,0
6cba60af-c4d5-4f30-8ba2-53d6a3ed191f,8.430504729445796e-05,0.007205937330518272,0.1,0.07564,0.0,0.0,0.1,1
4d3e61fd-3626-4f64-8e6c-a37a52226a66,4.115981391245166e-05,0.004673283763809058,0.224,0.092,1.0,0.7238636363636366,0.16,0
63a826c6-9558-480a-87cf-329a40d8208c,1.5995604750791417e-06,0.008608664903415272,0.076,0.044,0.0,0.0,0.04,0
6b31b679-4d39-4cb4-9951-022e453a03d3,4.672619984512153e-06,0.002247027153513396,0.116,0.036,1.0,0.11220715166461197,0.12,0
3ffba665-de16-4df6-b779-1141500a6f1d,0.00035144985931025646,0.034735784723061346,0.188,0.104,1.0,0.8251295336787562,0.1,0
530db0e3-64b4-4395-9f66-8a4e2764f3ce,0.018701469314931506,0.07152550347399561,0.276,0.192,1.0,0.0,0.16,0
003c77cd-cac3-49da-a69e-730a364cc260,0.7970836322785094,0.005718095849397033,0.236,0.1,1.0,0.6447368421052646,0.08,1
83d2b3b4-f962-4014-815b-4c2d86f1aaa9,0.0001561224848580947,0.04795184214224847,0.204,0.14,4.9031177259472494e-32,0.7691281138790024,0.22,0
38fa692b-1cb6-4e8f-95bc-83c7b732fd03,0.998479450020858,0.3907637374110589,0.424,0.22,1.0,0.11220715166461197,0.16,1
4a14dc5d-95f4-4f3a-88dc-19f0d92c0a4f,0.94904357889875,0.007025076135453829,0.18,0.096,1.0598397340681682e-56,0.0,0.12,0
ead3bd1c-34e6-4a9d-b7b4-13bd5f589ffe,0.17140115502964784,0.016335339430647272,0.296,0.16,1.0,0.103249097472924,0.18,0
92660d31-b489-436c-be6b-42780040dcd1,0.6308016846835298,0.13688890789297828,0.372,0.164,1.0,0.7626737530662306,0.16,0
41f7c9fc-2f8b-4bb9-8869-dcbe55325ae6,0.0004458250150677816,0.0026763209414597477,0.152,0.06,1.0,0.0,0.06,0
b34ba165-e88c-434b-b770-560f10ba9b9d,0.044942555523428025,0.009165098570478406,0.196,0.108,1.1029872009907169e-82,0.7206591244466356,0.18,0
99b3b44a-3f62-4a37-8d2c-d1121fc0f8cf,0.3518582659079113,0.009059730371242336,0.244,0.128,1.0,0.5762434889183949,0.08,0
c74fc22e-0fa0-4b95-9e6c-486e1f64205e,0.0002690926305747303,0.015046633132819584,0.116,0.056,1.0,0.13247374441093848,0.06,1
a2382d58-16b0-4e23-8aa9-457c0b94235b,0.9215618029779927,0.007642336556820117,0.072,0.044,1.0,0.0,0.06,0
b2aec5ec-172e-45c0-83bc-c11a1ba98323,9.749932183708805e-07,0.0018186603584672972,0.088,0.06,1.0,0.103249097472924,0.02,0
9945567a-a34d-48ac-a55a-5e88bd4338d1,0.002051205942739158,0.06095915869483271,0.172,0.096,1.0,0.0,0.16,0
e6376a9e-6f6b-425f-8546-3473fe477201,1.0048375546636045e-05,0.0005453739700833853,0.12,0.06,1.0,0.11805209060971962,0.14,0
9f2d59b1-8505-43d6-b183-176babcc3f41,0.5871778190159302,0.000991724580960485,0.14,0.112,1.0,0.7206591244466356,0.08,0
eda2220d-9f34-45cf-8b13-582abfe9b962,0.4536162531281217,0.009793172741599776,0.16,0.07564,1.0,0.103249097472924,0.1,0
abeebc62-1a71-4e71-9c3a-f40caa076ed9,0.23341716235141713,0.06448894578866754,0.296,0.236,1.0,0.7206591244466356,0.28,0
b95940e9-23a4-4cbb-9aed-a5e31a9bb225,0.9956284435085597,0.2348892002633595,0.196,0.092,1.0,0.7878787878787872,0.1,0
46b4e3b0-a86e-4669-91bb-a8efc2fb9024,1.341980224767936e-05,0.41157351280839566,0.384,0.268,1.0,0.5762434889183949,0.28,0
fb4a2969-e503-483f-ad81-24207a4b6e99,0.5957553371903361,0.12896377657332875,0.272,0.152,1.0,0.103249097472924,0.28,0
8c8e5e7c-93ce-4344-a923-b2fa66f1eaf4,0.31987348907201735,0.003724806299313562,0.088,0.084,1.0,0.11805209060971962,0.12,0
f64d1093-de4c-44c8-b921-043815388789,0.6682803385586231,0.3596016214468728,0.452,0.22,1.0,0.11220715166461197,0.2,1
32e607e5-7e61-49a7-94e3-7d7a3f6f5a93,0.06094578119236463,0.052557957579266526,0.16,0.108,1.0,0.11805209060971962,0.14,0
864a8811-adeb-4f85-bd2f-5e449ed2cb56,0.0007967322397959716,0.02472166331383847,0.272,0.112,1.0,0.13247374441093848,0.22,0
f3b277cc-5907-46d5-bfa1-a3656b030f00,0.29963721366752666,0.015115373244575644,0.124,0.092,1.0,0.3973799126637543,0.08,0
48d39d3c-87b0-4260-a6a2-71166fe3888f,1.21766587534617e-05,0.002453747689904611,0.056,0.028,1.0,0.13247374441093848,0.06,0
9cc63049-d3f3-4f51-add9-cae653bc20d4,0.00023270076718888866,0.0028842333599199957,0.076,0.052,1.0,0.13247374441093848,0.12,0
8eca2847-b473-4f65-b422-b2ed8305b785,2.0391377675713603e-09,0.027839545843032033,0.272,0.156,0.0,0.3473282442748092,0.16,0
910c47c4-bde9-4fb6-b78c-b75ef1587638,5.60531532054775e-06,0.015047885751882489,0.176,0.036,0.0,0.5762434889183949,0.1,0
3036bfb5-293d-458b-8094-8b1f367b5613,5.746697405186991e-10,0.001463872142225396,0.1,0.024,0.0,0.13247374441093848,0.1,0
d8700f8e-664b-4d88-9a97-5b22e7eceff2,0.0015281900399590586,0.03121395649508936,0.176,0.088,1.0,0.11805209060971962,0.14,0
d4bd71ed-b3a0-4f9e-a1bc-ee5e18284fc7,4.521640069338552e-16,0.012042390114797281,0.112,0.072,0.0,0.11805209060971962,0.06,0
bbd0dcb8-d814-441f-8871-565f4812d46f,2.1132858615065816e-07,0.0034077101317307908,0.04,0.016,1.6186348008396286e-291,0.0,0.02,0
56769a1c-3303-40e9-9686-76e09ee8cd94,0.002663247695314534,0.005815764439469671,0.172,0.104,1.0,0.5687499999999998,0.04,0
40da2930-87b7-44bd-8bd7-af370aa28e31,3.09593820919856e-05,0.11295718917396844,0.264,0.144,0.9207540570992898,0.7206591244466356,0.22,0
c843eace-4349-40b5-b269-bd66dcebe272,0.40217877292841997,0.0054089952260928725,0.1,0.028,1.0,0.11805209060971962,0.02,0
f59cf151-eaf0-43d2-94c3-ce3f4e29e24a,0.31608042487129295,0.016879924524364705,0.232,0.172,1.0,0.7206591244466356,0.18,0
15bbe1f7-cb89-4d38-a921-f64d92bd6def,0.00011380011857900972,0.1259372789064523,0.268,0.152,1.0,0.7206591244466356,0.16,0
5d95e4bc-52e1-41ae-993b-83189eaaa1ed,0.0018893893224536872,0.023662546341173426,0.264,0.124,0.0,0.103249097472924,0.22,0
8ed233a9-308b-4bf9-8669-8474d577f0f8,1.106083037931746e-09,0.0010090093270444314,0.044,0.044,5.061967533127133e-120,0.0,0.04,0
49749b9d-d5d7-427d-9a69-900dc7902d69,0.03264351301918178,0.0025897557302097117,0.136,0.068,0.0,0.6667952178943308,0.12,0
89a6bbcb-0113-4bb2-b7b7-2812134ebec5,0.6943930186407702,0.008804847257676813,0.188,0.056,1.0,0.6667952178943308,0.08,0
b71c29bb-9b24-41ab-9df1-4c9c3194e1b2,0.000372488104960795,0.049290575021454036,0.272,0.176,1.0,0.5762434889183949,0.26,0
721e2757-bfc4-4f8a-9630-34ca7a9bab56,0.9580113199573479,0.31312048164072864,0.328,0.176,1.0,0.7682566483748448,0.26,0
b888c03e-be3d-43b0-b149-add9c57b447a,0.7052093310083668,0.30934091123891233,0.38239999999999996,0.184,1.0,0.5762434889183949,0.24,1
991b2fce-7890-44f0-bb91-f1eec9b3d504,1.2974681268387434e-05,0.0026929533442839556,0.22,0.176,1.0,0.103249097472924,0.26,0
57fd809c-eb72-4d3f-a48d-e8a533e93483,7.615439614240396e-05,0.0033178273992525843,0.044,0.023084745762711866,0.0,0.11805209060971962,0.02,0
aa07afce-21c5-46b9-b5a2-4e760bcf7cd2,7.833794318396652e-08,0.003902456456739063,0.108,0.044,0.0,0.0,0.1,0
9f800242-f743-421a-9395-15177edf008d,0.0007814695766198017,0.0006488961232003631,0.056,0.028,0.0,0.11805209060971962,0.0,1
d863d33c-87d0-4877-8faa-b17e4578d812,4.939920641834456e-08,0.0004834012331667728,0.048,0.012,3.0374942624179456e-195,0.103249097472924,0.02,0
42cabc0b-963f-448e-bf75-b37771633693,5.5852523100568754e-05,0.0014104716945335717,0.076,0.032,1.0,0.103249097472924,0.1,0
c5a3a239-6f65-4955-8c29-91d7e41fa030,0.0013151232314614143,0.0029928859174015803,0.064,0.024,1.0,0.34732824427480924,0.02,0
cc0082e9-2a73-4be6-9069-a4bc41b95cb4,0.18720277043928588,0.616336560476567,0.292,0.16,1.0,0.29979726305119253,0.14,0
01646adb-82d5-432f-b292-2097e04b9ac0,0.09771859197266962,0.10491564755753713,0.288,0.088,1.0,0.0,0.18,0
1d8e6065-2da2-485c-96b3-3388519557f7,2.133176480246813e-08,0.007189564647470278,0.064,0.028,0.0,0.103249097472924,0.02,0
f84b750e-ec87-429e-b021-c077ad81ffd4,0.2961214963007732,0.1226629166584141,0.272,0.148,1.0,0.7682566483748448,0.1,0
cd190dbf-70ba-45d0-b527-2be513c44a01,6.413585030329203e-08,8.629003056539497e-05,0.024,0.036,6.9384438609716385e-84,0.103249097472924,0.06,0
25a9ccc6-8f86-4a0f-8581-3ebe3db52c77,4.189870682059861e-06,0.0005782711212129239,0.068,0.044,0.0,0.11805209060971962,0.04,0
585c83aa-9fac-449c-8cec-ca1a977ca135,5.024469152703309e-07,0.000632179985861807,0.128,0.08,1.0,0.29979726305119253,0.22,0
0bdf851c-1fe3-4a76-918a-cfd2937d7b9f,0.11951055855920063,0.004592831594957573,0.076,0.032,1.0,0.11805209060971962,0.12,0
e10335ac-bcda-4513-b79d-b3a738132b49,1.1907390540054475e-05,0.006382750930286205,0.156,0.056,1.0,0.0,0.1,0
750fd4f7-f772-48c7-9d6b-ba3d61cfee6b,4.644319994483681e-05,0.0016106596329649838,0.128,0.052,1.0,0.0,0.12,0
0554a148-415c-4203-ae26-a2ef6e25e5c2,0.044859397296786216,0.03172201359016639,0.192,0.096,1.0,0.6447368421052646,0.12,1
566beae3-a2ee-4455-b116-e8d227cb6dbf,0.011735005906177402,0.006854311819764327,0.128,0.072,1.0,0.103249097472924,0.24,0
27acec4e-9f3b-454d-bc39-846d5d8bd81c,1.1328554505489362e-05,0.007255666782262812,0.136,0.052,1.0,0.0,0.02,1
e78d29d4-7e23-4ddb-8e9d-ce5f7583b686,0.9467840652359164,0.15821420516731888,0.228,0.08,1.0,0.7691281138790024,0.14,0
318615e4-4fa0-439c-b4bb-4b1611ea8635,0.16366112446318368,0.8260819748113265,0.5,0.308,1.0,0.7620096959012786,0.3,0
9fae633d-090a-4e49-8bad-f36aa33b1843,0.808890539847433,0.01590127234692942,0.14742857142857144,0.068,0.0,0.8251295336787562,0.06,0
6fbf5952-8b88-4e81-b11c-7da3bb07d10f,0.00047215998377664873,0.05665512549999806,0.2,0.108,1.0,0.7206591244466356,0.2,0
f2fb3c77-d87c-4628-abf2-925503a89d58,0.0012399766823047225,0.007355363778031078,0.132,0.044,0.0,0.0,0.06,0
bc5f92a8-1664-4c36-b1ad-10e7fb58874b,2.5844888370658188e-08,0.0010659167190107965,0.032,0.012,6.952594284512181e-44,0.13247374441093848,0.0,0
1bea25ca-94c4-4070-8e22-259f032cc3b1,5.119098023918427e-06,0.0013279989327903995,0.132,0.052,1.0,0.7206591244466356,0.04,0
af8256ef-f082-4582-8724-794990ddc3e7,0.0004371809056294615,0.0017902147863649753,0.084,0.048,0.0,0.7206591244466356,0.08,0
8646f1cf-9245-4d0e-933c-dcad3c3589a6,0.43855632217948176,0.024097999123718045,0.144,0.088,1.0,0.0,0.08,0
805dbb1e-529d-4f40-a9f0-091debbb025f,0.39809240214330355,0.010609333712020224,0.214,0.092,1.0,0.0,0.2,0
84c99ffd-b4b8-4c99-a4eb-070c4f7da5bb,0.0017877950277938447,0.03822429574625621,0.224,0.076,0.0,0.7206591244466356,0.06,0
dcb1a987-e139-43a6-bf1b-d086522cc7e3,3.9056056050545806e-07,0.014648591524889168,0.192,0.06,1.0,0.08708133971291877,0.1,0
46de823e-03bf-4284-881c-a9d558953d2b,5.8245165378135184e-06,0.0006526512635285101,0.096,0.036,1.0,0.11805209060971962,0.0,0
1a03d130-e468-4426-9101-5947e2252523,0.002912792502979042,0.008805230012634769,0.168,0.076,1.0,0.5762434889183949,0.08,0
1e0ae608-7310-4763-a583-3e7ab0918642,0.28906313109176046,0.04018925505263412,0.148,0.108,1.0,0.103249097472924,0.18,1
6d987067-4de8-44ae-8cc7-bcb0d11cf897,0.005016693888780818,0.002923684497329602,0.104,0.036,1.0,0.13247374441093848,0.04,0
a4b1e75b-3619-482e-b592-2635a41e61bf,0.02360556654351529,0.6846466891752595,0.408,0.256,1.8612576266801702e-288,0.754739336492891,0.1,0
53a08a01-1307-40c6-ad55-3b1e77ed3373,6.157009392447104e-06,0.0009141491096098339,0.052,0.016,1.0,0.0,0.04,0
ea68882c-6557-4997-8e13-3c63eb6d480f,3.402782909543072e-05,0.007017497332237705,0.128,0.06,0.0,0.7626737530662306,0.1,0
b27467be-8633-4563-89fb-58caf6f80968,0.08436899924713814,0.004610867642887891,0.172,0.08,1.0,0.7682566483748448,0.04,0
abedd6c7-c7e9-41ab-8a5b-e95877efa75c,9.995173407942566e-12,0.002013627791200796,0.056,0.012,0.0,0.13247374441093848,0.02,0
549f6dcf-8ae3-4c9b-ba5e-705d093274f7,0.01268206949984147,0.009649706098275588,0.336,0.148,1.0,0.0,0.1,0
9f34cf9e-ea4f-49ce-ae94-1c3d2b1d6af6,0.010169799604850349,0.0010530767264558805,0.124,0.092,1.0,0.0,0.1,0
fb32fa34-df28-419a-8bd8-8745e9916e49,0.9827302889478665,0.004008578192700984,0.124,0.064,1.0,0.11805209060971962,0.06,0
e957b5fe-eeb9-4e43-869b-51073e235fc0,2.9427673319682946e-07,0.0014814509167035076,0.036,0.016,0.0,0.11805209060971962,0.02,0
121e5b0b-b74c-4b92-a6d2-ab7003847478,3.979074633855428e-06,0.0014085341806045872,0.092,0.032,1.0,0.103249097472924,0.02,0
6b45229a-62ef-4418-a2b6-83055f6f615e,0.8994060287159232,0.03968449071823983,0.296,0.176,1.0,0.7206591244466356,0.24,0
de489625-39f9-414b-82de-e935de8ba880,4.770570513117328e-05,0.0030423760221582833,0.096,0.028,1.0,0.7878787878787872,0.0,0
95d519f3-00f0-43f0-a1ad-4eee1f37e998,0.7553667407242507,0.049998114630431266,0.268,0.192,1.0,0.0,0.14,1
8ae84303-afdb-4278-951e-6a3df16f9f24,0.0015587515750425925,0.021450601183888383,0.228,0.14,0.0,0.5687499999999998,0.2,0
d1e87ce8-4f00-42fa-ac89-ee84b4160cb8,0.9639181556503413,0.260950424636775,0.536,0.288,1.0,0.7206591244466356,0.26,1
6e4a8830-37c3-4ce0-902e-bfa1d03a27f9,0.42529252898808334,0.12663769311144785,0.224,0.14,1.0,0.11220715166461197,0.16,0
daec91a7-8fab-4176-9886-cfcf8b5d5c96,8.798224582031333e-06,0.003991143830823928,0.124,0.076,1.0,0.5290697674418602,0.12,0
6600af05-b0e2-4e11-a3d4-e9b233746e84,0.9097517803241286,0.04680689682981896,0.212,0.152,1.0,0.13247374441093848,0.2,1
1a64fcfc-d6ea-425a-be8d-a375ef6a7a01,0.13783416832976408,0.005026707196930092,0.14,0.08,1.0,0.11220715166461197,0.1,0
75c223a2-f3a5-4296-a210-bbff6fa06c61,0.23226965097235427,0.12364569271541684,0.344,0.09964,1.0,0.8530038346825718,0.08,0
b2c50896-aa4f-4b09-bc3e-1f2df03d969b,6.64879061812392e-06,0.0756345328349238,0.188,0.1,1.0,0.7206591244466356,0.04,0
9c0c5a33-f2f8-493f-a11f-ac2367844ba2,9.160950783638436e-07,0.0011686862752569032,0.05527272727272727,0.048,0.0,0.11805209060971962,0.02,0
c3e1173c-8a1d-4d67-a283-7d517f442ef1,0.0009089679909198242,0.024798686269243652,0.196,0.116,0.0,0.20177383592017717,0.08,0
6acb280c-65da-4016-a779-835aa62df2cb,0.9874728774807728,0.00880286740938426,0.096,0.04,0.9875791948651533,0.13247374441093848,0.06,0
5a3e44ea-e1c5-4036-9e81-b885c128c41f,8.777758538863527e-08,0.0018898973903863337,0.072,0.044,0.0,0.103249097472924,0.0,0
b244d235-1372-4747-829e-4ca1425a94e0,2.0715067697833946e-05,0.0014593017364944985,0.072,0.06,1.0,0.13247374441093848,0.06,0
e7c44acd-34f3-4ad7-9f2c-1a133c0851c6,0.003023816340363909,0.08642026764357418,0.172,0.076,1.0,0.7206591244466356,0.14,0
6caec0aa-8ae7-4491-9f0a-cdfd835a64a8,4.218292062560266e-09,0.004256668988175425,0.156,0.068,0.0,0.7626737530662306,0.18,0
48ffc264-5bfe-413e-beb8-109b75c06eaa,1.461923485335078e-15,0.0013313040708954479,0.12,0.024,0.0,0.11805209060971962,0.1,0
e9b2605c-84e2-42cb-8dc2-ba9e8d3e53d6,0.00044509477388627444,0.006530076042935499,0.16,0.084,1.0,0.0,0.14,0
ac678bfa-1f87-4e58-ab8d-87cf06e012ac,0.603462134198179,0.010694454350758107,0.14,0.08,1.0,0.13247374441093848,0.14,0
755e56e3-0d6b-497c-b8f2-aa2a0870498d,0.9148823238322998,0.26999282646260003,0.372,0.204,1.0,0.5762434889183949,0.18,0
1c17d2e6-aaeb-4bb6-bc84-9ff731b25e7d,8.320584725754603e-09,0.0016537556725220225,0.108,0.06,1.0,0.08708133971291877,0.04,0
c0ce5893-061e-483f-a33f-9f63cbb5c6d7,0.010461518867413576,0.0010126843764378687,0.04,0.04,1.0,0.103249097472924,0.02,0
8c90ab6c-ca31-485d-9f41-cb79ed2c5187,0.9421690450464854,0.026950425516010543,0.264,0.216,1.0,0.4572864321608039,0.12,0
bd32d624-3633-4eee-a689-cc71c812a9a0,0.0002461628056542449,0.15893192941885323,0.24,0.18,1.0,0.7238636363636366,0.22,0
d259ddab-6bca-43f1-a68d-9035fabd5c7c,0.5375750514841875,0.003559816158694171,0.1,0.036,1.0,0.13247374441093848,0.06,0
df6f9940-248f-4050-9ca2-27398808d027,0.037180812011659244,0.17344861094266376,0.464,0.236,1.0,0.7691281138790024,0.24,1
1838f536-f58b-4f7f-893b-316048816d66,0.009122107189995034,0.19069279778132875,0.212,0.112,1.0,0.7691281138790024,0.14,0
83b3e3b8-0495-4ff5-8b12-6407db79feb0,0.9996309898077572,0.014332616665587451,0.244,0.096,1.0,0.7206591244466356,0.16,0
59305ec2-537a-4c68-845b-25333d9173ca,3.306638534101605e-05,0.0008723493618319163,0.108,0.02,0.0,0.0,0.04,0
4f3e8271-854f-4208-b70e-11d86def1f77,3.178441002875332e-05,0.015099714192984481,0.18,0.108,1.2781861954055212e-80,0.11805209060971962,0.16,0
249a5fbf-d33a-4267-8b28-f6966fa839f4,0.029469076051735984,0.03545237873931525,0.148,0.088,2.2130892478125382e-38,0.7206591244466356,0.1,0
1b70ee27-f81f-49f5-8300-2214d116c832,1.0198589945863609e-08,0.002268140938200929,0.092,0.04,0.0,0.3973799126637543,0.06,1
358ceeef-6637-4634-8eb8-4005f5bcc6fb,0.0002961994778086698,0.004133821247590137,0.06,0.016,1.0,0.103249097472924,0.0,0
f2a52359-1b5a-48b8-ba55-b66789eb75e9,0.9209043269564586,0.0006238656414750949,0.032,0.032,4.572007038242199e-86,0.5290697674418602,0.04,0
533bbbd8-0c33-4c0d-a3f3-945b0636df5b,2.82532814518196e-06,0.10644635658419754,0.28,0.268,1.0,0.7620096959012786,0.3,0
9f71ef86-288a-46f7-94dc-b0a7d2c499e3,1.1906991769701274e-06,0.00208196331290417,0.128,0.04,4.351567863499062e-43,0.13247374441093848,0.06,0
cd252585-9da3-43a8-9ddb-29349b1cd9e1,0.009306473644301864,0.12951534408677476,0.392,0.16,1.0,0.8530038346825718,0.16,0
00dad7b4-7b98-413b-9513-9af8b7759cd0,2.772445997123157e-11,0.0067552314689772325,0.164,0.068,1.822490552897737e-157,0.0,0.06,0
1137ad7d-af06-4f3e-9cfd-b4c47df0c105,0.1787392708118482,0.02060761779354659,0.136,0.08,1.5137966071849535e-287,0.11805209060971962,0.08,0
2d654854-b2b3-4e78-964e-1a6073a8b295,1.84623530631013e-13,0.01030364795261057,0.096,0.032,1.807098253605964e-43,0.11805209060971962,0.04,0
fbc234fd-7b45-4d5c-ae05-14dc67e4db39,0.5019138634868783,0.2875407208245409,0.488,0.24,1.0,0.8530038346825718,0.26,0
e9bb2be1-483a-4472-9507-8eb26ba0edeb,0.002911623240839727,0.014837184248587473,0.18,0.1,1.0,0.5762434889183949,0.12,0
2995f906-44cf-495a-b31b-a0f97eaf8847,2.3458764624944497e-11,0.004204725777001605,0.1,0.012,1.0,0.5290697674418602,0.04,0
e22f3dc9-dfcc-43b5-8fbe-56c7f827ba80,0.9309459458367921,0.25983957864400364,0.428,0.184,1.0,0.7626737530662306,0.1,0
941c5ff0-07ed-4573-8988-2745192b1738,0.12064823791525123,0.001334293337879993,0.072,0.028,1.0,0.103249097472924,0.02,0
00f91b58-9e02-44a5-a9e8-241c9a6a6f48,0.0006743968601195736,0.015071916812481026,0.2348,0.1,1.0,0.0,0.14,0
bb3efdea-af39-44bf-b493-441ba9d2890a,0.011812813873104847,0.001965127803566403,0.112,0.072,1.0,0.103249097472924,0.08,0
1fe0a2e7-d088-48f7-b230-b68ebebe2ad5,0.00013814968333298312,0.005256699040708985,0.116,0.028,1.0,0.0,0.08,0
56269eb7-da09-4a8b-aca0-1ec3c8e4126a,3.12755851096174e-05,0.005563790397644465,0.144,0.076,1.3566344666909839e-27,0.13247374441093848,0.2,0
4d9ac74c-f9fb-4444-bed3-e17eb3508c81,0.0001861610124345359,0.0008230213120023238,0.06,0.036,1.0,0.13247374441093848,0.0,0
1977739a-a780-4de3-852a-5bf8b2fea832,0.0015779615362040242,0.03193359783414019,0.22,0.112,1.0,0.0,0.18,1
d654c46b-b080-4607-8f57-89b5704a2ea7,0.018768829195271428,0.026662730651898482,0.328,0.104,1.0,0.7206591244466356,0.14,0
8727f8b8-62ac-439f-aab5-d1a3b97dab5f,0.004987162327881603,0.007568411965742772,0.128,0.03508474576271186,0.0,0.5174654752233955,0.08,0
54ebc958-7d00-4153-8c45-72a798092576,0.8303204108425629,0.04660279200112127,0.424,0.216,1.0,0.0,0.22,0
8ee5f923-4cee-4d62-b1b3-46d2b1bc2f5b,3.800596688236966e-07,0.017502877926209706,0.108,0.04,0.9999999994688551,0.13247374441093848,0.12,0
932a8cfe-a38c-4945-b93b-ffb57a93be36,0.0004414276499101747,0.005989090683911416,0.112,0.032,1.0,0.678092399403875,0.1,0
61a71a1a-bb92-4720-86d1-36066b241943,1.2731871759125292e-08,0.02653389606946238,0.108,0.044,1.0,0.0,0.02,0
4888a2b1-8d47-4a03-ab82-e4d34c897524,0.18976283671047128,0.24633794365527287,0.2636,0.188,1.0,0.7682566483748448,0.22,0
31e16e92-b341-4aaf-aadd-de780607d53e,0.0011137688837962359,0.0026606234783085954,0.004,0.0,1.0,0.5687499999999998,0.04,0
b5bad781-0c63-4c86-af99-f15a76e29166,0.16563765718820464,0.12199314864033094,0.368,0.176,0.0,0.0,0.16,0
b5b9c596-c9a1-4e29-9715-4872f524dca2,1.320854233190604e-05,0.0010079593123116222,0.048,0.012,0.0,0.11805209060971962,0.0,0
5cfe86c7-98f0-4b44-aa4c-bfb0519e9403,0.9515515085278251,0.010720807561361158,0.084,0.048,1.0,0.13247374441093848,0.12,0
6ba6353b-e8f7-469c-8925-142a55f1150d,3.318548484430708e-05,0.01080186550716693,0.144,0.048,1.0,0.5762434889183949,0.18,0
907ef0f0-6d7a-4afe-b09d-693e6d5e12f2,0.10359538941773348,0.07862756497488603,0.208,0.06764,1.0,0.29979726305119253,0.12,0
b85a3638-8ce9-4083-8b22-ddff37c9ea4e,2.2583876126455196e-09,0.009446983584325351,0.144,0.068,0.0,0.7206591244466356,0.16,0
54bb73db-0918-4f1e-ab6f-7d8038771b92,2.041887905814241e-06,0.0035793711681725653,0.104,0.04,0.0,0.103249097472924,0.02,0
135a7aea-2a30-43c5-832c-88605f10410b,4.224932113647338e-06,0.0039573748900102925,0.088,0.052,1.0,0.0,0.08,0
c6a0fff8-63b6-4eda-a338-a918c335358f,1.1832382743347048e-13,0.0038707157774398706,0.176,0.096,0.0,0.29979726305119253,0.1,0
66746143-d0c7-4b98-9359-0f6884d40eb8,0.0001024603571183283,0.001682754402378827,0.14,0.044,1.0,0.11805209060971962,0.1,0
95d95c6d-f7e5-47f0-a655-f33db26ea6c8,0.33542516308501363,0.173279473683917,0.252,0.152,1.0,0.11220715166461197,0.18,0
6b2bb5dd-2e15-4a7f-8664-5c0fd2520005,6.95647457176857e-05,0.000658574814178159,0.136,0.032,1.0,0.11805209060971962,0.14,0
8fddd56b-5b0d-4c5b-950b-21cbbce7ab41,0.9991051897062975,0.015762399453563343,0.08,0.044,1.0,0.8251295336787562,0.04,0
619cad5a-719c-4b00-8d9b-77ddcb1700d9,0.00011606178715382513,0.0005683911635439898,0.064,0.02,0.0,0.13247374441093848,0.04,0
b7052a12-2f14-489a-897b-227d84fbf02d,3.909003876919895e-09,0.0029927813399834554,0.08,0.032,0.0,0.29979726305119253,0.08,0
d74e913e-c01d-4268-8d4b-1b7862150546,0.5839809903064299,0.07720441451625622,0.336,0.212,1.0,0.0,0.18,0
93da2490-15f0-471c-8b0c-0fad196737bf,0.00030089400648728945,0.015548506046838216,0.128,0.048,1.0,0.103249097472924,0.02,0
d5d4c568-2ba6-42f5-af91-6b31893abb2f,7.93594365858552e-05,0.0011508719576012918,0.112,0.056,2.8899630137694766e-94,0.0,0.1,0
b2e7d6e5-c400-48e9-9ffb-1a9a499aeaae,0.05509276609349569,0.04744237044738102,0.24,0.116,1.0,0.3973799126637543,0.12,0
dae26a5b-1136-4b31-9237-84653ba69215,4.7587629421595e-05,0.01235116033137042,0.096,0.064,0.0,0.5762434889183949,0.08,0
96483c7c-4ef6-46c9-8dd1-f86fb029337b,0.007993473656274504,0.06577401517177776,0.184,0.144,1.0,0.29979726305119253,0.16,0
95526bb4-6174-4cda-815a-93fe60b4a80b,1.492518935045341e-06,0.028921797539363654,0.212,0.072,0.0,0.7206591244466356,0.16,0
567a657d-05d3-4ec6-9fe8-7be45c847ea2,0.00013207150199243863,0.07575647575926919,0.248,0.176,0.0,0.8530038346825718,0.1,1
e83831b6-1ee4-4ce2-ae2b-75fce46c0e41,0.05553290986562807,0.0076470531205099085,0.11455555555555556,0.05942372881355931,1.0,0.0,0.06,0
41dacf7b-0565-4c88-9c0e-ffc27118a42f,0.0007166238672974477,0.006018127670270871,0.172,0.096,1.0,0.29979726305119253,0.12,0
7482907f-08e9-467d-bc0f-d710c9835cde,0.17460742073929725,0.0026657595859160286,0.014857142857142857,0.0,1.0,0.5762434889183949,0.04,0
24af0259-e31c-44f8-b27a-ae27418173ca,0.030190208029434368,0.002206079610842152,0.108,0.06,1.0,0.11220715166461197,0.06,0
7e2d17e7-e602-4721-a245-465b5824f8a4,5.449827606457229e-06,0.00037656364190877516,0.116,0.028,1.0,0.34732824427480924,0.06,0
c2662cad-135e-461c-a9cb-47467624a1c5,1.1754715145295013e-07,0.0007757408552905319,0.072,0.024,0.0,0.103249097472924,0.04,0
61befd1d-03bd-4e69-8869-f640a77ee099,1.0955667428659904e-05,0.002635522242578929,0.152,0.076,1.0,0.7206591244466356,0.06,0
1af383a7-3a87-40e7-814a-a82a525386b4,0.18083022200972532,0.07980376116598033,0.4473846153846154,0.2,1.0,0.8530038346825718,0.22,0
28f98521-dcbc-4dc6-98af-8cc531aeeeb8,0.00015437199234436598,0.06604056064657256,0.332,0.12,1.0,0.0,0.12,0
68ec1d30-4d56-4b38-8798-9cd5c668f068,6.735808968076347e-06,0.11641657451868359,0.272,0.14,6.61605651152289e-259,0.13247374441093848,0.12,0
31206344-5184-449f-bd96-3799eea5e200,2.39878760916826e-10,0.007968151314927759,0.1,0.052,0.0,0.08708133971291877,0.04,0
1c06d8cb-f0f0-4a2a-8389-61552f910d8b,0.0013971049603174268,0.02096779419675885,0.096,0.064,1.0,0.7520661157024795,0.06,0
b0e5bdb3-f393-471b-b071-c61098b0b668,0.9790794668948305,0.013041106199148904,0.22,0.108,1.0,0.7206591244466356,0.2,1
37345f57-fc2e-4f33-b1b9-4f9b74f90821,0.00045020882438615066,0.00262577728610287,0.064,0.044,2.0900232539738215e-28,0.11220715166461197,0.04,0
d87fe3ce-b117-4f90-8d94-a2c21c90e5a6,0.001978619205610735,0.004170778923037018,0.104,0.072,4.0000002542428924e-95,0.0,0.06,0
3ba3b47c-085f-4de6-bdb1-30554efb7a36,1.0588030387782872e-08,0.0018473504580050013,0.06,0.036,0.0,0.103249097472924,0.08,0
3faebcec-e195-49a3-a35d-5ea48f3f3f6b,0.012735804778304799,0.23490014710542,0.28,0.164,1.0,0.8530038346825718,0.08,0
09865ef4-93e1-481b-a751-eb48740bedbb,0.0007994591492534174,0.009490663739880589,0.164,0.08,1.0,0.7206591244466356,0.08,0
c3dbb540-0d39-4b7a-a551-14d0b070d014,0.0013566263823846507,0.03299104085965892,0.12,0.052,1.0,0.37295081967213084,0.06,0
ad14ab9c-2436-4fbd-ba78-5de47cbba7ac,2.719205024456268e-11,0.005160034513549665,0.104,0.044,0.0,0.3973799126637543,0.0,0
c4725c98-c8b9-4a87-9e87-335a6c6f43fc,7.671692664977935e-08,0.15375028416181866,0.2,0.172,1.0,0.0,0.24,0
973c2714-f619-4edb-8c51-d157ee5abed9,3.5464964282812484e-08,0.0010855340134255029,0.052,0.02,1.0,0.103249097472924,0.02,0
adf0f16f-3d2f-41a6-80e8-4e992c5b86a5,2.987695235200002e-05,0.004532204017825467,0.108,0.048,1.0,0.0,0.02,0
4794dda7-83ce-47e8-a03f-9d673a574a9e,0.014799172125315157,0.5394293263164548,0.292,0.148,1.0,0.7206591244466356,0.14,0
f4a7f013-1fb9-4034-a201-741a381e3ea0,0.04633205487244574,0.18402823889762107,0.456,0.2,2.8429363897284575e-76,0.8530038346825718,0.24,1
2690a2a1-f2d6-4730-9c7c-be0fe7da8ba6,0.2902892750501894,0.0032669056275376534,0.076,0.06,1.0,0.6667952178943308,0.04,0
7598d4b0-a7dc-4cff-8000-86d61ae03baf,0.41058290603144165,0.018850706862651494,0.196,0.144,0.0,0.5174654752233955,0.14,0
d923a41b-74ce-4f14-83e3-3908542ffa3a,0.9958560647070418,0.2577113208565751,0.392,0.296,1.0,0.103249097472924,0.26,0
d6866261-94b6-4ee7-a810-c7e6cd4fa970,0.9824992299138141,0.06723970016438618,0.168,0.092,1.0,0.13247374441093848,0.14,0
c916f784-5089-4fd8-938f-82a2fcc4c2bf,0.03516259592174986,0.04726566370936601,0.26,0.1,1.0,0.7206591244466356,0.18,0
1c85cb59-4461-4478-a7be-0f83533de729,1.6123067349162075e-13,0.007128488877079534,0.116,0.072,0.0,0.11805209060971962,0.02,0
d929890f-4069-480f-a7f2-6a55100a6bf8,0.9990568987182016,0.8408506023841394,0.508,0.248,1.0,0.29979726305119253,0.24,1
e41ff732-d82e-40aa-8adc-a475a4d0fe0c,0.9999879122635646,0.01645088772825874,0.184,0.112,1.0,0.7206591244466356,0.2,0
764a5623-cb6b-481d-bc53-241075e13fa6,0.0064391622334360795,0.09067108288187131,0.204,0.128,1.0,0.5174654752233955,0.14,0
462e1a9d-278e-405f-80f7-b983fce12e89,2.2773463616477467e-07,0.00256912002558437,0.108,0.036,0.0,0.103249097472924,0.04,0
ee65e3b3-62a2-405a-bae4-e7f74c9ecace,0.0007986553496956091,0.016331098603055174,0.1235,0.06,1.0,0.11805209060971962,0.04,0
9e88de90-cf23-4424-a5fc-fc1d9099a3bf,0.00010185305922530206,0.06928722958815701,0.304,0.18,1.0,0.7206591244466356,0.22,1
7805d77b-f209-43cb-b0ae-7cb87520a6cc,0.03301284383475522,0.45132293093909825,0.296,0.14,1.0,0.5762434889183949,0.16,1
a211ca60-5795-4322-a9bc-ca7bcf82ce8e,3.317822134139332e-12,0.0016515848093130556,0.1,0.056,0.0,0.7620096959012786,0.1,0
e1a5de2d-e90e-4ab1-94fe-5666eea13067,0.9992268557354684,0.26372086733544214,0.228,0.12,1.0,0.0,0.1,0
4f4a4fab-8df4-44fa-a7e8-d2714d53879c,2.325664632162532e-08,0.0016717959474298653,0.084,0.064,1.0,0.0,0.2,0
66906236-7407-455f-8058-e19bb688e669,0.03379457503538066,0.04132340422742407,0.212,0.072,1.0,0.13247374441093848,0.12,0
56671cd0-ed50-40fb-aa0f-ca71145cff8d,0.00038017187874569145,0.0208661786872798,0.188,0.048,1.0,0.13247374441093848,0.04,0
e8aeb388-3042-4b50-bca4-43ec76097c10,0.0009162566981139327,0.03458528277654179,0.372,0.148,1.0,0.11220715166461197,0.24,0
b4925efc-f8a9-4377-8c7e-634f2790511f,0.016581812968778146,0.0076745446583048665,0.3,0.12,1.0,0.29979726305119253,0.22,0
e38dde45-e8ae-413b-b1b6-6cd4d82b2315,1.4675878937794677e-11,0.0029314968131906225,0.2,0.108,0.0,0.0,0.16,0
8ae37f5a-1472-4067-8d60-2b33d3ceed6b,0.5088683243187008,0.049346970049176986,0.284,0.208,1.0,0.7206591244466356,0.2,0
cfe780d1-3641-4f9c-be9f-cae9a41d7f23,0.03240104506607456,0.02123637150642904,0.304,0.176,1.0,0.0,0.18,0
0acdbefd-950e-4315-a361-93d81d686bc4,0.001672450445050306,0.0012426376029353596,0.044,0.036,0.0,0.103249097472924,0.04,0
8ca6f15b-53ab-4ed8-b27c-de64f679e82b,4.4445480291045815e-06,0.008970100200051434,0.0512,0.032,2.720959808213931e-37,0.11220715166461197,0.02,0
16e37e97-d163-4b0a-a7d7-bf476928487a,0.0009281160744749359,0.010988199778604837,0.188,0.152,1.0,0.5762434889183949,0.14,0
20ab6128-b660-46e5-83ac-f962081ba65f,0.011977912749846402,0.0065144415426312075,0.128,0.068,1.0,0.11805209060971962,0.06,0
7a2eb202-ed95-4b7e-9408-b8d08ea970c6,0.993801083001599,0.29694922757823194,0.372,0.15963999999999998,1.0,0.5762434889183949,0.18,1
23399a52-7530-45e0-9dc5-351513ab932c,4.301561739077225e-15,0.0015060698949100637,0.092,0.052,0.0,0.13247374441093848,0.08,0
377187f5-9e28-4188-8e0f-06d4a89e7479,0.0013734882973661957,0.03447612362474496,0.212,0.16,1.0,0.0,0.16,0
88df936f-2e89-44cd-addf-3d86fd1bd74d,0.010311422790592717,0.04148060412768747,0.196,0.092,1.0,0.11220715166461197,0.14,0
07fa6159-e871-4976-95d0-0adfa516a8e1,0.0671884088662753,0.0013027422266362896,0.04,0.032,7.919449132184651e-66,0.11805209060971962,0.04,0
f8ec4232-baa5-481d-a0c0-56a305c9078b,0.21178106364781027,0.0012465302289865513,0.124,0.052,1.0,0.13247374441093848,0.06,0
b49b47c7-1ed4-426a-8322-f22e77c1d7f6,0.8267953811922434,0.04970598382768947,0.104,0.056,1.0,0.13247374441093848,0.04,1
a7560dfc-91b4-4239-9868-690b7fa33964,5.80106606101437e-14,0.000645514596814039,0.044,0.02,0.0,0.13247374441093848,0.0,0
d6f6d14e-e497-44d5-b5a0-5f452ecd7515,0.00041084405534677507,0.0019965778204516487,0.072,0.012,1.0,0.0,0.02,0
9eb7bf1b-10bd-4bd8-a0d0-177ee3306509,0.9982689440606396,0.04004723502523153,0.26,0.136,1.0,0.5762434889183949,0.26,0
ba5df969-7d8c-4a78-add9-aa5fca3ea59b,0.00029068127811050857,0.06802663596338994,0.196,0.164,1.0,0.7206591244466356,0.2,0
3df60970-ba1c-4e0e-b8d9-79bee392a52d,3.2023888611825655e-10,0.6854209834221096,0.536,0.32,0.0,0.0,0.28,0
3ed215c5-78a0-46ce-86b3-90807c3a9bd9,0.00046264486311886854,0.003524372465691099,0.108,0.068,1.0,0.11805209060971962,0.06,0
73a48c26-ebc7-4e7b-a50d-4838ab3566d4,1.0071574046340894e-05,0.03542519216869284,0.176,0.092,7.71818899327722e-32,0.7682566483748448,0.16,0
45a03d0e-fcfa-41d9-bd85-0c19367548dd,0.0017946013331912064,0.0010514907920310152,0.092,0.028,1.0,0.11805209060971962,0.1,0
db3d0de3-a8c6-4b1a-8a56-57f50dd32975,0.0030307094464071074,0.15952547454767535,0.224,0.136,0.9999988287182797,0.5762434889183949,0.22,0
7cfb2ed3-8247-4a0e-bf48-6cf1521b933c,0.0013827812986063213,0.00225956553648936,0.2,0.108,1.0,0.0,0.18,0
770850e2-1816-4282-a8d3-aed9a7456da7,1.3791168921316342e-07,0.004988884897873433,0.14,0.064,0.0,0.13247374441093848,0.02,0
98f15760-5ef3-49f3-9d09-2cb45ef7296a,0.00027092785126825295,0.0026195344453516,0.168,0.06,1.0,0.08708133971291877,0.1,0
74d37275-223c-4855-8bbb-d29fe9dd4ad9,0.30202385055123704,0.013337360831241454,0.14,0.05528,1.0,0.103249097472924,0.04,0
d6e6d6af-e696-475d-9191-a926a33a7338,1.1543309976111766e-06,0.012140189253091944,0.152,0.068,2.7268114868880282e-132,0.7682566483748448,0.14,0
5fbb8b9e-dad5-48a4-9a8e-06f5b0806eff,0.03550380271265643,0.02482107834462889,0.124,0.072,1.0,0.29979726305119253,0.08,0
94e35777-1f74-4d22-b39e-44e44229c81d,0.2690644930111644,0.030012698232143833,0.236,0.104,0.0,0.0,0.08,0
279ee89f-ee20-4c13-af8e-912e42343b74,7.506052611553514e-07,0.001246684052657617,0.056,0.024,0.0,0.13247374441093848,0.02,0
1cce003c-673c-495b-a275-e15c2e8fd15e,0.059336248582087456,0.02660423625009017,0.232,0.116,1.0,0.5762434889183949,0.2,0
a5851a0d-1cd1-4b18-ace9-6f0788abc0da,0.9982108113309323,0.10490896160578829,0.3,0.144,1.0,0.30536912751677847,0.22,1
39685292-6000-4166-b1ba-1b7dbf1456f9,0.8161438700106374,0.009403961097534715,0.1,0.06,9.180992819570167e-05,0.103249097472924,0.0,0
d2b3dc98-daf8-4e2a-a1fe-471b070c9c2a,0.27327676758129066,0.10258634478180259,0.22,0.104,1.0,0.7206591244466356,0.14,0
83904c53-64ea-49ba-a157-a6b15f4a690d,1.0857192647625357e-06,0.009849974509832481,0.08,0.04,1.0,0.13247374441093848,0.02,0
54b38e2e-c732-40d6-a3e3-4f24685d755c,0.15785503514150964,0.13374247154539123,0.284,0.16,1.0,0.7682566483748448,0.2,0
78cfb4cb-5ae5-46a8-b7b0-71196d37d288,0.0013196524410015354,0.0060375081207604325,0.084,0.044,1.0,0.13247374441093848,0.04,0
cf6eb8b3-12ba-473f-ad99-c29a0655d96b,0.9956925541270306,0.24540763730875134,0.148,0.084,1.0,0.3973799126637543,0.08,0
5e66e623-2a99-475e-bde1-dab0583bb864,0.9959865906803067,0.002311211719565471,0.136,0.08,1.0,0.754739336492891,0.16,1
b68bb18e-fcd7-4efc-9d5d-fefc1b8217fe,0.016360809698727927,0.002726170077751468,0.112,0.048,1.0,0.103249097472924,0.12,0
7d35a8a7-d206-4b62-82a5-e7e4c16a39a6,0.963124892962333,0.279165209087163,0.368,0.188,1.0,0.7663157894736834,0.26,0
f9e9e8e6-86cc-4d87-aebf-f99eebe94ae5,1.49894086347144e-08,0.0004877251276824953,0.015333333333333334,0.036,1.0,0.103249097472924,0.06,0
73ceea2b-869f-4d3a-b005-53cdecec0714,0.9856876920315286,0.20529769667858266,0.352,0.26,1.0,0.7682566483748448,0.24,1
5ff26b4c-aac3-4b2a-856f-498e2e3f76cc,1.9753692956573958e-08,0.0031483648198532706,0.124,0.036,0.0,0.13247374441093848,0.02,0
a66811e6-1feb-4c0f-a00f-38c3085de2c1,0.024975812275500494,0.002562355005350146,0.104,0.056,1.0,0.6667952178943308,0.08,0
fc7a38ad-cf18-4a95-ae65-24baed56017c,3.1049667047438675e-05,0.0013043164738101689,0.076,0.036,0.0,0.0,0.08,0
80ffce05-954e-4094-a342-41f774409727,1.9163727729042177e-06,0.19797182111473244,0.352,0.2,5.558476867439247e-54,0.7206591244466356,0.16,0
4dcbc8db-fa27-4692-a1b5-ce6ab2e0d115,0.1320950071409572,0.31766491749728926,0.236,0.064,1.0,0.5762434889183949,0.12,0
3d96f53a-660b-4db4-815f-8dc097a02fe9,0.08013729703266155,0.12084028579885367,0.352,0.18,1.0,0.7520661157024795,0.26,0
2fbd4a71-687e-4f22-9148-0e2b4f2aaf81,2.380792047899504e-07,0.0021048740233588145,0.116,0.064,1.0,0.13247374441093848,0.14,0
372f2770-c2dd-4e96-9cb8-1277b5ad23df,0.4560663766348581,0.012436789423768645,0.13584588744588746,0.07850847457627118,1.0,0.11220715166461197,0.06,0
df815680-b16d-4f36-bf08-783e3233db65,0.11174327653909476,0.02765256380306366,0.188,0.076,1.0,0.8530038346825718,0.22,0
748f1617-7356-41ea-91a0-55277383705e,0.007257738906335917,0.002531699404913269,0.2,0.108,0.0,0.13247374441093848,0.16,0
9643737e-af80-4f25-b0d1-37536991acd1,0.00013038715163258703,0.003482978816767223,0.22,0.116,1.0,0.7238636363636366,0.18,1
41fda2c0-28eb-4d77-bc63-d8c9fda9eaf6,0.00020171528960998298,0.010445543736797068,0.252,0.132,1.0,0.858490566037736,0.16,0
fde47169-3af5-4a57-b276-0a85436bfc1b,0.5264548873824912,0.018910135695064494,0.188,0.096,1.0,0.7691281138790024,0.08,0
150037f4-0dca-47e6-9923-49c361e0e054,3.721590336416545e-09,0.008833607013580998,0.204,0.068,0.0,0.7520661157024795,0.06,0
8d989554-55f7-4596-a7ac-581a4f0e1cae,0.10149499386275887,0.13684548277655337,0.168,0.132,1.0,0.7206591244466356,0.18,0
d6f42e0f-8fd4-426f-806d-782594951d29,0.9946742362744025,0.06723964729695407,0.204,0.112,1.0,0.8530038346825718,0.16,1
10205ed1-48c6-40a7-bcc3-5129d2676177,2.922915179397197e-15,0.00021272496711724031,0.06,0.028,0.0,0.11805209060971962,0.02,0
21ac7ccf-161f-46bd-9fff-d3d591d965ef,2.5010558950064835e-05,0.029855552550581223,0.292,0.208,1.0,0.0,0.14,0
559dfa43-ad3b-4e30-a211-3ac848f7ab98,0.008012654061895963,0.0033809906788913784,0.14,0.056,1.0,0.13247374441093848,0.04,0
b56d5b5f-f1f2-48b2-a9d4-63d891971c67,2.3721432628950081e-07,0.0045473851356839816,0.16666666666666666,0.044,0.0,0.6447368421052646,0.08,0
5be840e5-2689-4ec6-aa88-491fd3a15d01,0.884555242735603,0.1712382162049735,0.16,0.116,1.0,0.103249097472924,0.08,0
688239bf-6b29-4c56-bb6d-f85913a1d28b,1.0497596908524438e-06,0.002672963320840213,0.08,0.032,0.0,0.6603773584905661,0.04,0
0aa7e84a-be22-4d8c-885d-2bbea6b68ce4,0.000518532844597382,0.002739523633194953,0.152,0.068,1.0,0.7206591244466356,0.1,0
f5902609-fa5d-4da5-9253-406ef59e8ba5,0.7829666382009589,0.007772107512676043,0.192,0.096,1.0,0.0,0.14,1
cd21bfa2-1626-4379-9a70-26dfece65c71,2.0446893898978332e-07,0.07280100608259203,0.196,0.128,0.0,0.7206591244466356,0.16,0
8b9c5129-a599-4482-8bf3-ff8273535de3,1.7601450703889686e-05,0.0022480180299171335,0.12,0.072,1.0,0.0,0.06,0
475cd5c1-f270-40d0-b015-e656139258f5,4.859894188780845e-09,0.00031461526859857017,0.02,0.016,0.0,0.103249097472924,0.04,0
44faed80-55c1-4782-97ac-70a816b36250,0.010901791963544537,0.0012708294560183672,0.128,0.048,1.0,0.5762434889183949,0.08,0
ce54206b-ab9c-402d-8bae-0becd08fc618,3.492290128676447e-06,0.23547212171899634,0.292,0.144,1.0,0.5762434889183949,0.26,0
df4eebb1-da23-4297-9990-f005b5b815ca,0.0014848170379388249,0.0024398218088413355,0.056,0.04,2.196681217891421e-29,0.103249097472924,0.04,0
96e34956-8b87-4bcb-8832-e2345ac4a13d,0.009702275557056765,0.0005993270294086528,0.156,0.056,1.0,0.7626737530662306,0.14,0
9a3be1ab-1dc0-4140-92f1-449004f06c9e,0.9237349279842493,0.02059670074953831,0.28,0.144,1.0,0.7620096959012786,0.24,1
e454a24a-db4b-4eeb-a858-07e00c5d0d77,0.798481714595213,0.012374539185208807,0.176,0.052,1.0,0.11805209060971962,0.12,0
f756b484-0ced-4fc6-8612-8d9efd08d195,0.8456965372259971,0.01676415671056179,0.208,0.1,1.0,0.3973799126637543,0.08,0
22284efa-3208-4e32-8caf-261eede488c2,0.008072087241134986,0.001224437085990894,0.092,0.04,2.155580014560932e-33,0.0,0.08,0
4d001ecd-acd5-414d-8a71-d338e1366426,9.602414167208984e-09,0.0014935391639458765,0.084,0.028,0.0,0.0,0.0,0
c446ec7d-d987-4c56-ad37-ed3e11e1b3d1,0.39663579431099466,0.0505776112846778,0.324,0.156,1.0,0.5762434889183949,0.28,0
1551a5cb-c839-43fa-969f-c9ab4b6a08b3,1.0014307478393366e-05,0.004245614282501357,0.1,0.052,1.0,0.7165354330708658,0.12,0
4e84609f-deb7-4a05-8bfc-c9345e433494,0.32004329862613606,0.06886031949079043,0.328,0.132,1.338401298711356e-307,0.7682566483748448,0.16,1
422e2dc0-ce36-4450-bef1-b312af79627e,0.9983525941315176,0.010542897188307481,0.272,0.116,1.0,0.0,0.24,0
deddc156-daac-4fa1-925c-6ff51d277af8,0.0001903079039142015,0.057555250165214775,0.204,0.088,1.0,0.0,0.14,0
21226fee-e3fb-417f-b6b4-5ea6fbcdc17d,2.6542719368433566e-14,0.0009994069847609585,0.076,0.06,1.0,0.11805209060971962,0.06,0
0a50cf36-9f03-4fbe-a134-4ffabb9fd491,0.001275135443434855,0.003145454113131519,0.064,0.032,1.0,0.13247374441093848,0.02,0
6036633b-1bb8-4133-888f-d028c35b9168,0.04535326055096113,0.018544435765019036,0.124,0.064,1.0,0.0,0.1,0
3d0d59db-f4fc-4eeb-a2dd-4418e676b60a,2.1944966930800228e-12,0.001289894761793381,0.072,0.056,0.0,0.103249097472924,0.06,0
696613de-2253-49ea-8e1e-38a081df495c,3.6809986979929696e-11,0.011563718746976195,0.24,0.096,0.0,0.7238636363636366,0.14,0
3a1bd068-0541-4e07-9b83-fd54e7d3042d,0.3921790922092175,0.03499837650187642,0.204,0.06,1.0,0.6447368421052646,0.12,0
efe05ba3-f33d-43ad-aed5-1f2a0d655fe6,0.0012494651099644472,0.06458135548291631,0.108,0.072,1.0,0.103249097472924,0.08,1
e8d92332-2bb6-45dd-9b29-11783f4dd1c4,0.003562663538449473,0.0019427682630744267,0.024,0.016,1.0,0.11805209060971962,0.02,0
f8b2e29c-d4e4-405b-afa1-9ec75cdd6bbb,0.9833099072159437,0.18135017134533302,0.308,0.144,1.0,0.5174654752233955,0.22,0
f85972dc-1f83-4d13-86b3-31a8b4ac3313,4.174867726024802e-10,0.0013714273845476825,0.144,0.064,1.0,0.103249097472924,0.16,0
2bda33aa-b722-4f68-97c1-5a6b37316606,2.690649534326361e-05,0.003201442661071319,0.152,0.06,1.1229270057345266e-62,0.13247374441093848,0.12,0
17236201-5776-4c0b-a6f0-09c9e28a329b,0.9630459024562146,0.7680799971913986,0.588,0.324,1.0,0.7691281138790024,0.32,0
6203293b-46b1-4e42-a40f-6394ae2df708,0.004685976586738621,0.006370931020892045,0.15926349206349208,0.07016949152542372,1.0,0.11220715166461197,0.08,1
66e68740-ea5e-4ea4-9ec4-0c4c571431db,0.0019045673392379294,0.0036519712587430083,0.108,0.032,1.0,0.0,0.08,0
afc0461d-bb0c-4fc5-a0f5-ba6c01bbd65b,9.70195572920246e-05,0.0028712500346087747,0.124,0.028,1.0,0.13247374441093848,0.08,0
cbd095d3-f8ce-427d-a913-dcacabeaed57,1.116046504891995e-06,0.009124112211502356,0.128,0.028,0.0,0.7206591244466356,0.1,0
10e5e2a4-7167-4e74-9168-d3b989acef15,0.0021562209223649808,0.02486524532339468,0.188,0.08,3.376221723693089e-36,0.7206591244466356,0.12,0
cb3e0157-3147-4479-b5aa-39f064842ec5,9.966195693365978e-08,0.004014577322869739,0.14,0.076,0.0,0.13247374441093848,0.08,0
59bc5a78-ea38-43da-bf77-063029849b01,0.011524621667339181,0.0015981981816033397,0.116,0.052,1.0,0.13247374441093848,0.06,0
a60763b4-8630-4769-8817-f5a269629d65,0.004708487516834268,0.00218047496561151,0.112,0.052,1.0,0.7626737530662306,0.1,0
51202b21-1901-4b22-b2de-9ce2927ae1fe,0.017023116694875353,0.004950300178807193,0.072,0.064,1.0,0.103249097472924,0.08,0
493449d6-4084-49dd-8085-f2c7b14367d4,0.2944613395762305,0.025206371267575942,0.252,0.112,1.0,0.0,0.14,1
058fe970-b7e8-4fa5-bf1a-83ecafd2792c,2.060338709173345e-06,0.0026374776937273235,0.092,0.032,2.3698595425994877e-118,0.5762434889183949,0.0,0
ec43a2b9-0475-4f6c-b81e-de3bc0e8360d,0.0006044877465408426,0.003227772153593369,0.096,0.048,0.0,0.11805209060971962,0.04,0
3707fb8d-335f-4566-865d-52b1248d1d50,0.0030829551765266705,0.007681024172307189,0.244,0.08,1.0,0.7206591244466356,0.1,0
8a68c35d-ce7a-4208-a0c4-5c02bed62613,2.631664295197112e-05,0.02453654843427363,0.392,0.18,1.0,0.7682566483748448,0.18,0
d8843ddb-cbf4-4ae0-af4a-56ee0c74da13,5.605727091704026e-12,0.0013428036968562947,0.08,0.028,0.0,0.103249097472924,0.06,0
d24ecc50-f645-4cd0-87b7-df50233ab80d,5.957297759974368e-12,0.01575441015192549,0.152,0.076,1.1558528387403406e-97,0.103249097472924,0.08,0
180eefeb-6f0a-444c-9a2c-44e128725a44,0.012909386934990108,0.08286218684502802,0.228,0.136,1.0,0.7206591244466356,0.16,0
97e4024e-7799-4c6b-bd04-d3e4ea24d582,1.1628877624095535e-06,0.02715566101842858,0.128,0.096,0.0,0.5762434889183949,0.04,0
66988e12-4150-4d90-83e0-b8998c714262,0.9834010088724265,0.21037401919707732,0.296,0.152,1.0,0.8530038346825718,0.18,1
4b6c9660-442a-4adf-98e7-e27a524824c2,1.6810846461089504e-07,0.002956788738269546,0.096,0.08,0.0,0.103249097472924,0.12,0
623c244d-1cab-4d30-a4aa-5e59572da0cf,0.013172308202287798,0.0817674346426011,0.308,0.188,1.0,0.7691281138790024,0.2,0
8a909cf5-a083-4667-95db-b701ebfb225e,2.987037212474907e-16,0.007928514718390631,0.116,0.056,0.0,0.0,0.04,0
c858c9fe-bf57-4a7d-80f2-b44c11eadf81,3.4119420612651603e-07,0.0005310937784374697,0.092,0.024,0.0,0.29979726305119253,0.04,0
6f779294-8131-4425-9706-8c28de55ccee,0.0010402838892855956,0.003704097685911116,0.22,0.112,1.0,0.7206591244466356,0.1,0
2ed22976-3c5a-4df3-89c8-00253419d02b,1.2894826253117456e-05,0.006335642846258606,0.252,0.152,1.0,0.7206591244466356,0.18,0
fd954f23-ac7d-458a-8fe6-637f15aa6f9f,0.03664139198547484,0.009509121336847141,0.14,0.036,0.0,0.0,0.06,1
dff0edd1-49c1-4bb0-a461-6dc00112a41f,0.04859130234427235,0.06474849858822453,0.18,0.06,1.0,0.0,0.12,0
47a2e27e-aa70-48ee-8f82-fc97a7026062,0.0005149658133446742,0.005882913887712313,0.212,0.092,1.0,0.6447368421052646,0.14,0
4321faa6-2169-408c-8b84-58328c2b9c6d,4.109832206421583e-05,0.009396503706366466,0.16,0.084,1.0,0.7206591244466356,0.1,0
6e0794e3-2541-4358-884d-b265199c0674,3.397032382590603e-05,0.1722820942893592,0.28,0.16,1.0,0.5762434889183949,0.14,0
d7a942d9-a73a-4710-91d3-2ef52e6b4237,0.0014459666338675328,0.00624796210168508,0.196,0.108,1.0,0.7206591244466356,0.16,0
7f5cfee3-70e2-409e-a74b-b312e3d29518,2.353552352820321e-09,0.02087493509739868,0.14,0.096,0.0,0.11805209060971962,0.04,0
4c4d28e7-937e-4fcd-80b9-16af99774d44,0.4536712129908257,0.07009692432523289,0.268,0.156,1.0,0.7206591244466356,0.18,1
74299f5c-8cdd-4c58-afb6-f033c5e6b215,5.562920004062315e-06,0.19797265330370342,0.204,0.104,1.0,0.29979726305119253,0.1,0
8b1d42d4-965e-4a63-920f-eaf973bfb465,6.367824805405564e-05,0.0026710214669282088,0.116,0.048,1.0,0.0,0.08,0
72a5895c-2299-4842-ad0c-4337ad7e5a43,0.7304811023051951,0.10900338450777775,0.316,0.168,1.0,0.13247374441093848,0.22,0
b3857a17-4004-4dfe-8285-fb6258f0721a,7.430516835542998e-06,0.0052413155517586005,0.128,0.064,1.0,0.7711864406779658,0.06,0
c6651415-63a8-4dfa-bea2-6b35c67176d3,6.187370458357244e-10,0.0060337544563967135,0.148,0.06,0.0,0.0,0.04,0
44939a58-25da-47b0-815e-65f38cffc8e2,0.011458951353178416,0.0007948507165798249,0.092,0.04,1.0,0.103249097472924,0.1,0
640b2286-24d5-4a1f-9eca-304dbe2fba0c,4.036846564744541e-05,0.004384977329544686,0.12,0.032,0.0,0.754739336492891,0.1,0
928500f6-2b2e-4ede-b8fc-e1977fc20c3e,1.6420883056971497e-12,0.002135941377064616,0.096,0.028,0.0,0.13247374441093848,0.02,0
4ef1ff67-49c6-472d-94ba-823dfc81c007,0.0036395855426162513,0.02012671171279159,0.232,0.076,0.0,0.103249097472924,0.18,0
c0521b64-7c0e-43b7-974b-e5a4aca6e1ee,0.006988359615793863,0.09837026532080823,0.2836,0.12,1.0,0.11220715166461197,0.14,0
f8379059-e648-40df-af65-238e9c6daadf,4.837762678259155e-06,0.04054829346366148,0.124,0.048,1.0,0.5762434889183949,0.1,0
964bf9ff-2075-4bb6-9de9-b1be3537ebfa,0.3618188922704912,0.0013330300094724105,0.12,0.08,1.6517727709573244e-90,0.0,0.02,0
ea5e43a2-ef60-4f7e-bb2e-7e63bee9b26b,0.0175987846245855,0.7251396786210413,0.34685714285714286,0.124,1.0,0.7682566483748448,0.16,0
453b78e7-e941-4dad-842c-1fa00ebbeaac,0.9930484437576428,0.02126522348188666,0.272,0.148,1.0,0.7206591244466356,0.16,0
05cc50b1-07df-4459-bbf1-ec00018062f0,3.4427228532338907e-06,0.010416499164942498,0.08,0.072,1.8983660542531557e-72,0.0,0.04,0
539d42a8-f5b8-42ce-9d46-cae5ea278cbb,6.668156530661341e-06,0.06393197034461237,0.228,0.12,1.0,0.7206591244466356,0.12,1
3739d5d5-eb85-4d84-bf17-b88aa626d738,3.5806812749568918e-06,0.0021715604932206023,0.168,0.08,0.0,0.7663157894736834,0.12,0
6a9323db-e019-4c09-a44d-36f510e51718,6.044812623223083e-06,0.08291940417340965,0.212,0.092,1.0,0.0,0.1,0
170df5fb-f2dc-47ff-be06-d828f4b6791b,0.8328779584933932,0.006765819972126266,0.084,0.06,1.0,0.0,0.04,0
5019c8c8-03cc-49d4-81e0-9ca1f7f1bedf,0.9898355463058828,0.47469398152542586,0.444,0.304,1.0,0.5762434889183949,0.28,1
3fac11b0-924f-4a71-90a4-49f7f499216e,1.5397323004253031e-09,0.0007480255838721227,0.144,0.08,1.0,0.0,0.12,0
a94e329f-33ee-48e0-a7de-718185090e98,0.11948383508604501,0.036799818261330226,0.192,0.108,1.0,0.7682566483748448,0.16,0
352484a2-9f80-4e5a-912e-7a29a8670582,0.024144141259309183,0.23919426879259112,0.36,0.26,1.0,0.7663157894736834,0.3,0
2cc81ad8-76da-4efb-ba36-29fc3b2e9c91,0.05289555777528842,0.008291666970348287,0.236,0.08,1.0,0.7682566483748448,0.18,0
6c4f44d1-605e-4ca4-932a-c442aa5f6b70,3.4463210571273227e-07,0.0016790526555061753,0.048,0.02,1.0,0.0,0.0,0
1bba7e82-3521-4f7c-b1d6-ea7351ac3348,2.2528318457172666e-11,0.0035936338110495606,0.148,0.096,1.0,0.754739336492891,0.2,0
9ac242f0-f78b-47d0-bd57-f9c4265bbc2f,1.617800293270505e-15,0.002598201993496638,0.108,0.032,0.0,0.11805209060971962,0.08,0
49eae047-52a6-441a-a4b5-2eafe0ac5aa0,0.0018114276481447117,0.04695836593009556,0.26,0.144,1.0,0.7206591244466356,0.22,0
fa195d87-a50e-4dcd-aeb7-baf9574517ea,8.406328535867396e-05,0.0005005985283611088,0.056,0.008,1.0,0.11805209060971962,0.02,0
8f8d1118-85c4-4e83-8cd9-372d934dc94d,0.9994145737820753,0.02493920131993158,0.136,0.052,1.0,0.13247374441093848,0.06,0
dd0add35-bbc9-40f0-8b63-4de872118576,9.90144870153149e-05,0.003717567166031934,0.136,0.04,1.0,0.08708133971291877,0.06,0
0d77f709-2762-4a01-9742-5d3da2d558e7,0.20840706916258314,0.24377294061547614,0.304,0.172,1.0,0.7682566483748448,0.1,0
1ff05224-03e2-4b62-86e3-91d108b0f1ca,6.268253382791644e-05,0.0025334409686822287,0.19133333333333333,0.08,1.0,0.8251295336787562,0.14,0
b1368430-2664-4ce5-a908-175a1e64e96f,0.5007385272690887,0.12314044934373695,0.332,0.248,1.0,0.7238636363636366,0.34,0
d6c3bcdc-09ed-4dc0-ae10-6fade071ba19,0.005110204337853301,0.014886000000997206,0.14,0.048,4.172840900652393e-12,0.7206591244466356,0.1,0
1d33fadf-ee12-4460-8bb1-ec6388ee5dc1,1.212035898896688e-06,0.08973109316487617,0.36,0.256,0.0,0.4572864321608039,0.16,0
c3d1c8dd-0d75-499a-9d07-2709ab80d78f,0.3338865523229531,0.012776293635784341,0.264,0.16,1.0,0.13247374441093848,0.22,0
152f7625-7458-4abd-9c05-160894f68946,0.02804066910427279,0.0007967128373375686,0.052,0.028,3.400966030275598e-136,0.11805209060971962,0.0,0
a276cecf-945f-48a4-bb76-e318fb534c66,4.7834117898392875e-05,0.0045865160602320595,0.084,0.032,1.0,0.11805209060971962,0.08,0
3ce158fe-f135-40b2-aaf5-ee9e7fe99c82,0.015478743448460447,0.028420903524820976,0.16,0.072,1.0,0.8530038346825718,0.18,1
d12a1723-7faa-416a-b681-2c227e50dfe7,0.9980990856636008,0.3331259513380367,0.332,0.164,1.0,0.7682566483748448,0.18,0
e7ddd9ef-2e47-40a1-951d-d5cbfecfd3cb,8.822307247638241e-07,0.008613897825132753,0.128,0.052,1.0,0.7682566483748448,0.12,0
26717957-8b8c-46ed-8c33-19c6c3206fb8,0.205232265612485,0.0030425993848489452,0.028,0.036,1.277539551154475e-164,0.103249097472924,0.02,0
f10b89ba-9182-42ab-abc8-4ec385b38d68,5.171955373194375e-06,0.0019074411376420939,0.116,0.036,5.9309470394900105e-95,0.11805209060971962,0.04,0
22c48194-e090-4f7b-9080-0d78f8a48290,0.012999422641267069,0.15195922703998913,0.412,0.244,1.0,0.5762434889183949,0.2,0
7eccd83a-f025-4110-8683-ff0a55db2e5e,0.023505256265779945,0.003535626681023259,0.148,0.128,1.0,0.30536912751677847,0.24,1
4fa4b0d6-7b84-4468-b4d9-5f12cad56e31,3.2473405225242046e-05,0.002340546253327015,0.056,0.012,0.0,0.13247374441093848,0.02,0
5a7e1431-7670-4c2c-a899-72b4accd2ff1,0.003061233768567626,0.0029118173905623443,0.2,0.116,0.0,0.0,0.04,0
fcc5037e-90ee-4033-8307-6a343eb49b6a,3.7664652418623247e-06,0.04086533221551325,0.2334787878787879,0.15108474576271186,1.0,0.8251295336787562,0.2,0
4d9e8884-350a-42ad-9c38-50fb86c38721,1.8034962717597027e-12,0.006403441722353178,0.132,0.072,1.0,0.29979726305119253,0.16,0
f7b8b1df-5ff5-4d00-8aa9-ad02adb35cc7,0.00015032228304697506,0.0017342405297805453,0.06,0.032,9.383644400280503e-10,0.103249097472924,0.02,0
12ec8c93-5f4f-403f-916c-d69def5b7f96,0.0006446800768547742,0.03748503187912514,0.12,0.06,9.298204994437892e-23,0.5762434889183949,0.04,0
ca5159f9-56c9-4899-b2c3-d78107450693,4.890326318289565e-06,0.044431842846986286,0.216,0.1,1.0,0.0,0.14,0
8fac65da-0a53-4036-b177-e80d730f54eb,2.381208264641601e-06,0.01858371766297704,0.184,0.064,1.0,0.103249097472924,0.14,0
e0d5209e-8462-4cf5-8e52-ac7eb4e24564,0.0004322971763631392,0.007415544122809671,0.088,0.052,1.0,0.5290697674418602,0.08,0
93a8bf3d-8f38-42b9-8027-6212eaa70d0a,0.08367424150226337,0.0059761644902815905,0.184,0.092,1.0,0.7206591244466356,0.06,1
1ccb7bb4-4e97-4ae5-a527-9f6f49489589,0.003995228652083872,0.13077436527534916,0.348,0.192,1.0,0.13247374441093848,0.32,0
077010af-c162-4992-b9da-12ee847789b8,1.3223549577486707e-09,0.0031649592164563916,0.124,0.056,0.0,0.7165354330708658,0.02,0
a2554686-507f-49db-a322-6faf7f4caac7,0.004051034974578878,0.253482545379721,0.252,0.248,1.0,0.0,0.24,0
78f8b185-4ae5-4281-a0e6-a13805554410,0.00010147807180905154,0.056534400205190634,0.236,0.12,1.0,0.4572864321608039,0.12,0
5ace735b-dec2-4583-b62a-a9a1fcdf83c9,0.11249104204290593,0.0009430584452357895,0.084,0.048,1.0,0.7620096959012786,0.2,0
e29afba9-55a1-41e5-851c-a6a0ca3d39dc,1.198004514618816e-10,0.0016767833104111298,0.064,0.016,1.0832724280022735e-209,0.0,0.0,0
0a3e021c-2c14-4527-b044-d91f0e324271,0.9967020889466822,0.789214004000931,0.476,0.34,1.0,0.8251295336787562,0.32,1
d5bb0674-847c-48b8-be7e-e790c8e4b945,0.018025850879487108,0.010154354306647184,0.068,0.052,1.4599797962751421e-184,0.7165354330708658,0.02,0
8033c95c-9a51-4c29-8e16-db1187e5bbe2,6.413658300554969e-15,0.0004371468021637635,0.068,0.04,0.0,0.11805209060971962,0.04,0
f10bdf36-7588-4e4c-8434-027298b9a5d6,0.9990067949684969,0.01975412640576365,0.29560000000000003,0.204,1.0,0.08708133971291877,0.2,0
1acc7d13-3e77-4ff4-935c-21c3539d9bdd,7.24617736813455e-11,0.0010886154547071337,0.12,0.068,0.0,0.0,0.1,0
27358c4e-1376-497b-9bea-a146c9596f8d,5.228592051201077e-05,0.0077096425582952694,0.152,0.076,0.0,0.8530038346825718,0.16,0
709d3a6e-2218-46ca-8568-e56da50b6d20,1.4047847662219195e-11,0.0037107553194558637,0.108,0.064,0.0,0.34732824427480924,0.12,0
d593017f-e44e-4125-a3ad-ee78e8b27a9e,3.84654544182595e-08,0.0022330397917016136,0.1,0.064,1.0094143403069085e-113,0.11805209060971962,0.02,0
f0fc0be2-a545-45ba-9de2-9296337a4b92,0.0007736416992477438,0.00371857978353886,0.072,0.036,1.0,0.11805209060971962,0.0,0
f48ab470-d196-4b07-af98-5ef2ee9fc418,0.0010898920633856267,0.036518743507229424,0.16,0.112,1.0,0.103249097472924,0.06,0
90359be8-f169-47c1-abec-68caf737e68a,0.0017099189122202838,0.009771082479665197,0.068,0.052,1.0,0.29979726305119253,0.06,0
b7c7a59f-164b-478b-a594-242d60cd0bbe,0.0067255932229418145,0.0007755999649663391,0.092,0.028,1.0,0.6408450704225351,0.1,0
f40c5b7e-1e9c-499a-ad66-d26679871586,8.215509386888917e-05,0.15646974179495085,0.188,0.068,1.0,0.8530038346825718,0.18,0
1b8074a2-9e3b-4605-a991-8d87a2f4f727,0.050191957836649974,0.0031465024530660047,0.068,0.036,1.0,0.103249097472924,0.06,0
4975adc6-7ccc-428d-b016-eed464f158be,0.9995305934183162,0.11794322771422848,0.26,0.196,1.0,0.7682566483748448,0.26,0
375d8de1-6b91-4f28-a99f-82fce7eb40f8,1.132698321978648e-05,0.005046585658410425,0.096,0.052,0.0,0.103249097472924,0.08,0
28f751d1-1f6c-4892-b313-b52c51b1773c,3.858143828454715e-06,0.0020526376852894566,0.1,0.044,1.0,0.11220715166461197,0.04,0
7ca847eb-6ed8-40a9-ac16-323e84fc0266,0.9999829102493754,0.02172454691860397,0.148,0.116,1.0,0.6447368421052646,0.1,0
4000a774-4936-4fbd-bc54-68d6702d05fc,1.0286692040107561e-05,0.18141536944871242,0.304,0.176,1.2745134947719338e-60,0.7206591244466356,0.1,0
875a70bb-224a-4feb-84af-dd985538f2a4,4.4688202724092024e-07,0.0025970086363543417,0.064,0.032,1.0,0.103249097472924,0.1,0
d51e692c-9e0d-404d-87ab-0ec368224dae,0.11224010686351568,0.00858151125161714,0.12,0.032,1.0,0.5290697674418602,0.14,0
e16f84e2-f6b5-47ff-94dd-5b2ad0751cd7,6.254843687304443e-07,0.00406119763140919,0.148,0.044,0.0,0.13247374441093848,0.02,0
1099fb26-0fe6-42c0-b81b-d016677d164c,0.5976570820946847,0.04342735314470126,0.244,0.116,1.0,0.7691281138790024,0.22,0
045ee4ea-c6f5-4a60-84ab-b4d5cb6228f2,5.712151055899845e-05,0.022880419296936627,0.128,0.048,1.2943527885298265e-102,0.7206591244466356,0.0,0
b44e6240-ed00-482e-ac69-c10427d7991f,4.080814164021334e-07,0.0022087207763482933,0.072,0.036,1.696227582393367e-211,0.103249097472924,0.04,0
b65e42b2-1c78-4019-b3a6-6f4279c93feb,1.159754248695472e-11,0.0006509143055304528,0.088,0.02,0.0,0.13247374441093848,0.0,0
298043d1-8b7b-46af-8625-10519660aca4,1.848553138873471e-07,0.0035949030412569007,0.064,0.04,3.5996491187284914e-229,0.103249097472924,0.04,0
40802533-4a8d-4048-856d-737041eca3f9,0.48350057314882783,0.39991862742098444,0.46,0.228,1.0,0.7682566483748448,0.26,1
6489d5a1-36e4-4ba9-80b0-02d9604e145f,0.9943717494974493,0.49692201337884223,0.38,0.21564,1.0,0.8530038346825718,0.22,0
9a841d8a-1d05-42f5-b81c-ae8f6d983305,4.0043868562738296e-07,0.0005814643741410149,0.024,0.024,1.0,0.0,0.08,0
ffd0a778-b55c-4d60-ba6a-a8695336adca,0.996470837024316,0.007824695755119888,0.292,0.2,1.0,0.11220715166461197,0.26,0
d34b2f28-9608-49bc-9038-9ce872cd928d,7.438650286941657e-05,0.009765403866050513,0.088,0.044,1.1529899858096975e-81,0.103249097472924,0.02,0
e29626ad-ef62-4ce7-b5e7-64187c9995f6,1.1232605617575545e-10,0.00325815159207547,0.06,0.036,2.8791946903272003e-37,0.11805209060971962,0.04,0
fb90d221-94bd-41dd-a0f0-c8a6c180affc,3.289424934723265e-10,0.00043293927978518316,0.064,0.028,0.0,0.103249097472924,0.08,0
ab6992bd-4b20-41a5-8abd-a7f150d4a203,0.024682683039760518,0.023868876307284022,0.28,0.108,2.8781550982598533e-62,0.7206591244466356,0.14,0
8197cbb2-0cf9-4498-9e46-118a61bed023,0.1875394417139697,0.0010650313808286962,0.084,0.048,8.806197115680149e-94,0.0,0.04,0
908abe42-7b4a-4377-9f22-9a4fffd0add3,7.40540690652966e-13,0.002634143243227331,0.088,0.06,0.0,0.11805209060971962,0.04,0
d2be2611-7cce-4221-8f5d-0db53114117a,0.0008768214531872167,0.01311063178927217,0.224,0.116,1.0,0.7206591244466356,0.18,0
585d93d6-edcc-4ad5-8357-ea3e9123f8ed,0.057820060434829394,0.01570032225480379,0.24727272727272728,0.08728,1.0,0.103249097472924,0.06,0
d4825281-ce0b-4643-864b-12f449a81c5f,1.0682584288982602e-10,0.05053518608581838,0.192,0.076,0.0,0.3973799126637543,0.08,0
efce4894-9e62-41d4-9fa5-ab2d82642c13,9.151325648965202e-10,0.004184528022678462,0.088,0.03164,0.0013178744764062772,0.103249097472924,0.04,0
5b3b893c-66ff-41b6-aea7-2ea3ca84fb9b,0.002430308134228157,0.002204053957393744,0.108,0.024,1.0,0.11805209060971962,0.08,0
58d7022c-a801-4a2d-afbd-239e33ca75b2,2.4048418066145895e-05,0.009034338015679525,0.112,0.072,0.0,0.5290697674418602,0.08,0
76520329-8781-4431-a0ca-129df222c607,0.17244872426400484,0.05072879862683758,0.292,0.164,1.0,0.3973799126637543,0.22,1
bf994df4-847d-4da8-8da8-8aa5726e8ff8,8.467262182888685e-08,0.010183209287075359,0.124,0.04,0.0,0.6667952178943308,0.02,0
ba62f315-0627-470a-b8b8-63a18ba69b58,0.026756945934430412,0.01670791666599274,0.096,0.04,1.0,0.6667952178943308,0.06,0
be353947-b39d-4830-aef0-8c84f9521fb8,4.1496965416268747e-08,0.002337341240427607,0.044,0.032,1.0,0.103249097472924,0.02,0
6d4ff89d-452c-4920-b73c-7fe547b554fb,0.33058710764593074,0.02225855137085702,0.36,0.152,1.0,0.7682566483748448,0.14,0
3bfebebc-4245-47e3-9439-de367f7e0aae,0.0668870619309675,0.004940531898797783,0.076,0.024,1.0,0.7663157894736834,0.04,0
65b370ab-7c28-4a97-b808-dfde57b474c5,3.658053245126282e-05,0.1018740609479139,0.284,0.2,1.0,0.7691281138790024,0.2,0
7519fe88-8b25-4cc3-89f6-efa070c1e5a3,0.002587225492880432,0.0029705935401051816,0.004,0.0,1.0,0.13247374441093848,0.04,1
894ae5f3-c1a0-4a90-9c5c-4d11125df0c9,0.03781840759470509,0.2055879312347274,0.352,0.172,5.870845464255498e-161,0.7206591244466356,0.22,0
d93d927d-65af-4c1c-b7e3-62dc3250f5da,0.16955628429934114,0.0021800225395038134,0.136,0.044,1.251014372115191e-48,0.11805209060971962,0.08,0
72e4b755-7edb-4df6-a247-36196f0d862d,5.584021003751299e-07,0.0028713561764034637,0.176,0.068,1.0,0.6447368421052646,0.14,0
4c082926-ab0e-41e6-b840-3147ab399d51,0.0032334400722512134,0.0013503868676522687,0.072,0.052,1.0,0.29979726305119253,0.14,0
fabe9451-5479-46d5-ac5c-37b14ec3a8aa,0.000176125384615292,0.0032542478211316866,0.096,0.068,1.0,0.0,0.1,0
7d0b298e-b8a2-44a8-920e-223c0d23525b,0.14303734803219084,0.03907318600693921,0.128,0.068,1.0,0.11805209060971962,0.16,0
909af41d-9b04-4bd3-bcf7-c538738da5d0,0.6339526239639758,0.024122233139469713,0.212,0.12,1.0,0.0,0.24,0
945fd822-4fc6-455d-b65e-4081dbc9641b,2.4905874005599678e-05,0.0035725989290789845,0.168,0.06,1.0,0.13247374441093848,0.08,0
dd122d0b-b8b7-483d-ac0c-cbbaaa8e29af,0.9250891759289546,0.07195620443970298,0.188,0.132,1.0,0.7620096959012786,0.12,0
b292b97f-6a07-4175-87a6-85a388172db3,0.29498548203567077,0.020705735080452738,0.108,0.048,1.0,0.11805209060971962,0.16,0
a4070c82-c587-4b75-a36f-63dc94defb99,0.27383634966981285,0.2955628958939489,0.36,0.2,1.0,0.7620096959012786,0.3,0
2f6eff36-182d-4139-bc73-99e79df6746d,7.4775955199335e-06,0.00040860284226238786,0.044,0.02,6.143310534717077e-124,0.13247374441093848,0.08,0
c7a5ab53-c083-40d3-8e50-a03e5628c993,0.01972360534464245,0.46559962972138264,0.428,0.268,1.0,0.7626737530662306,0.3,0
c45cece8-dbe0-414f-b980-06ec6e0b955c,0.8889115561619805,0.020736420505391606,0.172,0.088,1.0,0.11220715166461197,0.26,0
f49ebd2e-04aa-4f8c-8aca-1419c7cc7f9f,0.6787535354206079,0.10795150329669638,0.368,0.212,1.0,0.7206591244466356,0.26,1
d511c9f7-32fa-4f57-b58c-504e711304ca,0.9952176092155942,0.062302603281056405,0.244,0.112,1.0,0.5762434889183949,0.16,0
5cb9f526-37b2-4449-b212-347aa9dbf918,2.7944509795144324e-09,0.006440239691494116,0.168,0.072,0.0,0.0,0.08,0
491da504-3ed3-43e0-a620-d2ef24f29c2f,0.020597573009346504,0.0024524539274963417,0.1,0.068,1.0,0.0,0.06,0
43cbac90-51cf-409e-82f4-51f5bab2f9f7,5.88797963104916e-05,0.059642682717919025,0.14,0.076,1.0,0.0,0.08,1
02917927-c1f9-4c17-820a-e005cfd1b3de,2.185819467833111e-07,0.011888516031065529,0.2,0.1,0.0,0.11220715166461197,0.26,0
1c0b7583-7ef9-45c1-a179-e1eb51088ec7,0.011303043442704466,0.023837167473522058,0.1635,0.104,1.0,0.6447368421052646,0.12,0
dda44d6f-833b-4ed4-a9c8-516132c7910f,0.00988774983000801,0.09733648349576907,0.16,0.088,1.0,0.7682566483748448,0.06,0
7107a5be-6eb2-4ef3-a6d1-9b95b5a82b3f,0.008386131941343378,0.15144001410001057,0.24,0.14,1.0,0.7206591244466356,0.2,0
1a184304-ffbe-4154-9f17-814e1629f0aa,1.3175104926702978e-08,0.01303626699420439,0.172,0.064,1.0,0.3473282442748092,0.16,0
a77ee19d-3901-4bf3-9c8a-9885e8f70583,0.00036268318099973813,0.042168330678305006,0.344,0.22,1.0,0.0,0.18,0
a4544036-c99c-4558-aade-db1b709ca417,0.0065006014698109705,0.014109439671951081,0.2,0.08,1.0,0.13247374441093848,0.04,0
cab24112-9acb-4b29-be23-58e6585b486b,8.84916944670963e-07,0.8324112188066587,0.436,0.22763999999999998,0.0,0.5762434889183949,0.16,0
9985ea42-0f6c-44ea-806a-d626c9d1fe45,0.0009446243527375983,0.014338409800425144,0.168,0.1381694915254237,1.0,0.11220715166461197,0.12,1
9fab445a-9d71-4b3c-aafe-b6a41eb1dccf,0.0007403465043555802,0.012922558665822413,0.088,0.06,1.0,0.13247374441093848,0.02,0
9767fc7b-2f60-464e-93e3-bac76fa3cc14,4.520827945332048e-12,0.008569628525779268,0.192,0.108,0.0,0.11805209060971962,0.08,0
527d06c1-897f-4e59-b430-2a5fa538c7a9,0.001310141901161427,0.002135578736044121,0.1752,0.096,1.0,0.11805209060971962,0.18,0
550ac812-ce83-4393-8445-0a1de791184f,0.3096370870182927,0.00685510333302283,0.224,0.096,1.0,0.7691281138790024,0.08,0
7c95b233-e7fb-4387-a50f-c20fb168d956,0.0001651069155328153,0.005943525660119852,0.128,0.06764,1.0,0.103249097472924,0.1,0
8696210d-eaa4-4990-b881-8b4174325a1a,1.1485163297727515e-06,0.009108753638454488,0.28,0.156,1.0,0.13247374441093848,0.22,0
071094ea-a1c5-40e7-a500-32d9a7a982e3,0.9938654087413706,0.07172666207283845,0.22,0.088,1.0,0.3973799126637543,0.1,0
3995ada8-6483-4576-9b33-e0d7feb52f5e,0.0013939117610382186,0.006599439151858909,0.124,0.096,0.0,0.7620096959012786,0.14,0
f8e0bfc4-cd1c-4ccd-bf11-80e625e2f42c,0.6145794499474282,0.048713030568694735,0.18,0.088,3.6024349717485544e-25,0.5762434889183949,0.28,0
be8d56c5-389b-4105-9507-3df2541d9706,0.712775127723447,0.10367248164699125,0.216,0.1,1.0,0.7682566483748448,0.16,0
dafb528a-c7bc-4744-9084-6161032e41b1,6.506117912741813e-05,0.010994399161275098,0.16,0.068,0.0,0.678092399403875,0.1,0
abdfcf42-8bd5-47ff-b383-fd84bfa93635,0.0005341959450642211,0.006517564983965664,0.156,0.052,1.0,0.0,0.18,0
c0c3327d-bf6a-4a2d-80a0-c8926b79f956,0.9834038739384863,0.001985942333970993,0.076,0.052,1.0,0.7165354330708658,0.02,1
459bc326-305c-4c25-8bf7-73ebfa7db00e,0.002218409444363507,0.01293031165564831,0.116,0.064,1.0,0.0,0.04,0
f7874ee1-7808-4332-9d73-3252344010af,0.543831914522876,0.08706201151449805,0.172,0.108,1.0,0.7206591244466356,0.06,0
300e7db3-5852-4f44-9a67-07e5a3ddc441,4.026407608976169e-07,0.003351728171765629,0.172,0.056,0.0,0.6603773584905661,0.1,0
7ee4e040-665f-4615-abac-e4c9295f6be5,0.0002822682583775279,0.0008500392714153114,0.072,0.032,1.0,0.0,0.06,0
b0aa6262-3ec7-46a9-a565-5e97037e846b,0.9956433987477944,0.5689161290323144,0.424,0.28,1.0,0.7682566483748448,0.36,1
81a671ba-9956-4d3a-b689-2fb9a00da94f,0.09085541051571942,0.4869684166062592,0.308,0.216,0.0,0.7682566483748448,0.2,0
5794ace5-b075-4098-9275-3396db747bf9,0.006504183226315272,0.010263843846175987,0.164,0.104,1.0,0.13247374441093848,0.12,1
8920ac5c-6b62-4556-921c-c0d947602a15,0.7041045106007107,0.5949764116580193,0.504,0.448,1.0,0.7206591244466356,0.28,1
2f3cdd13-529b-4319-bb04-0a999c89361f,4.234889629469115e-06,0.00175551997393639,0.092,0.056,1.0,0.0,0.1,0
ff365770-bd71-417f-a664-8c1fda0a38cf,0.004474128710181301,0.03417193652373715,0.192,0.112,0.0,0.7626737530662306,0.08,0
a38f1ed3-e63d-4137-9872-952ba0ea1310,0.04493733678848437,0.09822717467008217,0.372,0.128,1.0,0.7206591244466356,0.06,0
5b1e5a51-6365-47da-b477-7a9ce74c270f,0.9656373217718754,0.05769242055913047,0.272,0.12,1.0,0.0,0.18,0
16050ba0-5a0d-473a-929c-6aa4ed8ceaad,0.0021632098289743958,0.0068632154196390975,0.072,0.06,4.577821610388509e-115,0.13247374441093848,0.08,0
7b6a7b74-1000-4b68-b029-cddfc6a94882,1.1016845584435166e-07,0.0018799759119424643,0.128,0.036,1.7142691565394638e-292,0.7206591244466356,0.0,0
abe70c40-bc82-4353-b43e-f68769da4409,0.00025987864240024146,0.01631301806752916,0.228,0.1,0.0,0.5762434889183949,0.18,0
c014c09e-befc-489f-b9ff-b20a39de4ea0,0.00040683695255810487,0.006261282551072961,0.232,0.14,1.0,0.6447368421052646,0.16,0
a5b5374c-4d62-4824-af80-a4a88e68c26d,0.02456583073913476,0.013129462690022504,0.128,0.06,1.0,0.11805209060971962,0.12,0
2aa8001a-4fbd-40a6-8a18-29f00cd2aa7b,0.004711441191237817,0.003267645960316898,0.228,0.128,1.0,0.0,0.14,0
bc9ec4c8-3e20-4846-bf4b-9eac45a7663c,0.0023946639273960796,0.011037482841657509,0.144,0.072,1.0,0.7206591244466356,0.14,0
311b0e52-e562-42b5-8038-aeca4f0eecb8,0.9473888675167268,0.06647807500441694,0.272,0.152,1.0,0.7682566483748448,0.3,0
c9b8b216-3363-45e9-91d8-eccae96521f1,0.28923424043163665,0.018729716940566122,0.236,0.104,0.0,0.7206591244466356,0.12,0
1d082b5f-8434-47ca-a235-380e8a2bd06d,0.9871062328360858,0.001780695763191239,0.168,0.08,1.0,0.29979726305119253,0.16,0
39c6c391-4ad6-41a8-96f3-f121daf41638,1.2141953188637538e-08,0.0016524775737236446,0.084,0.05164,0.0,0.5290697674418602,0.02,0
d783f970-2121-414a-ad50-c6d036514549,1.9881670670868767e-06,0.0067923538553021036,0.136,0.08,0.0,0.11805209060971962,0.1,1
fb4a614f-f80d-4bbd-ac03-0636135cdde5,3.956190653379408e-10,0.003305573105992159,0.144,0.06,0.0,0.11805209060971962,0.08,0
a7630bf5-492e-4a3c-ae63-6397fea06856,6.47719655197129e-07,0.008684953596322697,0.076,0.028,8.22411542129552e-132,0.7620096959012786,0.04,0
8645cfaa-23f7-4430-bec0-62519f124a07,0.26603523950478536,0.05268814546181867,0.116,0.068,6.134869639119535e-35,0.7206591244466356,0.12,0
6faa590e-0914-4816-a0d6-be8a0c0c6f0c,0.0005914581918401737,0.011210776829672099,0.188,0.084,0.0,0.3973799126637543,0.06,0
4bdfc3ca-e64d-4fca-bb30-5ac5df2ddb4c,8.146133568813328e-07,0.0316023060827417,0.256,0.14,1.0,0.7206591244466356,0.22,0
eb0f90e9-8b2d-4979-9b6a-2a763866a622,2.6665541226809216e-06,0.03960303173079327,0.192,0.096,1.7932379150786665e-172,0.7206591244466356,0.08,0
6caf5dc4-9c4b-4d12-871c-7f87472fff1b,0.6661041022405325,0.45269207137036505,0.336,0.092,1.0,0.20177383592017717,0.24,0
4021c60a-a68d-4e7a-b81d-1a95b47f5b88,0.006942614794844615,0.4471568962322611,0.192,0.088,1.0,0.0,0.04,0
66f49c20-7e94-4dfc-b1d7-e68cc3be1651,0.06354622046160466,0.0212028428240326,0.144,0.084,1.0,0.7620096959012786,0.12,0
ffc49531-0b76-4a0b-b708-06185a7e1f6b,0.7058848958968633,0.2805247137461946,0.432,0.208,1.0,0.7691281138790024,0.28,1
5e22b7cd-3072-4f9f-aacd-6fefad87d052,3.2566526148471e-13,0.00042092621879938254,0.024,0.008,0.0,0.0,0.02,0
80e8e814-6306-4eaa-bcc8-19ff9b03ac41,4.1351631128735085e-06,0.0029370137275853245,0.064,0.024,0.0,0.11805209060971962,0.08,0
7f1cafca-bfaa-443b-804a-8fe39b1fbb3d,7.57507935571896e-05,0.06768026406663477,0.272,0.108,1.0,0.7206591244466356,0.12,0
55b13c2c-28db-4ce6-acea-1fae6e95d7aa,0.9406553261503551,0.05711714695459639,0.26,0.112,1.0,0.7206591244466356,0.22,1
a2cd8da1-82d4-4a71-acf0-370a2307cffb,0.004837946315255424,0.0005411614303368679,0.12,0.084,1.0,0.103249097472924,0.2,0
04bb1c56-257e-4895-97ea-5852222f1d53,0.006987819550231673,0.00896884571593765,0.1353333333333333,0.072,1.0,0.11220715166461197,0.08,0
9c3b485f-c957-42e5-8c45-d9fb3ff86cf0,9.538938060565798e-09,0.010188310791630848,0.264,0.132,0.0,0.103249097472924,0.22,0
56597dfc-f8eb-40bc-b849-0345a71c6be7,7.921130574281292e-06,0.03478760925187872,0.116,0.084,0.0,0.29979726305119253,0.12,0
1f0ab47b-9b5c-48ba-a881-60a3795c11d7,0.02883714184707919,0.0090073477054109,0.16319999999999998,0.132,1.0,0.5687499999999998,0.28,0
f3df1ce1-f7d7-4aa9-87cd-c1515707fa0a,0.12305695978616174,0.1909907883530806,0.224,0.112,1.0,0.8530038346825718,0.16,0
3349183c-9390-49f7-afc6-44d23114c355,1.6184430483273784e-06,0.0004154156581986075,0.064,0.016,3.5380949243243394e-62,0.11805209060971962,0.0,0
fe1b37a6-a187-4c82-9ded-b844b314fb88,0.07172052061410983,0.6880048319573241,0.324,0.244,1.0,0.7682566483748448,0.32,0
38488da6-3213-4b62-9e74-8f8abee6f056,1.9070273294079416e-05,0.0019952514456365333,0.044,0.02,1.0,0.103249097472924,0.02,0
550b79f8-0395-45f6-b708-e155126657e8,4.599189258501935e-09,0.18114029507799892,0.144,0.088,0.0,0.103249097472924,0.1,0
fe3bee3a-37c2-4db0-935c-ec7d9a2a8c78,0.1409822815363469,0.0023981796802082706,0.088,0.068,2.782456908346027e-98,0.11805209060971962,0.08,1
dc357a02-430f-4f7d-afca-0ba7eff1bc29,1.0055440662761925e-12,0.004184072719922535,0.132,0.04,0.0,0.13247374441093848,0.04,0
8e28c211-dcc8-4302-a687-9684f06ac6d4,0.7654233530213893,0.14404636743435284,0.48,0.232,1.0,0.7206591244466356,0.24,1
e11eb8e1-fa0c-4320-8db6-eb7e450575c2,2.784757118109878e-05,0.013757818750039263,0.132,0.06,1.0,0.7206591244466356,0.06,0
706f5cca-8b58-4fb1-847b-551efc9bd5ed,0.0004601118194109035,0.001425072225989699,0.08,0.02,0.0,0.0,0.0,0
018d27e3-70bc-46fc-9d69-7a3d08d08efc,4.251542787085572e-16,0.004750543783522715,0.096,0.068,9.216699879995224e-303,0.7620096959012786,0.08,0
f9f82a5e-1519-46e5-986c-80d2a3858748,0.07306535445905538,0.0012267541701644863,0.208,0.064,1.0,0.0,0.08,0
1bbfc7b9-8741-4fe5-8b18-95094984d0ba,0.05569404808347777,0.002780317980524443,0.112,0.048,0.0,0.13247374441093848,0.06,0
db5581d9-0903-4c36-9840-cc91c729263c,8.604448803338578e-07,0.03347867316446618,0.12,0.084,1.0,0.13247374441093848,0.04,0
107cb643-836a-4c33-8f4d-a4598db91593,0.5190224385843364,0.0030849545145823277,0.168,0.104,1.0,0.3973799126637543,0.22,0
8ca03f3b-81ce-4bb0-9206-2b9be2d97392,1.4177993308448145e-05,0.02189461971313488,0.232,0.16,2.884513940614293e-07,0.7206591244466356,0.2,0
6cb62a5e-6327-429f-9ed9-993a0d343814,3.399771937351381e-05,0.0024954123695327276,0.052,0.012,4.946e-321,0.7206591244466356,0.02,0
ee371251-30c7-4c2e-999c-420f49a72fbc,3.1051983280332327e-07,0.005084552535856154,0.116,0.056,8.940594977706891e-64,0.103249097472924,0.1,0
eb93c4c0-23bb-4b70-8ecd-edc7c219d8d8,2.460425316046978e-08,0.0018850393078933738,0.072,0.048,9.25486783909044e-63,0.754739336492891,0.04,0
efe82bf3-f696-45a6-844e-b5170d473338,2.6270019124168772e-08,0.003630120771118982,0.08,0.048,0.0,0.08708133971291877,0.12,0
abae38b7-1813-4c08-a71f-5f7c0f33695a,0.012722058490800485,0.042311136245223875,0.24,0.176,1.0,0.7206591244466356,0.28,0
93cbb817-26ce-4b58-88b9-7ac4271c429f,1.726652871993498e-08,0.027086377089525545,0.088,0.048,2.6166945372233672e-08,0.37295081967213084,0.12,0
3c05fbad-1366-4e71-831b-8ab9e7487317,9.12961887931663e-07,0.030599430134613546,0.144,0.072,1.0,0.3973799126637543,0.12,0
28ce2f7f-6292-4111-8065-021afd16c67c,0.26577822143744495,0.003396120956640416,0.212,0.06,1.0,0.13247374441093848,0.1,0
bf2bbe48-ba8e-4540-a1c3-fab23b84f65c,0.9540513673379222,0.001020457519221626,0.108,0.068,1.0,0.6667952178943308,0.12,0
698bb4f8-a23f-4d26-91a0-36187be6d582,0.0027944062930517722,0.011795208916937675,0.1,0.036,1.0,0.6603773584905661,0.04,0
77d41ff4-9e69-411a-98a1-53bb3cef4b76,1.5019434491524773e-05,0.003954915693457404,0.172,0.064,0.0,0.0,0.08,0
111008f1-5f0d-40b4-badf-f094a4c5ec3c,0.06188750338961733,0.011874419391998231,0.256,0.12,1.0,0.7206591244466356,0.16,0
8c0d1429-5a9b-4c75-83a9-24e8120b5032,0.04709992429521044,0.01077673883769149,0.224,0.108,1.0,0.13247374441093848,0.1,0
f37e8819-5972-48f9-b1a2-2c16c6adbc26,4.148975891239482e-08,0.0002245287943625616,0.036,0.016,2.84600162181643e-121,0.11805209060971962,0.0,0
7c9642d3-b73f-4cbc-99de-a09b18710280,0.8803319949819809,0.25766990439133247,0.34,0.208,1.0,0.7682566483748448,0.16,1
4f95be87-e566-4d4c-af67-012f61c5952c,0.007272988749223761,0.3308547239270714,0.376,0.164,0.0,0.7238636363636366,0.16,0
fc38d71b-d60d-4f62-961e-a3fea051e41f,6.780810213367176e-07,0.018571703564241208,0.148,0.056,7.394774234348688e-08,0.11805209060971962,0.1,0
c4c42108-254d-43ec-bc0a-ed63ac3b0e63,5.992282118540942e-06,0.002059911162192209,0.096,0.06,0.0,0.29979726305119253,0.04,0
7a5f026c-bd3a-4bb2-93d8-b67a160594d0,5.228906573895244e-06,0.0002887245368304417,0.072,0.016,0.0,0.11805209060971962,0.02,0
147a43aa-d7b6-4d76-b67f-e7d6c3beedf4,0.1818208784959947,0.023695606656550416,0.316,0.16,1.0,0.7206591244466356,0.18,1
76bece63-47a5-4e64-aa4d-b698bc4edbc9,0.000940472742094865,0.0047052884099720565,0.132,0.064,0.0,0.5762434889183949,0.12,0
a35f7cae-8763-464a-bd9e-0a9207d3e810,0.12477051817033223,0.010247591090183897,0.084,0.052,1.0,0.0,0.06,0
e5e87bb8-b718-4764-a82e-d44f36688839,8.812260235388775e-05,0.0031803225654118057,0.184,0.056,1.0,0.0,0.02,0
6fee1a6f-84dd-48ed-9c6c-a0d4161d52bd,4.431293272905889e-09,0.011368269037917244,0.144,0.072,1.0,0.7682566483748448,0.06,0
6d6db974-6647-4ea9-968d-f064ab4d7740,1.1823241501537638e-06,0.012525792329645473,0.108,0.08,1.2480268453882948e-187,0.7206591244466356,0.08,0
76186c5a-0d12-4482-acb4-1e72b14e718d,5.017935701017106e-08,0.011970482327652748,0.076,0.016,0.9999999999997726,0.11805209060971962,0.02,0
c347a753-2280-48f8-9a78-8bcff30dd0ac,0.9999664675682298,0.8579245960380163,0.572,0.348,1.0,0.7206591244466356,0.34,1
d6a3ca82-acd0-43f0-bafe-c391326ce2c5,0.6513282371913396,0.17820151948581703,0.2,0.1,1.0,0.7682566483748448,0.14,1
bb73beb8-0a4e-441c-b5fb-2e0b3a0e485c,0.07469808247927481,0.7337884852133095,0.612,0.388,1.0,0.7626737530662306,0.2,1
18ce7208-8463-4461-ac9e-2884dff1e342,7.825295830231836e-06,0.0018139371963850081,0.176,0.068,1.0,0.103249097472924,0.14,0
3f565401-577f-4808-a1b9-805bcc9542d7,2.119567865527213e-09,0.008287689966309814,0.14,0.112,0.0,0.11805209060971962,0.08,0
df886aef-9e51-4406-bfc2-7378ddb96dd3,0.16249825375706115,0.0013726318523775306,0.192,0.108,1.0,0.7206591244466356,0.18,0
f4145570-9271-44e1-ae61-2a8ff6062902,1.3069830660972776e-14,0.0012998048820930769,0.132,0.064,0.0,0.29979726305119253,0.04,0
fed4fb71-5ff2-419b-956c-f11bd02454f4,0.001843869383999716,0.023544200027137724,0.188,0.068,1.0,0.5762434889183949,0.1,0
67e802bd-9e76-4541-bd7d-c9e225186386,3.4020142690663127e-06,0.0011048713586661713,0.072,0.048,1.0,0.7165354330708658,0.02,0
77d2c4b5-d436-4f5d-98a1-972cb9027f7e,2.7334674547102795e-06,0.001720124374510297,0.116,0.092,0.0,0.13247374441093848,0.1,0
440ef6ca-a6a6-4529-9b01-ea48765c3683,2.3425804303234115e-05,0.000360866816559248,0.12,0.012,0.0,0.0,0.0,0
01b0abb0-b509-46c2-a8c4-88c8e1076934,0.9344751830114109,0.3159687526145998,0.256,0.204,1.0,0.11805209060971962,0.2,0
850e657a-679b-454f-ad43-c7940677f268,0.019166271143782942,0.02994385580901432,0.148,0.076,1.0,0.7682566483748448,0.2,0
20cf4ee1-1eda-44b7-94c8-6b4f48d6e9d2,0.03280948517919237,0.220533951481244,0.22,0.14,1.0,0.0,0.18,0
76248410-ca77-4e1b-b9ed-7f4096625134,0.0015040880256835386,0.0751579201763151,0.172,0.128,1.0,0.7206591244466356,0.06,0
6bef6710-06c8-4711-baa1-b40dcb863cf2,0.003393277770965225,0.006028242378070929,0.19885714285714287,0.08,1.0,0.8530038346825718,0.16,0
12ddb112-0015-4842-a866-632382c4ea40,0.055460689834767284,0.000444389525988059,0.12,0.072,1.0,0.11220715166461197,0.1,0
51bc645d-7b48-48bd-b14b-515f17c2c785,9.804103795278468e-13,0.0019648329491237138,0.064,0.028,0.0,0.0,0.04,0
c47dde3b-fb34-40c9-9ac9-dfe4f3a483f7,0.004495554977672183,0.10553260424852043,0.2512,0.092,0.0,0.5762434889183949,0.18,0
805b048f-5873-4a81-bdfd-f59d6cc62dcb,4.231027054883679e-08,0.00504488966114497,0.152,0.1,0.0,0.11220715166461197,0.1,0
4be0493b-525d-46b9-9ea9-116a58c357be,0.07924766169493698,0.011029645470714375,0.184,0.08,1.0,0.7620096959012786,0.14,0
ee04d187-6e79-4aa2-8443-1d0dea688df8,0.0024103723254236685,0.057162236089482406,0.28763636363636363,0.144,1.0,0.7691281138790024,0.18,0
c82f47f9-e6b7-4a53-854f-992b949f45af,0.16874937503932658,0.014737773732221392,0.068,0.028,5.46478406713574e-229,0.11805209060971962,0.06,0
f0332e3a-656d-427a-946c-351e07e9469c,0.07967398091060365,0.001973712766442673,0.104,0.04,1.0,0.08708133971291877,0.08,0
063e67e6-23e0-4cf1-8bfb-347315d33c05,1.8879048356691888e-07,0.003353458038162464,0.108,0.064,0.0,0.11805209060971962,0.06,0
264d5ad3-f018-4e07-ae0e-80ce683e0745,2.455898420218183e-05,0.0009661961505774911,0.072,0.064,1.0,0.13247374441093848,0.08,0
6cc661ea-f2cd-4ade-ad66-a6478ad4d6c8,3.267347293770915e-10,0.008069959329561645,0.14,0.052,0.0,0.5762434889183949,0.02,0
cfb1363d-9d1f-495a-b70b-26c830603875,0.0002712376117098885,0.006473974541625937,0.172,0.06,6.213944257917495e-96,0.7520661157024795,0.08,0
0408cff7-87a5-49f3-83cc-b42b7cd7bd4a,0.44777670588359575,0.04994035120557484,0.248,0.136,1.0,0.0,0.12,0
b239d4c1-3e9f-4568-9721-6a4910341142,7.19510012982377e-09,0.04761817035172626,0.164,0.084,0.0,0.5174654752233955,0.08,0
01013af9-db19-4ea3-9d94-61dbef830eab,4.8370624255999875e-06,0.016090978736744147,0.1,0.056,4.3217717035922796e-74,0.103249097472924,0.12,0
f3c66344-8d18-4480-8026-b4fefe75f626,4.3171945019845733e-05,0.0011179811081384727,0.068,0.024,0.0,0.11805209060971962,0.0,0
43587528-7ee3-4c4e-aae1-e0c7d65a13c5,1.3445765041928173e-07,0.0037618728194562926,0.224,0.128,0.0,0.7626737530662306,0.18,0
5d6f044a-b78a-4a47-96d9-1111b18579a6,2.059547849592178e-06,0.005372927623505455,0.076,0.052,0.0,0.103249097472924,0.1,0
76e21855-2b6e-4d4b-bad9-89125166568d,0.004564533961228616,0.038123064883344875,0.292,0.14,1.0,0.7206591244466356,0.18,0
1a222bd9-f826-4460-9af6-ca1c6c491500,0.02556827971596504,0.10519643324839796,0.304,0.128,1.0,0.7682566483748448,0.2,1
e22890b6-97a6-4fd1-be3b-ba7085047e7c,1.8391155611758465e-06,0.0037540713462006635,0.1915,0.08,1.0,0.29979726305119253,0.1,0
8b59b8f7-2ff8-4a82-a3b2-92efeae4ab3e,0.6187899561010611,0.6730126872300201,0.356,0.212,1.0,0.7206591244466356,0.36,0
102ed49f-88f0-48ff-b214-b2ebe185934e,4.031678442093707e-08,0.0037323813529379904,0.148,0.056,0.0,0.13247374441093848,0.2,0
f902f932-9dd0-466b-bdb2-c7604a8989f1,0.0007617883928332357,0.15271361455730909,0.296,0.128,1.0,0.30536912751677847,0.14,0
a483184b-988a-418c-beea-f3f4c864d655,0.04146626508828401,0.016944087949078025,0.168,0.08764,1.0,0.103249097472924,0.1,0
f3304074-64bb-419b-b596-aa542024c89a,4.573455862738787e-06,0.0016883023757909958,0.072,0.052,0.9999999999997726,0.11805209060971962,0.04,0
962f8ad7-88bf-43a1-90fe-dc4d4d67e7a0,3.358440064824017e-05,0.001144686856745489,0.06,0.02,0.0,0.0,0.0,0
c3b2a1be-ae85-4cac-93ca-60d666f9c78e,0.004633573354001984,0.00963649232326557,0.056,0.056,1.0,0.13247374441093848,0.02,0
3b5e3020-afa6-48f9-a94b-7fdb799a642c,0.9999895855334836,0.04193752679179774,0.244,0.108,1.0,0.0,0.28,0
3ab1b31e-48f7-4b41-b072-fc2a958072ad,0.08510861372289918,0.0452305671066906,0.244,0.156,1.0,0.3973799126637543,0.12,1
5e45095a-5edb-4fa2-b302-f5a963970498,0.18473262237301086,0.19947511152688013,0.4,0.252,1.0,0.7691281138790024,0.36,0
095491a2-e869-4c48-a64f-3d0c903bf500,5.6906517929090145e-15,0.0015672078878366123,0.076,0.024,1.0,0.13247374441093848,0.0,0
3c999152-2c1d-45e0-8da5-a7b87a642178,0.0019049995807372477,0.10105846825918958,0.324,0.128,1.0,0.7206591244466356,0.24,0
77a406df-6a4c-4d93-b698-5cd20559451c,6.741966198983985e-07,0.0007769991366915525,0.068,0.028,8.814562358388011e-43,0.0,0.02,0
65a0d051-8693-40c7-b72c-38fc4ef24da8,0.01889650603297453,0.0014098821422977592,0.076,0.02,0.0,0.11805209060971962,0.02,0
e721af34-f3a7-449e-9275-b66b3f7f0e83,0.00029041418315107207,0.055372929207085364,0.136,0.044,1.0,0.5762434889183949,0.06,0
4aaae5c5-4c5e-4833-8567-b12110bc7bb8,1.1932469192440019e-08,0.003505030724592455,0.12,0.084,0.0,0.5762434889183949,0.08,0
503b807d-5d73-4912-b1e0-de9c0a173b4c,0.0002781388834583861,0.16784172567299,0.308,0.176,0.0,0.0,0.14,0
f2941eca-ff87-44fd-8992-16c8a916af7f,0.6655302666368954,0.07097914877106759,0.536,0.224,1.0,0.7682566483748448,0.22,0
ac2fc185-fee3-4667-819b-cdcc90ec14b1,0.8724445084190423,0.0033461155361103876,0.072,0.032,1.0,0.11805209060971962,0.04,0
cdf28e4d-97e2-44cb-822b-5149e5a2d496,1.7602775915023476e-09,0.015836089377696993,0.176,0.084,1.0,0.103249097472924,0.14,0
c7e9879e-e710-43f2-8a83-2e29465ee9a1,2.1012949021127673e-08,0.01428261491752253,0.132,0.08,1.0,0.11805209060971962,0.16,0
8cef3218-ce11-4c72-a977-68d8ff75cbdd,0.7250291560680073,0.27595020516203655,0.368,0.22,1.0,0.6447368421052646,0.32,0
75da5a0c-910f-44c6-afcd-f8f21cbb6ba7,1.0532152902898192e-12,0.002298892200854465,0.088,0.048,0.0,0.11805209060971962,0.02,0
27677faf-5d5e-443c-bd3a-088761c12d70,0.03528511883466042,0.012970408327600349,0.132,0.06,1.0,0.7206591244466356,0.06,0
e742cb93-3493-4248-881b-a38e054e193a,0.0012267571506171823,0.0023893591260782045,0.124,0.076,0.0,0.11805209060971962,0.08,0
faec598e-332c-4253-9fff-7c09c7792ca1,0.9444918596296702,0.015307276771254099,0.128,0.088,1.0,0.6667952178943308,0.06,0
8970d407-a9ac-4b40-b9c9-a166da331356,0.00028206614123172025,0.0013286903496554378,0.092,0.048,0.0,0.13247374441093848,0.04,0
fb81ceec-40f4-4679-a6ae-376181618584,0.07017072645733934,0.023534018428032884,0.112,0.044,1.0,0.13247374441093848,0.02,0
8b081143-3620-4717-93e6-80bb435e194e,0.15957331226547328,0.06944796577674438,0.204,0.1,1.0,0.7206591244466356,0.08,0
9269a6f4-2ca7-405f-83f0-32dc3b24b5ea,0.38068262888053883,0.13632479469555603,0.38,0.248,1.0,0.0,0.32,0
bbe01d85-7183-4349-b7d6-c419913f5ece,0.006202432932412467,0.00981811927770496,0.24866666666666665,0.088,1.0,0.103249097472924,0.16,1
42c2afe0-24ce-4d49-8c8b-dd9cc2afa13d,9.002661676339508e-05,0.0013451024035427911,0.128,0.04,1.0,0.0,0.04,1
3961a861-88f0-4d7e-8024-dcd3a4fdf5d8,0.1480987372369695,0.04031534719986722,0.188,0.116,1.0,0.29979726305119253,0.16,0
27308a44-9f7f-4ed4-afa3-77391f5c3e49,1.0079907753265122e-05,0.017487922794499098,0.164,0.084,0.0,0.7682566483748448,0.16,1
97228aca-cad3-4b4d-ad9e-c06e89e5fc7e,0.013274432217827741,0.0311695863724999,0.088,0.06,1.0,0.29979726305119253,0.08,0
52f79c09-1cb8-4c61-9dbf-5e4e39398268,0.11361359492399425,0.014088317424284976,0.172,0.1,1.0,0.13247374441093848,0.08,0
2adf1887-e866-4678-be07-74528f187436,0.09724714865781296,0.006050526379346997,0.064,0.04,1.0,0.13247374441093848,0.02,0
7c141315-929f-449c-83bb-5b18687c7aaf,0.02182301516171564,0.02465316018863806,0.456,0.212,1.0,0.7206591244466356,0.26,0
c3c5f8cd-a03c-452f-b770-c0ad30ab4dae,1.1814519983361169e-08,0.003097565855776366,0.1,0.036,0.0,0.11805209060971962,0.1,0
d9bfd873-1b64-40ff-b887-a01a7d70898b,2.125540929346173e-07,0.011923429328950312,0.164,0.064,1.1485713849943776e-81,0.7206591244466356,0.14,0
3a2728f0-037c-4250-8b8d-4f8cbd9c6121,0.062295175419864714,0.0205965182244562,0.204,0.124,1.0,0.7682566483748448,0.08,0
8a3457bc-e95e-43be-9613-1c15dfd12434,0.004602761501564614,0.08061398243030643,0.26,0.124,0.0,0.7682566483748448,0.14,0
6cb10220-116c-4882-b124-759355c1ef07,9.680753703032352e-08,0.03154435222273502,0.188,0.096,1.3393724213887263e-53,0.0,0.12,0
dfbf49d3-8caf-420f-8f42-474096d6b164,0.9861705807555807,0.01752464750745996,0.284,0.156,1.0,0.11805209060971962,0.24,0
b631d70f-d341-4f63-8043-5757cbe1bf4b,0.007570777676306674,0.002087671657973195,0.148,0.024,1.0,0.0,0.02,0
6c4cdeb9-4d32-4a51-b65a-218eb5b9d572,0.9940740565129063,0.06985707666062244,0.336,0.236,1.0,0.7682566483748448,0.26,0
3a484c26-dece-4670-adba-8312fba1e77f,1.631828515214015e-05,0.015864619256973356,0.156,0.076,1.0,0.11805209060971962,0.14,0
6bc610dd-45f4-49f8-8329-0d0a0131017a,0.04373263889068512,0.03125775864026593,0.196,0.116,1.0,0.5762434889183949,0.14,1
9fd92e6c-5a97-47a1-ac49-483b1711def7,8.097854436641729e-06,0.028969104393278572,0.252,0.132,1.0,0.7206591244466356,0.2,0
f3aea467-2497-46df-bf2a-f2f30762d005,2.2264537537601503e-15,0.0012066182394140982,0.1,0.032,0.0,0.103249097472924,0.0,0
37a6eb3f-79a0-4da3-83a3-37ae488ee6d9,0.4701958074000741,0.03719798766540233,0.276,0.192,1.0,0.8530038346825718,0.1,0
fd9f0558-60d1-4eae-876f-64294e1411de,3.3429590850962026e-08,0.0024676163087519747,0.128,0.064,0.0,0.0,0.12,0
ac150717-b53d-4939-8bfc-8e824b0b6c59,0.0002645623805809041,0.006369303901208499,0.176,0.044,1.0,0.3973799126637543,0.14,0
0a9503a7-6dd7-4330-93ad-6623e099b6aa,1.036640627358086e-07,0.08135634097889963,0.164,0.096,0.0,0.13247374441093848,0.16,0
aad1b699-85c6-433d-bea2-31e557d14d19,0.01000461166905806,0.02149260732995694,0.064,0.024,1.0,0.0,0.08,0
b1887ce6-cba8-44f6-a8dd-8e73cf371c74,0.9364727392170683,0.34915122842538493,0.444,0.308,1.0,0.08708133971291877,0.2,0
5206b9ba-1306-47dc-8abf-23aa72d691b7,0.19588112766485713,0.011833913151163687,0.16,0.112,0.0,0.0,0.08,0
5a870d7f-4847-4fc5-8109-d0d2b27e75b3,0.002777774405061837,0.012973380839918829,0.08,0.036,9.130413414853122e-10,0.7206591244466356,0.02,0
5f76840c-7bc4-47b8-ad5f-16a6065bc0c0,0.4410825896336832,0.02549028823591931,0.188,0.1,1.0,0.3973799126637543,0.12,0
ec4d8385-7b0c-40c2-be8a-12ef0b1376ca,0.00023182273968750793,0.0010079070303450428,0.048,0.012,0.0,0.103249097472924,0.02,1
f43122e5-a2a8-4c7b-a75d-a5ba1d4607b5,0.00138425267993556,0.0014062882108702296,0.028,0.028,1.0,0.103249097472924,0.04,0
f0e26aca-f082-4c6f-8f21-2c8f45077e2f,4.381482555886156e-07,0.002476047541843858,0.132,0.072,4.819127199150076e-151,0.0,0.04,0
0c1ca0d0-a3b9-4ba7-99a2-0ae86a249c01,0.0002665209088192417,0.002665543204364835,0.064,0.032,0.0,0.103249097472924,0.02,0
8d858c96-c749-4de2-b9b2-ca9f5eb4bd07,0.9289250230573038,0.010269777208639997,0.2,0.144,1.0,0.0,0.2,0
b374a29e-4786-465a-974b-f8141fe786bd,1.1908400483525754e-05,0.006947750210851442,0.13527272727272727,0.03928,2.698336001636791e-286,0.103249097472924,0.08,0
92075108-1c86-4a98-85ac-11ef04f9e932,0.07547259313257841,0.009732142584601191,0.2,0.128,0.0,0.11805209060971962,0.16,0
1bc6b19b-3605-44af-a4f4-b1ba252e1e35,0.25421723183926415,0.006974351165131268,0.124,0.04,1.0,0.5762434889183949,0.02,0
9fa87984-4095-42a4-abbf-c20fe7d82f11,0.9900170549131521,0.02218891538956796,0.14,0.056,0.9999999999979536,0.0,0.12,0
bbdff33e-4339-4c0f-b70a-e6d6d906bd1f,0.06203135988006659,0.001897011199720529,0.156,0.108,1.0,0.0,0.14,0
6a42566e-5ed1-46d3-b589-9395770bfe99,6.669583594300629e-06,0.0007721059663134222,0.052,0.032,8.566698288195615e-45,0.103249097472924,0.04,0
27b30946-1bed-4565-9cac-61fe47472aef,0.053260246949748166,0.10505554379284743,0.34,0.168,1.0,0.7238636363636366,0.2,0
2ff8756e-c79d-4894-9f61-459d7b3c6325,0.7965173321433551,0.0821539419213837,0.288,0.196,1.0,0.0,0.24,0
651bd857-ea80-40ce-a0a4-d5f5be59c3a6,0.2317075645774788,0.12331244271400081,0.46,0.244,1.0,0.7620096959012786,0.34,0
cf6a3737-45d9-41ea-885f-caa57e1e68c9,4.264614953953512e-05,0.01702569997153354,0.136,0.052,0.9999999978142569,0.7206591244466356,0.1,0
10316e49-8362-4388-b855-e2f66e44e12c,0.04867223493390543,0.27383952888025004,0.332,0.152,1.0,0.8530038346825718,0.18,0
192ef901-0b07-4f05-8e9e-05b2494250fe,0.01956959036679139,0.16720936885271812,0.284,0.16,1.0,0.7682566483748448,0.26,0
907b1997-8de7-4aaf-ae63-601fa5a1de21,0.4326246443558861,0.6672530389151982,0.396,0.2,1.0,0.7206591244466356,0.22,1
d8ce5972-bf3e-420d-9f41-9050bb13a7b5,6.129184839792973e-07,0.000638523906287936,0.08,0.032,1.0,0.11805209060971962,0.06,0
aaa36a22-60a5-4302-8a85-04782b48f94a,0.004712079841611165,0.019546156355401502,0.144,0.084,0.0,0.13247374441093848,0.04,0
9c1e2d80-f788-47cf-93c1-474e80e895a6,1.69867536710771e-07,0.008210587344940531,0.176,0.076,1.0,0.11805209060971962,0.14,0
e7581820-fba8-4105-89a6-86523e2785ce,0.734673857060674,0.13440043147848052,0.34,0.156,1.0,0.13247374441093848,0.26,0
2f057304-3629-485d-9646-c068f09a67e5,4.2885860491626265e-07,0.002793811538281287,0.068,0.036,1.0,0.103249097472924,0.02,0
dc65b79b-4cf7-47a0-808e-b8fedeff7c10,0.003621831426280528,0.038388232667393406,0.156,0.084,1.0,0.3973799126637543,0.1,0
0f2e4772-a5fb-44a7-a3cc-8d25a8d96d92,3.547620287322876e-08,0.0012315023711679171,0.16,0.06,0.0,0.7165354330708658,0.08,0
d457c74c-571a-4afa-9b96-65c24874e0f6,0.007609939517156477,0.002350977715180814,0.172,0.08,1.0,0.0,0.1,0
3726ea62-3d8a-4434-ab6a-88971f49b638,0.37656616288870276,0.14445830590258593,0.34,0.176,1.0,0.103249097472924,0.24,0
fc3f2807-b216-4142-825c-77d3afe0ff0d,0.01039870348956072,0.0031660231615199767,0.108,0.052,1.0,0.7206591244466356,0.08,0
9e8771d7-2936-4ed2-b7cf-6158b388b721,8.216607919064587e-09,0.0019870775044437826,0.06,0.02,4.5064049084579606e-86,0.103249097472924,0.0,0
365d49cb-2010-4f61-b2d8-9291150a0152,0.07832706627462996,0.007180878212591301,0.304,0.112,1.0,0.7206591244466356,0.22,0
721ff18e-8528-48d1-87e0-5c8ba65183ff,0.9193694861161962,0.0017550312172501833,0.112,0.088,1.0,0.11220715166461197,0.04,0
9be6f3dc-ceb9-4d4c-9e46-d197a9222c19,0.03356785561982626,0.004330885353218075,0.108,0.06,1.0,0.34732824427480924,0.1,0
5c2ff907-ae03-43a3-9a2a-1632d9b5eb38,6.200315223901153e-08,0.0007213651134403561,0.032,0.004,1.0,0.13247374441093848,0.04,0
dd02df5d-a481-45e0-97db-bb25c953a218,0.7527055158250083,0.04603663023633026,0.304,0.176,1.0,0.103249097472924,0.22,0
ef5f56d5-a5d6-4fc6-aeaf-38686ef742ec,0.002012262957042518,0.00683490065289288,0.14,0.072,1.0,0.7626737530662306,0.14,0
8b7f5657-5736-4444-a8f6-deb1ade437fe,0.12216401521840155,0.009288568386566335,0.116,0.08364,0.0,0.0,0.04,0
0e6c2c90-a673-4cf1-84e3-62295b6183ec,0.00529709800516851,0.0026590213003578516,0.052,0.02,5.557500445216298e-122,0.7206591244466356,0.0,0
af45a8c2-493b-4e41-8529-fa84a9684c69,0.000122473445334087,0.009591190000248832,0.1533846153846154,0.05964,1.0,0.5762434889183949,0.1,0
057b4a02-7d6e-4aa1-bf64-86cc96aa0836,0.27188333390480085,0.01899421979998469,0.248,0.124,1.0,0.5762434889183949,0.26,0
70f6a352-a8d2-4dbd-8c56-8f769e1a34f5,0.012366550961064945,0.006496625823627044,0.14,0.068,1.0,0.0,0.1,0
775de072-ec9a-41cd-90d7-484828b55e96,1.488389526136962e-11,0.0008030581648330547,0.096,0.016,1.0,0.11805209060971962,0.12,0
96bbf309-5cf5-4d0a-945d-2fbdd2ab182d,0.16885775950391463,0.030182694337860434,0.144,0.068,1.0,0.11220715166461197,0.12,0
73e2d86a-a3b8-48cf-a172-b732b58b143d,0.00027199430529986456,0.005224039519008749,0.084,0.044,4.195706146862305e-146,0.3473282442748092,0.04,0
2cd4393a-cecf-441d-98f7-50758cedabe0,0.02094283045563591,0.004697313629741294,0.192,0.072,1.0,0.103249097472924,0.1,0
2dbeb593-6648-4568-92a5-4b0e9f631553,3.8424485933729595e-09,0.0008449339432906743,0.072,0.028,0.0,0.678092399403875,0.02,0
8f587618-2e59-4b52-94e3-626bfc29e2f6,0.9347558926480496,0.012547071076680294,0.172,0.104,1.0,0.11805209060971962,0.18,0
2054a672-8412-4b35-aa3f-db058c302b0a,9.584861787381415e-05,0.0016145767094274182,0.076,0.048,0.0,0.7206591244466356,0.04,0
1ecd16f5-ff1d-40f1-bdc3-3fc7b9ecb569,0.0005057787839690061,0.015069020874029159,0.216,0.116,1.0,0.0,0.14,0
0ab1310d-8679-4b56-a17a-2a55f17b0c67,0.9075504236669844,0.23927264117565641,0.264,0.14764,1.0,0.29979726305119253,0.08,0
78f57260-8077-4b58-ba3c-9bb1bfedca43,0.4385039366181003,0.6988683637375676,0.432,0.152,1.0,0.7206591244466356,0.08,0
1d059554-c614-4c6c-a54d-4f31da8a4822,0.7729824847335888,0.01850099876631149,0.296,0.184,1.0,0.7682566483748448,0.14,0
e9b24348-22e3-4cac-bd0f-96b28fd7c319,1.3394422161527457e-05,0.0033444761452416875,0.104,0.052,2.832165257637268e-16,0.13247374441093848,0.04,0
340442dc-80aa-445d-9a90-1a14aab34a3e,0.009460926844971393,0.0061273105249022,0.108,0.1,1.0,0.0,0.14,0
c9c9cfd0-a4fa-4aa0-9d93-1877a64e00d6,0.002191898975142217,0.029262469425342268,0.328,0.192,1.0,0.7682566483748448,0.18,0
e907f915-507b-409e-bbc6-5a63d4fa1f0f,0.5679034132266884,0.0028824993658658734,0.10878571428571428,0.08776271186440675,1.0,0.0,0.1,0
182f250d-4bfc-4f4e-b081-e21523c27613,0.9979498570785994,0.008198867383330647,0.18,0.068,1.0,0.7878787878787872,0.06,0
e27c4e73-e9a8-4201-bcf3-0478b430d02a,0.18737318532737582,0.5294984677864437,0.556,0.444,0.0,0.7691281138790024,0.3,0
6d2ca271-58a2-4776-9cb4-6edc7c71d5ff,0.9231177210408092,0.010768060103612222,0.168,0.06,1.0,0.20177383592017717,0.12,0
a1003c1e-6ba4-4040-a9b2-4bf28dabc4bc,0.0017637057704441336,0.0025822671335729713,0.132,0.084,1.0,0.7206591244466356,0.18,0
bbec53b3-2b98-400c-9c9c-0e2cdf523239,0.2089547544011706,0.01924777803637198,0.3382857142857143,0.18,1.0,0.08708133971291877,0.26,0
e133860e-e1fb-4ba0-89b2-c0f9d19595c3,0.9052522997360114,0.6693585127340569,0.472,0.444,1.0,0.7206591244466356,0.32,0
0dfbceab-9c0d-484a-b143-921df099e8b2,0.7169453534281304,0.0626611659752816,0.356,0.256,1.0,0.7206591244466356,0.24,0
b2bba26b-ddc5-4c23-a3df-048eb6cd067f,0.008230815720633682,0.0023541409789989173,0.14,0.088,1.0,0.0,0.14,0
8415d672-65d8-4d2e-886a-777e8ab747fa,1.502127456806579e-08,0.015320493888769783,0.096,0.068,0.0,0.11805209060971962,0.16,0
b622744c-1f75-4786-b599-d3f3f43ec879,5.188489971336614e-06,0.16707393122217581,0.184,0.132,1.0,0.5762434889183949,0.22,0
1b6af33d-d1ca-47a2-bfbb-2d3f6a8cfec6,0.6959099070537067,0.0011986487024318176,0.08,0.044,1.0,0.13247374441093848,0.16,0
2afe504f-4381-49e9-bada-1fbc625c4844,0.9489327930900359,0.5740604986855578,0.592,0.348,1.0,0.7682566483748448,0.32,0
81fd2d9d-ce58-4288-b9bf-041f6e48b457,1.0455604940993246e-10,0.0025082514110184788,0.08,0.032,0.0,0.11805209060971962,0.04,0
87d2f138-8a75-4966-b6aa-d918aabfe42c,0.2939426221116981,0.0054754104160950525,0.212,0.092,1.0,0.103249097472924,0.12,0
8bcc75df-5b3b-440a-ad50-1bf06b5b24c5,0.6103314719876266,0.9124247868236949,0.9080182373182376,0.9099999999999971,1.0,0.5762434889183949,0.06,0
26de9910-e292-4576-a020-633f7b1f63c0,0.004869306336676971,0.005341772930931519,0.124,0.064,1.0,0.103249097472924,0.06,0
9e2ca1f3-8be5-43db-8fa5-01c9d8957fd6,8.199775196473936e-07,0.004550590476266175,0.092,0.052,0.0,0.0,0.08,0
a12670a1-4ff7-4dfc-bc42-c0d91e7d6553,0.010517612049251267,0.18843581759142786,0.272,0.148,1.0,0.7206591244466356,0.22,0
8c4f1a76-cbd5-4cb4-9660-6abaea497705,3.2246951722465616e-06,0.001195465043786094,0.104,0.044,1.0,0.11220715166461197,0.02,0
232c6882-8b2d-4ec1-bc50-a497b2f2fab7,9.409511723967808e-05,0.019201748505892,0.144,0.056,1.0,0.103249097472924,0.14,0
1dbfaf4d-5295-46b3-b771-f59bc1585165,0.000573656523226904,0.0005096358509716427,0.024,0.024,2.283528929079313e-52,0.103249097472924,0.02,0
4c0fd7e6-5970-417f-8986-025c0042e043,4.122632955279621e-13,0.002976211343623426,0.116,0.044,0.0,0.29979726305119253,0.1,0
38bcb380-c19c-4a8b-98ac-2afe46877ae7,0.05734728057796128,0.008470531254113919,0.212,0.104,1.0,0.6447368421052646,0.16,0
a53fdad3-2eef-4818-8bc3-6f5a1453f452,3.798689335208683e-16,0.0032564095044355723,0.088,0.048,0.0,0.13247374441093848,0.04,0
fc3f4ca1-b00a-4c7f-92d0-0ee452a80d6a,0.0008115718749145346,0.03180341498353125,0.192,0.08,1.1147303504115495e-271,0.7206591244466356,0.08,0
57a0a95b-3fe0-4ea5-857e-b1be0e1f74ff,0.9802184271320805,0.20621155126481022,0.176,0.084,1.0,0.0,0.1,0
e968aa7f-8bef-4702-8018-1ff9a4612171,5.511169951276518e-09,0.010797923760831253,0.104,0.032,0.0,0.37295081967213084,0.1,0
9bf4e7b5-e977-4417-957d-cdadaf406b79,8.437993255605227e-11,0.000646466684325057,0.1,0.03508474576271186,1.0,0.11805209060971962,0.1,0
1a9f22c5-6a4b-445e-866e-794a49be681d,0.013047120645062804,0.045980951827101976,0.336,0.216,1.0,0.103249097472924,0.24,0
02babbe2-196e-4963-8f1b-e1b2a194b2bd,0.9790338529931767,0.010061276477361119,0.188,0.072,1.0,0.29979726305119253,0.18,0
5ac8948b-93c4-4116-a21e-11cf6c52093a,0.0008784112621810462,0.0007413689077405845,0.004,0.016,1.5446405963611508e-62,0.13247374441093848,0.02,0
d3aea636-886d-4b01-abef-b87b6544ec0d,9.80703240603056e-07,0.005582979386385707,0.132,0.024,4.490943124516e-312,0.11805209060971962,0.06,0
61112f2b-d957-44c5-83ee-4f293c4122e4,0.11773292290179992,0.007047646803438606,0.084,0.056,1.0,0.103249097472924,0.2,0
6a2076b3-660f-498f-8982-e64ae4ebb214,0.3543381144866575,0.33597746990433275,0.42,0.332,1.0,0.7663157894736834,0.2,0
e1ae218e-a14a-415b-99d9-97229fd9866c,0.9246495863029707,0.0033043684190503264,0.104,0.068,1.0,0.103249097472924,0.1,0
683e9351-46dc-44c1-ab38-44b353f25477,0.8293246174696474,0.042972902698202656,0.248,0.088,0.0,0.0,0.1,1
b3a03d85-d105-4a2b-a195-3221461651be,3.3116433467962784e-09,0.00018770212204589822,0.108,0.036,0.0,0.0,0.06,0
a7e5d073-54b5-4250-967e-41ef5dfb5aef,8.258566910189361e-07,0.00504429922275863,0.076,0.04,1.0,0.0,0.02,0
50d0cbc9-f68a-4ce7-8921-9c68f43c983f,0.004407343694596801,0.00618102037159673,0.176,0.084,1.0,0.0,0.14,0
3bad7237-e507-4ea6-80b2-6fe6b6dbf5f7,6.16121099504632e-14,0.0018331154112611945,0.092,0.056,0.0,0.11805209060971962,0.04,0
9b1eb9b5-b7a7-4763-b1f1-8950a2a99855,8.476590355976527e-10,0.0004827343082211383,0.04,0.024,0.0,0.103249097472924,0.02,0
230c3202-a60f-47af-a6d9-b8328850b91c,5.218760806089301e-05,0.0021138429345694113,0.016,0.024,1.0,0.11805209060971962,0.06,1
ecf9b3ec-e54d-4e0e-ba48-618597fe7548,5.010954134071669e-05,0.0071857505715437735,0.156,0.112,1.0,0.0,0.18,1
00490a9b-9e03-409f-afba-dc1128d007dd,6.343860077559195e-10,0.0003264877384374721,0.06,0.028,0.0,0.11805209060971962,0.0,0
ee714ef6-78d6-413c-9ed3-98af675b3a53,0.8731154956199028,0.0758617372684452,0.256,0.084,1.0,0.13247374441093848,0.22,0
14f2b6f9-ab07-4652-8b0f-db574acf0431,3.1395723486431856e-06,0.0008003953251061633,0.028,0.036,1.0,0.0,0.08,0
b995bf6f-3bb4-4897-b930-87920ad99d23,9.26773112122932e-05,0.0014742518112163406,0.116,0.076,0.001901657572227915,0.13247374441093848,0.16,0
7de95108-d8cb-48c4-85ec-bbb3d58c13fe,0.0021899255812503145,0.03350796476585227,0.152,0.068,1.0,0.7691281138790024,0.08,0
acc0cfa6-2609-4f70-9084-ca337df8959b,0.08500339631747238,0.004471238667208146,0.04133333333333333,0.02,1.0,0.103249097472924,0.04,0
c026b452-7cf3-4ffb-8335-b3cd2934e8a3,7.356332771993707e-10,0.13243983518883237,0.224,0.18,0.0,0.13247374441093848,0.14,0
ff174268-ca5d-4fb3-a456-c3374070636d,0.0026466066001464726,0.0012301580040608474,0.06,0.04,7.017095584529934e-76,0.11805209060971962,0.0,0
44a2f8ea-eaa5-4a72-8048-9a2a334129ff,0.007078605504911437,0.015512659241309634,0.136,0.072,0.0,0.11805209060971962,0.1,0
9af6be3c-bfdf-44a8-a3a4-e0b0ed5f26c0,2.8253391402169086e-07,0.00225383598010148,0.108,0.036,0.9999999995252438,0.0,0.06,0
25f950ab-2e5f-41f8-9b34-2e586a0190a0,5.8521630712889286e-08,0.0026306430078874587,0.064,0.056,0.0,0.13247374441093848,0.06,0
42f10dff-f43c-4235-95d0-2119062ae6c3,0.00876445342307151,0.010707899532853681,0.168,0.12,1.0,0.29979726305119253,0.16,0
6c67f5b9-e493-450e-922d-b40d3f993165,0.07658488630487383,0.01301333048949424,0.14,0.088,1.0,0.0,0.2,0
5a58a88f-0781-438b-b447-23bc9132a9cc,0.012408585259595855,0.021760274108496593,0.104,0.032,1.0,0.29979726305119253,0.08,0
8f443431-64f2-4fa5-a816-3f8e64dc9605,0.0007150700253823009,0.05170932275078093,0.292,0.152,1.0,0.858490566037736,0.12,0
4f348052-ac3e-4ff4-8495-83c62dfd8a61,0.010910549275739343,0.009652930474964357,0.168,0.08,1.0,0.7206591244466356,0.08,0
8102869e-6b37-40c8-b147-6f9a9d4bbf8a,7.993433949091433e-08,0.0014333869681756525,0.076,0.024,6.6920661311692e-113,0.11805209060971962,0.02,0
92d9f5a5-7dcb-4c03-b36f-88e737b9889a,2.0064087745736105e-06,0.003574669184116484,0.148,0.08,1.0,0.5762434889183949,0.1,0
182c9eef-5eb5-4263-b3b2-744cc5000168,0.0002951183216056008,0.04802305629218565,0.18,0.124,1.0,0.5762434889183949,0.08,0
e82dcdbe-7e0f-4e85-9ed2-8f375f61b31d,0.0666008734596728,0.018609250764177798,0.148,0.1,1.0,0.4572864321608039,0.12,0
e6ffa195-fd69-4aa4-9fd5-116e4a73f3e1,0.9891460969052056,0.026688161660035393,0.192,0.132,1.0,0.7626737530662306,0.2,1
f921f066-ff11-4294-85c1-d9faa4e50437,1.1345391767612132e-06,0.0683989302007912,0.164,0.08,0.0,0.5174654752233955,0.12,0
86369b08-f32f-408b-9925-807b9860de64,9.89475154747111e-06,0.006750986841031004,0.032,0.012,9.315291892003742e-07,0.13247374441093848,0.02,0
87dc7a96-dd3a-4748-938f-96ed9d9950ea,0.0007347649501557004,0.003156415118256877,0.032,0.012,1.0,0.103249097472924,0.06,0
68650845-f667-4c18-9c0d-1c3a5e9e47a6,6.995914454124479e-05,0.0021082174539095158,0.048,0.04,1.0,0.5174654752233955,0.02,0
6b6d0753-e3ea-44e9-8870-286ec0640b20,0.3727466216731458,0.07295345347774218,0.24,0.12,1.0,0.7206591244466356,0.16,0
65557141-a220-4d8f-b192-34f0e7f9d5d3,2.286121836183421e-15,0.07516768407940413,0.352,0.164,0.0,0.7206591244466356,0.06,1
4fb9d9f7-33f6-4e35-885e-98b20fbc48d7,0.027656073933980695,0.4190916346435169,0.292,0.168,0.0,0.3973799126637543,0.1,0
fde06a61-8e3a-461c-8a24-12a7ca2f92d5,0.9828799000643088,0.2972986111444214,0.323,0.14328,1.0,0.5762434889183949,0.1,1
40c13867-fd16-48d5-96a0-20e5c12bd31d,0.0012210977863999282,0.5748655589596806,0.424,0.244,1.0,0.7691281138790024,0.22,0
1a4d8770-952c-45d9-8b02-48c62019e372,8.315098239263462e-05,0.001449587275417645,0.136,0.052,1.0,0.0,0.1,0
f171708b-f13c-4216-9a05-de3b5e089e4d,0.9970106878592666,0.16830281803245215,0.296,0.144,1.0,0.4572864321608039,0.1,0
3b707caf-d4f8-4f9e-87dc-49e291e88d49,0.0003777456230290475,0.03277522217098121,0.292,0.136,0.0,0.5762434889183949,0.1,0
4e944420-a29a-4892-9d95-dbaf19f75314,0.11840903123424915,0.0469320400861284,0.264,0.196,1.0,0.7620096959012786,0.28,0
efff18d0-37f0-47dc-8704-a4b1efbed5ea,0.9998277601297401,0.008183252762299774,0.264,0.116,1.0,0.0,0.18,0
2c212f81-8734-40a5-93fd-b596974c1071,0.8291392368804248,0.003967719559538027,0.22,0.072,1.0,0.13247374441093848,0.12,0
38ed98d2-5515-4980-bc08-d6d9a6a8fb5d,0.07890442582108663,0.007521406816336009,0.192,0.072,1.0,0.11220715166461197,0.06,1
6ecd0c96-7449-406c-b8ba-c1fcd30458bf,0.00044793125550949224,0.02900219136770968,0.2,0.08,1.0,0.13247374441093848,0.14,0
d7f9ceea-7803-4c26-ad6b-2b5ea022f9d3,2.630021837295741e-07,0.0020266722102796593,0.072,0.02,0.0,0.7878787878787872,0.04,0
79c817b5-6fe3-437f-8e33-557f3c66753f,0.020310903835486626,0.14614648614185352,0.384,0.216,1.0,0.103249097472924,0.16,0
1473a477-cec1-46d1-b741-fd3b3d2e1db8,8.925148776521059e-05,0.10227483011800369,0.268,0.152,1.0,0.7682566483748448,0.12,0
a54ec6ac-8761-44d0-bab3-07e80dac19f5,2.8493834199903074e-09,0.0009816138830128726,0.056,0.028,1.0,0.13247374441093848,0.1,0
b562327b-b3da-4e03-9e07-953139a379ce,0.0070113204970706396,0.41314227047020713,0.476,0.328,1.0,0.858490566037736,0.2,0
2617e04b-5b56-4388-898e-d7e4e7014dee,0.995613447000654,0.7440041965400103,0.408,0.212,1.0,0.5762434889183949,0.28,0
705d2e79-3cc7-486e-a106-ebe2f22137cd,0.004973417110065763,0.01971617929865713,0.136,0.1,1.7428162380976624e-16,0.7520661157024795,0.14,0
4e11c013-8ffa-44f8-be3c-f6c3801876b1,0.0004978664725616389,0.000952707023194233,0.068,0.012,1.0,0.754739336492891,0.06,0
01f74896-ea71-42af-a7a7-0ab82482fa0f,0.0840346249348376,0.03641113205371607,0.204,0.08,1.0,0.7682566483748448,0.06,0
4d0482bd-f868-444f-9b4d-863377309c8e,2.1644004430135464e-10,0.0026743047663821944,0.06,0.02,7.855016332314443e-274,0.0,0.0,0
7b68365d-2fed-47eb-a624-7c4fccb9b8bc,1.6547872856716488e-06,0.04924727455050901,0.224,0.08764,1.0,0.5762434889183949,0.16,0
cd75f342-adcd-4df1-ace0-5156ad67b087,0.1665274199693364,0.009453897503274782,0.164,0.06,1.0,0.13247374441093848,0.08,0
48c573b4-6ab2-42d6-bd77-3da5f5fb9be2,0.3119760374196716,0.007288944760382163,0.116,0.06,1.0,0.11805209060971962,0.06,0
fb0c1877-33f1-40f0-beba-24f4685aa8bf,0.001427117691570607,0.005365108262569778,0.148,0.064,1.9210264378761508e-54,0.13247374441093848,0.06,0
e8a57aec-d953-4123-af1d-ceb61adace59,1.0292598072692666e-05,0.0009282826074114883,0.092,0.052,2.1935539503197283e-30,0.13247374441093848,0.06,0
abb73198-c4ff-4f33-8d90-eb86666c8d52,0.1780246926549287,0.044015663343707045,0.3,0.172,8.581342843986435e-102,0.7206591244466356,0.24,1
a6d19e0d-cb15-4096-a066-6223669266c5,0.0020290126475332954,0.10538122616565176,0.20533333333333334,0.08728,1.0,0.5762434889183949,0.08,0
681b0beb-0608-49cb-9ca0-bee56790faf5,0.11635128357619381,0.0011037824172635765,0.068,0.052,1.0,0.11805209060971962,0.04,0
ecdb07e5-abf0-4256-9c2c-13680333f656,0.019723623765067252,0.007681971823872629,0.22,0.096,1.0,0.103249097472924,0.12,0
b2b48e1d-2c2c-40e8-9908-b5d4613c78da,0.01530713566118192,0.01664182567525515,0.14,0.088,1.0,0.11220715166461197,0.1,0
75878226-8cb8-4be2-a31f-ec1b8191d1c5,0.001252132815878629,0.19499673297766185,0.212,0.16,1.0,0.3473282442748092,0.1,1
87d919e0-413e-4469-8528-cc74f6d71983,0.2645427176893405,0.0013020063930788462,0.072,0.024,1.0,0.11805209060971962,0.06,0
51ee98f4-bb82-41a6-ae8a-54a68d0cc8b0,0.9999996269356548,0.061811001159529165,0.428,0.328,1.0,0.7626737530662306,0.24,1
acf34593-42d3-40a7-982a-c60d4b86bc8b,6.529044133334801e-08,0.016775764660915654,0.152,0.1,0.0,0.29979726305119253,0.14,0
81ab4f46-1b62-4fa4-821a-7f71f814356f,0.04376039677551283,0.0029369331084690272,0.088,0.056,0.0,0.103249097472924,0.12,0
85eb5690-268f-4376-9ffc-56a4c79d6e6f,0.0006317129080479209,0.02007616245184047,0.196,0.108,1.0,0.34732824427480924,0.2,1
0fc53f15-4fe3-4ab8-a29b-1418435bca38,2.1087204570188353e-06,0.0024903653409441397,0.152,0.044,2.467448916487127e-35,0.11805209060971962,0.12,0
f52f9193-7c60-4679-954c-ba21947d81e1,0.00013540594799018766,0.009080455314339222,0.156,0.072,1.0,0.0,0.1,0
08dcea3e-7c13-46bf-8e7c-509a13652ff5,0.1274489197341201,0.03025064882209316,0.292,0.176,1.0,0.5762434889183949,0.12,0
bc3a43b0-9375-4ce1-a463-026984db7a24,2.1976845125963587e-05,0.001814167169534118,0.14,0.084,1.0,0.7206591244466356,0.12,0
24a67a6b-bb1f-4f8d-ab7b-864916873cfa,0.00020353345745159594,0.01106067151650592,0.108,0.064,1.0,0.5762434889183949,0.18,0
d2a31b5d-9a38-40f4-9d28-701c3502757e,0.08016310179084248,0.007225401488104642,0.092,0.024,9.570288136309055e-29,0.13247374441093848,0.02,0
2814e93d-11b4-4293-9e38-f4521c790b77,1.2831281339520783e-06,0.0015573947715752615,0.09,0.036,0.0,0.0,0.04,0
aed2f740-270b-4fbc-a4ac-f74b13fd214c,0.0009646132058223845,0.08450963937297103,0.124,0.04,6.565886193794487e-43,0.0,0.06,0
9717146f-927a-4741-830b-fad357433fd6,0.003279709408099939,0.589640699921107,0.52,0.256,0.0,0.8530038346825718,0.28,0
639c9cde-ba79-446f-aa44-00ded129acf2,5.910800720956776e-06,0.003527763339565653,0.136,0.056,1.0,0.13247374441093848,0.12,0
98b730ac-8142-4e83-b3f3-8ff89dae91d5,0.3586965837201592,0.009230342110279888,0.156,0.14,1.0,0.103249097472924,0.2,0
5fa209f2-7694-4431-af2a-81c3108d867a,0.5239878102515371,0.025701417244012426,0.184,0.128,1.0,0.7620096959012786,0.16,0
9c4270fb-eb68-48e6-b1cf-5639e7d08bcc,0.026921244075791856,0.0012798318097406336,0.072,0.028,1.0,0.13247374441093848,0.08,0
236ea2f2-b1a9-40b5-bbed-7403110c8ae0,1.3806204165541774e-05,0.001761393212453748,0.076,0.036,1.0,0.5290697674418604,0.06,0
02bbf702-6d8f-4e5c-95d9-d6cad0ca47a7,0.05061061554353915,0.007132150634047864,0.188,0.096,1.0,0.0,0.12,0
8ef43e9f-b6bd-45ff-8541-c4db3dbae9a3,0.0028619076860036015,0.0053372880281369476,0.088,0.04,0.0,0.5762434889183949,0.04,0
3e0e462c-d56d-4a24-a374-77ea9fa1b5a4,1.013148493396687e-09,0.0002213491547363257,0.088,0.02,1.0,0.6667952178943308,0.1,0
4209cf2d-ba27-41c6-8fa8-aa3458332ea5,3.931395155873733e-12,0.001228736546043624,0.052,0.024,0.0,0.103249097472924,0.04,0
e6a246a1-4080-48d0-ba59-90fcf48df88d,2.4490439995842167e-05,0.006756346970845406,0.168,0.092,1.0,0.5762434889183949,0.22,1
92fbb9d1-d458-421d-8610-cd187086b9e6,0.022559828455339194,0.015779835572781956,0.172,0.1,1.0,0.0,0.18,0
243522f4-8b6b-44f3-b52b-a7e8688068a4,0.3583243719957917,0.05657543482351818,0.34,0.104,1.0,0.29979726305119253,0.16,0
816b56a3-18db-45be-8f06-79d59e327e9e,0.03493830847416733,0.07961649838825711,0.316,0.136,1.0,0.7238636363636366,0.14,1
942c0371-5187-4fd8-a3a7-f723b03a7b1c,0.07803244454767636,0.004532918537666993,0.0635,0.036,0.0,0.0,0.02,0
675934a5-351f-4850-8cc5-e50cefcb5335,4.5603457529990745e-05,0.015522273955917019,0.156,0.152,0.0,0.103249097472924,0.16,0
09bf5f2f-58d3-4811-9c25-cce7a3b867f1,1.3630183908715666e-11,0.0039596348364068145,0.104,0.056,0.0,0.11805209060971962,0.08,0
3665804c-fd06-4582-a638-4edfda3e595a,0.00030611464973425584,0.01023985770689757,0.14,0.06,1.0,0.5762434889183949,0.14,0
54530dc0-5742-44ae-8a4d-323b35248d3b,0.5150794196448666,0.5763370131365633,0.384,0.21963999999999997,1.0,0.5762434889183949,0.22,0
29ce3571-3f4d-4d5f-b272-3bf2c050932c,9.111173291148453e-07,0.0014551261942711137,0.148,0.068,1.0,0.7520661157024795,0.04,0
24a57bb4-1c8d-4971-9c23-d19d4bbbbd34,0.49507000313942606,0.008038408878828285,0.16,0.068,1.0,0.5762434889183949,0.26,0
44b056a9-f902-465a-8f69-9709143f0ec1,0.7670132796663756,0.04496255475169059,0.224,0.132,1.0,0.7691281138790024,0.34,0
19deac6e-6286-45eb-999f-318dafb70d43,0.011898353095303007,0.03861664118400924,0.28,0.144,8.414077699660441e-55,0.7206591244466356,0.12,0
38bea693-bd25-4181-8e2e-731aa0f93b31,0.00016548515479291941,0.0027238904254790358,0.152,0.04,1.0,0.0,0.16,0
25ef02d5-d402-4348-8a32-5dba3352ca47,0.0002488312072907968,0.04712342028792131,0.244,0.14,1.0,0.7206591244466356,0.2,0
7288a809-3c95-4443-92dd-1623526be041,3.405305022988829e-05,0.0021384209441002687,0.08,0.032,1.0,0.0,0.02,0
7677ba2b-13a0-4ec8-8d2b-53cc05e38acd,0.0016205706913927206,0.10788543819586624,0.408,0.22,1.0,0.7206591244466356,0.18,0
8b72a3f5-7892-49a7-ae2b-0c629046e670,0.23252108986659925,0.004307345693736487,0.076,0.052,1.0,0.13247374441093848,0.08,0
5f9f2dac-eb6a-44da-9273-73c53f47f0c3,1.3989655968763372e-05,0.08007119888576736,0.16,0.08,0.0,0.0,0.04,0
6596fedd-c2e5-4645-bef6-ce12a6fdade4,0.9741173240971932,0.05191767516768305,0.208,0.116,1.0,0.7691281138790024,0.28,0
73eea6ae-5980-4f05-bd90-fc2fe05fb15a,8.493190973625518e-05,0.012870300072581926,0.132,0.044,1.0,0.7626737530662306,0.08,0
d3543c4c-8ce7-4283-a35d-e834d6c8b085,0.905301442627043,0.015913164396333848,0.16,0.116,1.0,0.7691281138790024,0.12,1
3e7a39d7-e946-4331-8c1b-da4bc1dee930,8.331094684551661e-05,0.000510760847546295,0.056,0.016,0.0,0.13247374441093848,0.02,0
ef1aece9-5e52-4685-a341-0303de604f0c,0.06445210558086578,0.005211035653259912,0.152,0.072,1.0,0.7520661157024795,0.12,0
2284e520-f4d1-4843-afbb-c9beb71e637a,0.17931672651280484,0.002976182361969344,0.156,0.112,1.0,0.7691281138790024,0.14,0
04e79618-c1e4-4ed6-a2a5-da343eff38cb,0.04204906365016524,0.0066879695301741825,0.10342857142857143,0.068,1.0,0.103249097472924,0.08,0
62b28e1b-5cec-483d-a884-43988647aa97,1.819718889120321e-06,0.05608463858041592,0.22,0.064,0.0,0.7206591244466356,0.06,0
7d341d82-a56b-4138-887f-7b8041fc5188,2.1494692286936927e-07,0.0116535743475029,0.132,0.072,1.0,0.6447368421052646,0.1,1
bcee0842-0114-44c0-bbf7-9720b241bd75,0.0274777401009203,0.0015748459791170453,0.048,0.012,5.3736349637842094e-42,0.11805209060971962,0.0,0
3bef2fdc-9900-4571-9470-897cb7477290,0.005443925924131992,0.02916077911389586,0.128,0.052,1.0,0.0,0.1,0
